# Blender 5.0.1
# www.blender.org
mtllib g0601_obj.mtl
o g0601
v 59.006355 52.554581 121.510643
v 58.965324 52.554581 121.485291
v 59.620228 52.554581 121.477562
v 58.887604 52.554581 121.459801
v 58.834972 52.554581 121.455132
v 59.620228 52.554581 116.500000
v 58.926216 52.554581 121.469070
v 42.839043 52.554581 116.500000
v 56.416931 52.554581 121.464508
v 57.138279 52.554581 121.482994
v 56.989952 52.554581 121.436615
v 56.828114 52.554581 121.412575
v 56.751938 52.554581 121.410255
v 56.577023 52.554581 121.424171
v 59.112473 52.554581 121.653923
v 59.098557 52.554581 121.620140
v 59.121563 52.554581 121.692558
v 58.571316 52.554581 121.621506
v 58.555996 52.554581 121.660187
v 57.087727 52.554581 125.036339
v 57.246006 52.554581 124.968163
v 59.620228 52.554581 131.500000
v 58.791325 52.554581 122.035004
v 58.834972 52.554581 122.038460
v 58.888508 52.554581 122.033607
v 58.928230 52.554581 122.024323
v 59.072117 52.554581 121.577507
v 59.041096 52.554581 121.540657
v 57.914036 52.554581 123.881477
v 58.705132 52.554581 122.009117
v 57.845814 52.554581 124.174919
v 58.748184 52.554581 122.026108
v 57.742382 52.554581 124.431686
v 42.839043 52.554581 121.477562
v 56.279675 52.554581 121.523529
v 56.123337 52.554581 121.623260
v 57.958706 52.554581 123.340569
v 57.959972 52.554581 123.248596
v 58.667671 52.554581 121.986595
v 57.940392 52.554581 122.819435
v 58.628506 52.554581 121.953285
v 59.099869 52.554581 121.872276
v 59.113434 52.554581 121.837967
v 59.121845 52.554581 121.800598
v 59.126640 52.554581 121.746796
v 58.598995 52.554581 121.919075
v 57.885963 52.554581 122.472717
v 58.574928 52.554581 121.880707
v 57.803204 52.554581 122.200752
v 58.558491 52.554581 121.842453
v 58.781967 52.554581 121.459846
v 58.740772 52.554581 121.470284
v 58.702911 52.554581 121.486389
v 58.661755 52.554581 121.511971
v 57.384785 52.554581 124.879173
v 57.515694 52.554581 124.762199
v 57.625854 52.554581 124.628159
v 58.968132 52.554581 122.007637
v 59.003445 52.554581 121.985733
v 59.039944 52.554581 121.954781
v 58.628880 52.554581 121.540627
v 58.597599 52.554581 121.577705
v 58.548012 52.554581 121.800323
v 57.672462 52.554581 121.940346
v 58.543304 52.554581 121.746796
v 57.560646 52.554581 121.786652
v 58.546791 52.554581 121.703308
v 57.436924 52.554581 121.663048
v 57.298592 52.554581 121.563126
v 55.726597 52.554581 124.312431
v 55.822865 52.554581 124.520012
v 42.839043 52.554581 131.500000
v 55.939140 52.554581 124.693901
v 56.053524 52.554581 124.817513
v 56.638596 52.554581 125.084282
v 56.751938 52.554581 125.089745
v 56.928589 52.554581 125.076042
v 59.045971 52.554581 121.948624
v 59.077702 52.554581 121.909561
v 56.174366 52.554581 124.912819
v 56.326763 52.554581 124.999084
v 56.474819 52.554581 125.052971
v 56.005638 52.554581 121.729454
v 55.900131 52.554581 121.860107
v 55.798557 52.554581 122.028923
v 55.755619 52.554581 122.119934
v 55.671028 52.554581 122.367897
v 55.602955 52.554581 122.773811
v 57.729458 52.554581 124.457420
v 55.581768 52.554581 123.248596
v 55.599670 52.554581 123.691330
v 55.649899 52.554581 124.045433
v 60.652279 52.554581 121.500000
v 60.652279 52.554581 124.641029
v 60.113819 52.554581 124.641029
v 60.966381 52.554581 121.500000
v 60.319248 52.554581 125.000000
v 60.966381 52.554581 125.000000
v 62.806126 52.554581 123.613182
v 62.966019 52.554581 123.810486
v 62.806126 52.554581 124.057693
v 63.087437 52.554581 123.920853
v 63.160892 52.554581 123.972855
v 63.355000 52.554581 124.052948
v 63.519230 52.554581 124.090042
v 67.338181 52.554581 123.613182
v 67.498070 52.554581 123.810486
v 67.338181 52.554581 124.057693
v 67.619484 52.554581 123.920853
v 67.692947 52.554581 123.972855
v 65.718399 52.554581 124.060555
v 65.836586 52.554581 124.010635
v 67.024078 52.554581 124.057693
v 65.949829 52.554581 123.939339
v 66.048088 52.554581 123.851097
v 70.481880 52.554581 123.939339
v 70.580139 52.554581 123.851097
v 78.839043 52.554581 131.500000
v 70.659904 52.554581 123.750755
v 63.688137 52.554581 124.102562
v 63.841087 52.554581 124.089821
v 66.127853 52.554581 123.750755
v 66.191864 52.554581 123.635643
v 67.024078 52.554581 121.500000
v 66.239388 52.554581 123.507919
v 66.285126 52.554581 123.273949
v 66.306129 52.554581 122.885414
v 65.246613 52.554581 124.083588
v 64.284225 52.554581 123.869446
v 65.108971 52.554581 124.043839
v 64.356216 52.554581 123.784286
v 64.965240 52.554581 123.976974
v 68.816277 52.554581 123.869446
v 68.888268 52.554581 123.784286
v 70.129517 52.554581 124.090073
v 70.250458 52.554581 124.060555
v 70.368637 52.554581 124.010635
v 68.373138 52.554581 124.089821
v 68.503143 52.554581 124.056877
v 70.723915 52.554581 123.635643
v 70.771439 52.554581 123.507919
v 78.839043 52.554581 121.477562
v 70.817177 52.554581 123.273949
v 64.502136 52.554581 123.484879
v 64.610909 52.554581 123.657684
v 64.430771 52.554581 123.659309
v 64.735268 52.554581 123.802879
v 64.859367 52.554581 123.909378
v 65.399612 52.554581 124.100861
v 65.440239 52.554581 124.102562
v 65.597466 52.554581 124.090073
v 67.887054 52.554581 124.052948
v 68.051285 52.554581 124.090042
v 68.220192 52.554581 124.102562
v 70.838181 52.554581 122.885414
v 70.838181 52.554581 121.500000
v 70.524071 52.554581 121.500000
v 66.306129 52.554581 121.500000
v 65.992027 52.554581 121.500000
v 67.362076 52.554581 122.986679
v 68.553818 52.554581 123.657082
v 68.484520 52.554581 123.705963
v 68.228035 52.554581 123.785400
v 67.402290 52.554581 123.188385
v 67.448746 52.554581 123.315636
v 63.971096 52.554581 124.056877
v 64.097481 52.554581 124.003006
v 64.204262 52.554581 123.937309
v 68.629532 52.554581 124.003006
v 68.736313 52.554581 123.937309
v 69.778664 52.554581 124.083588
v 69.931664 52.554581 124.100861
v 69.972290 52.554581 124.102562
v 68.751976 52.554581 123.252602
v 68.730377 52.554581 123.375130
v 68.701752 52.554581 123.459991
v 70.507042 52.554581 123.252708
v 70.488693 52.554581 123.364182
v 69.113983 52.554581 122.984428
v 70.465782 52.554581 123.445007
v 70.429947 52.554581 123.520424
v 70.381569 52.554581 123.589981
v 70.324783 52.554581 123.647331
v 70.257027 52.554581 123.697853
v 69.274780 52.554581 123.449829
v 69.202690 52.554581 123.325394
v 69.153122 52.554581 123.191177
v 69.034187 52.554581 123.484879
v 69.142952 52.554581 123.657684
v 68.962822 52.554581 123.659309
v 69.267319 52.554581 123.802879
v 68.774071 52.554581 121.500000
v 69.088181 52.554581 121.500000
v 69.088181 52.554581 122.494888
v 70.524071 52.554581 122.886818
v 70.519447 52.554581 123.097694
v 64.242027 52.554581 121.500000
v 64.556129 52.554581 121.500000
v 64.556129 52.554581 122.494888
v 65.992027 52.554581 122.886818
v 64.581932 52.554581 122.984428
v 65.987396 52.554581 123.097694
v 65.974991 52.554581 123.252708
v 68.406937 52.554581 123.744911
v 68.319466 52.554581 123.772270
v 68.013298 52.554581 123.773209
v 67.898598 52.554581 123.738876
v 67.496719 52.554581 123.405449
v 70.181618 52.554581 123.737862
v 70.095650 52.554581 123.767410
v 69.999077 52.554581 123.784431
v 69.917603 52.554581 123.788460
v 69.784462 52.554581 123.777763
v 69.669067 52.554581 123.747742
v 69.391418 52.554581 123.909378
v 69.497299 52.554581 123.976974
v 69.641022 52.554581 124.043839
v 62.830025 52.554581 122.986679
v 64.021767 52.554581 123.657082
v 63.952465 52.554581 123.705963
v 63.695984 52.554581 123.785400
v 62.870243 52.554581 123.188385
v 62.916691 52.554581 123.315636
v 68.664665 52.554581 123.531731
v 68.613251 52.554581 123.600266
v 68.165504 52.554581 123.788460
v 69.556992 52.554581 123.699318
v 69.454559 52.554581 123.633919
v 69.359657 52.554581 123.552147
v 67.338181 52.554581 121.500000
v 67.338181 52.554581 122.576225
v 68.774071 52.554581 122.800583
v 68.767776 52.554581 123.068962
v 64.235725 52.554581 123.068962
v 64.242027 52.554581 122.800583
v 62.806126 52.554581 122.576225
v 62.806126 52.554581 121.500000
v 62.492023 52.554581 121.500000
v 64.219925 52.554581 123.252602
v 64.198326 52.554581 123.375130
v 64.169701 52.554581 123.459991
v 65.956642 52.554581 123.364182
v 65.933731 52.554581 123.445007
v 65.897896 52.554581 123.520424
v 65.849518 52.554581 123.589981
v 65.792732 52.554581 123.647331
v 65.724976 52.554581 123.697853
v 64.742729 52.554581 123.449829
v 64.670639 52.554581 123.325394
v 64.621071 52.554581 123.191177
v 67.786423 52.554581 123.685364
v 67.677635 52.554581 123.610695
v 67.576981 52.554581 123.514091
v 63.874886 52.554581 123.744911
v 63.787415 52.554581 123.772270
v 63.481243 52.554581 123.773209
v 63.366550 52.554581 123.738876
v 62.964668 52.554581 123.405449
v 65.649567 52.554581 123.737862
v 65.563599 52.554581 123.767410
v 65.467026 52.554581 123.784431
v 65.385551 52.554581 123.788460
v 65.252411 52.554581 123.777763
v 65.137016 52.554581 123.747742
v 64.132614 52.554581 123.531731
v 64.081200 52.554581 123.600266
v 63.633450 52.554581 123.788460
v 65.024940 52.554581 123.699318
v 64.922508 52.554581 123.633919
v 64.827606 52.554581 123.552147
v 63.254372 52.554581 123.685364
v 63.145584 52.554581 123.610695
v 63.044926 52.554581 123.514091
v 78.839043 52.554581 116.500000
v 62.492023 52.554581 124.057693
v 42.839043 68.554581 124.551285
v 42.839043 68.554581 131.500000
v 60.066696 68.554581 131.500000
v 63.954311 68.554581 122.472549
v 64.033318 68.554581 122.209854
v 63.297462 68.554581 121.746796
v 63.169495 68.554581 121.989113
v 63.131886 68.554581 122.011200
v 63.998287 68.554581 124.186043
v 61.143620 68.554581 124.551285
v 62.762535 68.554581 121.908798
v 62.740482 68.554581 121.870064
v 62.717113 68.554581 121.787453
v 62.714130 68.554581 121.746796
v 61.143620 68.554581 121.500000
v 62.952301 68.554581 122.033630
v 62.912861 68.554581 122.024200
v 62.873398 68.554581 122.007820
v 62.835732 68.554581 121.984604
v 62.725666 68.554581 121.830902
v 63.292652 68.554581 121.800720
v 63.283718 68.554581 121.839714
v 63.269943 68.554581 121.873795
v 63.245193 68.554581 121.914284
v 64.272804 68.554581 121.795967
v 63.268345 68.554581 121.618034
v 63.282711 68.554581 121.652161
v 63.005798 68.554581 122.038460
v 64.106186 68.554581 124.447533
v 63.055069 68.554581 122.034233
v 63.095310 68.554581 122.025482
v 63.881172 68.554581 123.279259
v 63.880798 68.554581 123.248596
v 63.900406 68.554581 122.819153
v 63.177647 68.554581 121.511124
v 63.211575 68.554581 121.541008
v 63.244873 68.554581 121.580292
v 64.153877 68.554581 121.963707
v 63.291912 68.554581 121.689644
v 62.800442 68.554581 121.954399
v 62.796036 68.554581 121.949928
v 64.706223 68.554581 121.481209
v 63.005798 68.554581 121.455132
v 64.545654 68.554581 121.560585
v 63.058819 68.554581 121.459862
v 64.394608 68.554581 121.671089
v 63.100712 68.554581 121.470306
v 63.139095 68.554581 121.486755
v 65.263779 68.554581 121.424179
v 65.421715 68.554581 121.463593
v 78.839043 68.554581 116.500000
v 65.560173 68.554581 121.523041
v 65.716248 68.554581 121.622353
v 63.213646 68.554581 121.951889
v 63.208183 68.554581 121.957321
v 63.920731 68.554581 123.843643
v 62.719109 68.554581 121.692963
v 62.729477 68.554581 121.652077
v 62.745998 68.554581 121.613792
v 65.834045 68.554581 121.728310
v 65.939575 68.554581 121.858727
v 66.038033 68.554581 122.021797
v 66.259003 68.554581 123.248596
v 66.241104 68.554581 123.691299
v 78.839043 68.554581 124.551285
v 66.190880 68.554581 124.045410
v 66.114197 68.554581 124.312378
v 62.770245 68.554581 121.575401
v 62.806732 68.554581 121.534393
v 62.841305 68.554581 121.505737
v 66.093781 68.554581 122.142761
v 66.180916 68.554581 122.417053
v 66.245216 68.554581 122.857292
v 62.878002 68.554581 121.484207
v 62.919312 68.554581 121.467773
v 62.958267 68.554581 121.459015
v 64.855576 68.554581 121.435547
v 65.018410 68.554581 121.412239
v 65.088829 68.554581 121.410255
v 60.829517 68.554581 125.000000
v 60.829517 68.554581 124.551285
v 60.066696 68.554581 124.551285
v 60.829517 68.554581 121.500000
v 60.066696 68.554581 116.500000
v 61.143620 68.554581 124.641029
v 61.682079 68.554581 124.641029
v 78.839043 68.554581 131.500000
v 61.476650 68.554581 125.000000
v 66.017937 68.554581 124.519958
v 65.904747 68.554581 124.690079
v 65.788597 68.554581 124.815933
v 65.666443 68.554581 124.912941
v 64.603020 68.554581 124.971855
v 64.469910 68.554581 124.889473
v 65.523430 68.554581 124.994972
v 65.366127 68.554581 125.052971
v 65.216713 68.554581 125.082649
v 64.165512 68.554581 124.553795
v 64.226357 68.554581 124.644089
v 64.343246 68.554581 124.780960
v 65.088829 68.554581 125.089745
v 64.913666 68.554581 125.075607
v 64.757553 68.554581 125.037834
v 54.457722 68.554581 124.057693
v 54.457722 68.554581 123.613182
v 54.298168 68.554581 123.810829
v 52.707722 68.554581 121.500000
v 53.021824 68.554581 121.500000
v 54.771824 68.554581 124.057693
v 54.177776 68.554581 123.919754
v 54.102951 68.554581 123.972855
v 53.908848 68.554581 124.052948
v 51.213570 68.554581 123.849533
v 51.311295 68.554581 123.937943
v 51.420219 68.554581 124.007721
v 51.134426 68.554581 123.748611
v 51.067307 68.554581 123.625793
v 51.019508 68.554581 123.490570
v 57.239773 68.554581 121.500000
v 57.553875 68.554581 121.500000
v 51.823605 68.554581 124.102562
v 51.666466 68.554581 124.090050
v 51.543537 68.554581 124.060089
v 51.276466 68.554581 123.097961
v 52.682545 68.554581 122.979012
v 51.271824 68.554581 122.886818
v 52.707722 68.554581 122.494888
v 51.271824 68.554581 121.500000
v 53.575710 68.554581 124.102562
v 53.422920 68.554581 124.089859
v 52.021709 68.554581 124.082710
v 53.291512 68.554581 124.056503
v 52.977158 68.554581 123.867249
v 52.163174 68.554581 124.041183
v 52.910904 68.554581 123.789635
v 52.303604 68.554581 123.974892
v 50.957722 68.554581 121.500000
v 42.839043 68.554581 116.500000
v 50.957722 68.554581 122.885414
v 50.974560 68.554581 123.237175
v 56.075588 68.554581 124.060089
v 55.952271 68.554581 124.007721
v 55.843346 68.554581 123.937943
v 55.745625 68.554581 123.849533
v 55.666477 68.554581 123.748611
v 55.599358 68.554581 123.625793
v 55.551559 68.554581 123.490570
v 55.808517 68.554581 123.097961
v 57.214596 68.554581 122.979012
v 55.803875 68.554581 122.886818
v 57.239773 68.554581 122.494888
v 55.803875 68.554581 121.500000
v 52.761707 68.554581 123.484879
v 52.652771 68.554581 123.657906
v 52.838085 68.554581 123.669159
v 52.524559 68.554581 123.806862
v 52.403301 68.554581 123.910912
v 54.771824 68.554581 121.500000
v 54.457722 68.554581 121.500000
v 54.457722 68.554581 122.576225
v 53.021824 68.554581 122.800583
v 54.437965 68.554581 122.960220
v 53.027737 68.554581 123.062675
v 53.042118 68.554581 123.243469
v 53.162350 68.554581 124.001015
v 53.059559 68.554581 123.937279
v 53.744614 68.554581 124.090042
v 51.865379 68.554581 124.100800
v 55.489773 68.554581 121.500000
v 55.489773 68.554581 122.885414
v 55.506611 68.554581 123.237175
v 58.970016 68.554581 122.960220
v 57.559788 68.554581 123.062675
v 57.574169 68.554581 123.243469
v 51.288876 68.554581 123.253113
v 51.307060 68.554581 123.364212
v 51.329887 68.554581 123.445091
v 56.935352 68.554581 123.910912
v 57.442955 68.554581 123.789635
v 57.056610 68.554581 123.806862
v 57.370136 68.554581 123.669159
v 57.184822 68.554581 123.657906
v 57.293758 68.554581 123.484879
v 57.694401 68.554581 124.001015
v 57.591610 68.554581 123.937279
v 56.553761 68.554581 124.082710
v 57.509209 68.554581 123.867249
v 56.695225 68.554581 124.041183
v 56.835655 68.554581 123.974892
v 56.397430 68.554581 124.100800
v 56.355656 68.554581 124.102562
v 56.198517 68.554581 124.090050
v 57.553875 68.554581 122.800583
v 58.989773 68.554581 122.576225
v 58.989773 68.554581 121.500000
v 59.303875 68.554581 121.500000
v 59.303875 68.554581 124.057693
v 58.989773 68.554581 124.057693
v 51.615421 68.554581 123.738052
v 51.537834 68.554581 123.697182
v 51.468933 68.554581 123.645432
v 51.703716 68.554581 123.768326
v 51.800468 68.554581 123.784668
v 51.878292 68.554581 123.788460
v 52.229218 68.554581 123.703705
v 52.346733 68.554581 123.630020
v 55.820927 68.554581 123.253113
v 55.839111 68.554581 123.364212
v 55.861938 68.554581 123.445091
v 58.989773 68.554581 123.613182
v 58.830219 68.554581 123.810829
v 51.365242 68.554581 123.519913
v 51.412643 68.554581 123.587959
v 52.015656 68.554581 123.776451
v 52.124840 68.554581 123.748604
v 53.295883 68.554581 123.697449
v 53.357670 68.554581 123.731766
v 53.782787 68.554581 123.773170
v 53.897507 68.554581 123.738792
v 54.299267 68.554581 123.405281
v 56.147472 68.554581 123.738052
v 56.069885 68.554581 123.697182
v 56.000984 68.554581 123.645432
v 56.235767 68.554581 123.768326
v 56.332520 68.554581 123.784668
v 56.410343 68.554581 123.788460
v 56.761269 68.554581 123.703705
v 56.878784 68.554581 123.630020
v 58.709827 68.554581 123.919754
v 58.635006 68.554581 123.972855
v 58.440899 68.554581 124.052948
v 58.276665 68.554581 124.090042
v 58.107761 68.554581 124.102562
v 57.954975 68.554581 124.089859
v 57.823563 68.554581 124.056503
v 53.062550 68.554581 123.362190
v 53.086872 68.554581 123.443893
v 53.117405 68.554581 123.508026
v 53.441013 68.554581 123.763092
v 53.532017 68.554581 123.781952
v 54.393978 68.554581 123.187500
v 54.347160 68.554581 123.316124
v 55.897293 68.554581 123.519913
v 55.944698 68.554581 123.587959
v 56.547707 68.554581 123.776451
v 56.656891 68.554581 123.748604
v 57.827934 68.554581 123.697449
v 57.889721 68.554581 123.731766
v 58.314838 68.554581 123.773170
v 58.429558 68.554581 123.738792
v 58.831318 68.554581 123.405281
v 52.439671 68.554581 123.548622
v 52.522572 68.554581 123.447746
v 52.643494 68.554581 123.188583
v 52.594349 68.554581 123.322975
v 53.165878 68.554581 123.580589
v 53.226345 68.554581 123.644440
v 53.630398 68.554581 123.788460
v 54.009712 68.554581 123.685226
v 54.118484 68.554581 123.610519
v 54.219112 68.554581 123.513885
v 57.594601 68.554581 123.362190
v 57.618923 68.554581 123.443893
v 57.649456 68.554581 123.508026
v 57.973064 68.554581 123.763092
v 58.064068 68.554581 123.781952
v 58.926029 68.554581 123.187500
v 58.879211 68.554581 123.316124
v 56.971722 68.554581 123.548622
v 57.054623 68.554581 123.447746
v 57.175545 68.554581 123.188583
v 57.126396 68.554581 123.322975
v 57.697929 68.554581 123.580589
v 57.758400 68.554581 123.644440
v 58.162449 68.554581 123.788460
v 58.541763 68.554581 123.685226
v 58.650536 68.554581 123.610519
v 58.751163 68.554581 123.513885
v 80.839043 54.554581 116.500000
v 80.839043 66.554581 116.500000
v 80.839043 54.554581 131.500000
v 80.839043 66.554581 131.500000
v 40.839043 54.554581 131.500000
v 40.839043 66.554581 131.500000
v 40.839043 54.554581 116.500000
v 40.839043 66.554581 116.500000
v 58.267056 55.841938 131.500000
v 58.145222 55.705711 131.500000
v 56.355381 64.980804 131.500000
v 56.305756 64.795593 131.500000
v 56.436413 65.154579 131.500000
v 56.546394 65.311646 131.500000
v 56.681976 65.447227 131.500000
v 56.839043 65.557205 131.500000
v 57.012821 65.638245 131.500000
v 57.198029 65.687866 131.500000
v 57.389042 65.704582 131.500000
v 57.580055 65.687866 131.500000
v 57.765266 65.638245 131.500000
v 57.939041 65.557205 131.500000
v 64.187332 55.409294 131.500000
v 64.007385 55.441250 131.500000
v 63.835217 55.502563 131.500000
v 63.675571 55.591534 131.500000
v 56.792892 55.580132 131.500000
v 56.648056 55.691597 131.500000
v 56.523674 55.825508 131.500000
v 56.289043 56.504581 131.500000
v 56.289043 64.604584 131.500000
v 65.373863 56.322449 131.500000
v 65.328728 56.145348 131.500000
v 65.254898 55.978161 131.500000
v 58.364651 55.996460 131.500000
v 57.670696 55.441250 131.500000
v 57.490749 55.409294 131.500000
v 57.307995 55.407570 131.500000
v 57.127480 55.436131 131.500000
v 56.954185 55.494186 131.500000
v 65.154411 55.825508 131.500000
v 65.030029 55.691597 131.500000
v 64.885193 55.580132 131.500000
v 58.002510 55.591534 131.500000
v 57.842869 55.502563 131.500000
v 65.154411 65.283653 131.500000
v 65.254898 65.130997 131.500000
v 65.328728 64.963814 131.500000
v 56.423183 55.978161 131.500000
v 56.349354 56.145348 131.500000
v 56.304226 56.322449 131.500000
v 63.309246 56.004581 131.500000
v 58.368839 56.004581 131.500000
v 63.313435 55.996460 131.500000
v 63.411030 55.841938 131.500000
v 63.532864 55.705711 131.500000
v 63.411030 65.267220 131.500000
v 63.532864 65.403450 131.500000
v 64.723900 65.614975 131.500000
v 64.885193 65.529030 131.500000
v 65.030029 65.417564 131.500000
v 65.373863 64.786713 131.500000
v 65.389046 64.604584 131.500000
v 65.389046 56.504581 131.500000
v 64.723900 55.494186 131.500000
v 64.550606 55.436131 131.500000
v 64.370087 55.407570 131.500000
v 58.341671 65.154579 131.500000
v 58.368839 65.104584 131.500000
v 63.309246 65.104584 131.500000
v 63.675571 65.517632 131.500000
v 63.835217 65.606598 131.500000
v 64.007385 65.667908 131.500000
v 64.187332 65.699867 131.500000
v 64.370087 65.701591 131.500000
v 64.550606 65.673027 131.500000
v 58.096107 65.447227 131.500000
v 58.231689 65.311646 131.500000
v 63.313435 65.112701 131.500000
v 65.322708 64.980804 116.500000
v 65.372330 64.795593 116.500000
v 63.835217 55.502563 116.500000
v 64.007385 55.441250 116.500000
v 65.241669 65.154579 116.500000
v 65.131691 65.311646 116.500000
v 64.996109 65.447227 116.500000
v 64.839043 65.557205 116.500000
v 64.665268 65.638245 116.500000
v 64.480057 65.687866 116.500000
v 64.289040 65.704582 116.500000
v 64.098030 65.687866 116.500000
v 63.912819 65.638245 116.500000
v 63.739040 65.557205 116.500000
v 56.289043 64.604584 116.500000
v 57.307995 55.407570 116.500000
v 57.490749 55.409294 116.500000
v 63.675571 55.591534 116.500000
v 57.670696 55.441250 116.500000
v 57.842869 55.502563 116.500000
v 58.002510 55.591534 116.500000
v 64.723900 55.494186 116.500000
v 64.885193 55.580132 116.500000
v 65.030029 55.691597 116.500000
v 65.154411 55.825508 116.500000
v 65.254898 55.978161 116.500000
v 65.328728 56.145348 116.500000
v 56.289043 56.504581 116.500000
v 56.304226 56.322449 116.500000
v 56.349354 56.145348 116.500000
v 56.423183 55.978161 116.500000
v 56.523674 55.825508 116.500000
v 56.648056 55.691597 116.500000
v 63.313435 55.996460 116.500000
v 63.411030 55.841938 116.500000
v 63.532864 55.705711 116.500000
v 64.187332 55.409294 116.500000
v 64.370087 55.407570 116.500000
v 64.550606 55.436131 116.500000
v 65.373863 56.322449 116.500000
v 65.389046 56.504581 116.500000
v 65.389046 64.604584 116.500000
v 58.368839 56.004581 116.500000
v 63.309246 56.004581 116.500000
v 58.364651 55.996460 116.500000
v 58.267056 55.841938 116.500000
v 58.145222 55.705711 116.500000
v 63.581974 65.447227 116.500000
v 63.446392 65.311646 116.500000
v 63.336414 65.154579 116.500000
v 58.145222 65.403450 116.500000
v 58.002510 65.517632 116.500000
v 56.792892 55.580132 116.500000
v 56.954185 55.494186 116.500000
v 57.127480 55.436131 116.500000
v 57.842869 65.606598 116.500000
v 57.670696 65.667908 116.500000
v 57.490749 65.699867 116.500000
v 56.954185 65.614975 116.500000
v 57.127480 65.673027 116.500000
v 57.307995 65.701591 116.500000
v 56.792892 65.529030 116.500000
v 56.648056 65.417564 116.500000
v 56.523674 65.283653 116.500000
v 56.423183 65.130997 116.500000
v 56.349354 64.963814 116.500000
v 56.304226 64.786713 116.500000
v 63.309246 65.104584 116.500000
v 58.368839 65.104584 116.500000
v 58.364651 65.112701 116.500000
v 58.267056 65.267220 116.500000
v 56.789043 56.504581 131.000000
v 56.789043 56.504581 117.000000
v 56.789043 64.604584 131.000000
v 56.789043 64.604584 117.000000
v 63.689041 56.504581 131.000000
v 63.689041 56.504581 117.000000
v 57.989040 56.504581 131.000000
v 57.989040 56.504581 117.000000
v 64.889046 64.604584 131.000000
v 64.889046 64.604584 117.000000
v 64.889046 56.504581 131.000000
v 64.889046 56.504581 117.000000
v 57.989040 64.604584 131.000000
v 57.989040 64.604584 117.000000
v 63.689041 64.604584 131.000000
v 63.689041 64.604584 117.000000
v 54.771824 68.454582 121.500000
v 54.771824 68.454582 124.057693
v 54.457722 68.454582 124.057693
v 54.457722 68.454582 123.613182
v 54.102951 68.454582 123.972855
v 54.177776 68.454582 123.919754
v 54.298168 68.454582 123.810829
v 53.575710 68.454582 124.102562
v 53.744614 68.454582 124.090042
v 53.908848 68.454582 124.052948
v 52.761707 68.454582 123.484879
v 52.838085 68.454582 123.669159
v 52.910904 68.454582 123.789635
v 52.977158 68.454582 123.867249
v 53.059559 68.454582 123.937279
v 53.162350 68.454582 124.001015
v 53.291512 68.454582 124.056503
v 53.422920 68.454582 124.089859
v 51.823605 68.454582 124.102562
v 51.865379 68.454582 124.100800
v 52.021709 68.454582 124.082710
v 52.163174 68.454582 124.041183
v 52.303604 68.454582 123.974892
v 52.403301 68.454582 123.910912
v 52.524559 68.454582 123.806862
v 52.652771 68.454582 123.657906
v 50.957722 68.454582 122.885414
v 50.974560 68.454582 123.237175
v 51.019508 68.454582 123.490570
v 51.067307 68.454582 123.625793
v 51.134426 68.454582 123.748611
v 51.213570 68.454582 123.849533
v 51.311295 68.454582 123.937943
v 51.420219 68.454582 124.007721
v 51.543537 68.454582 124.060089
v 51.666466 68.454582 124.090050
v 50.957722 68.454582 121.500000
v 51.271824 68.454582 121.500000
v 51.271824 68.454582 122.886818
v 51.878292 68.454582 123.788460
v 51.800468 68.454582 123.784668
v 51.703716 68.454582 123.768326
v 51.615421 68.454582 123.738052
v 51.537834 68.454582 123.697182
v 51.468933 68.454582 123.645432
v 51.412643 68.454582 123.587959
v 51.365242 68.454582 123.519913
v 51.329887 68.454582 123.445091
v 51.307060 68.454582 123.364212
v 51.288876 68.454582 123.253113
v 51.276466 68.454582 123.097961
v 52.707722 68.454582 122.494888
v 52.682545 68.454582 122.979012
v 52.643494 68.454582 123.188583
v 52.594349 68.454582 123.322975
v 52.522572 68.454582 123.447746
v 52.439671 68.454582 123.548622
v 52.346733 68.454582 123.630020
v 52.229218 68.454582 123.703705
v 52.124840 68.454582 123.748604
v 52.015656 68.454582 123.776451
v 52.707722 68.454582 121.500000
v 53.021824 68.454582 121.500000
v 53.021824 68.454582 122.800583
v 53.630398 68.454582 123.788460
v 53.532017 68.454582 123.781952
v 53.441013 68.454582 123.763092
v 53.357670 68.454582 123.731766
v 53.295883 68.454582 123.697449
v 53.226345 68.454582 123.644440
v 53.165878 68.454582 123.580589
v 53.117405 68.454582 123.508026
v 53.086872 68.454582 123.443893
v 53.062550 68.454582 123.362190
v 53.042118 68.454582 123.243469
v 53.027737 68.454582 123.062675
v 54.457722 68.454582 122.576225
v 54.437965 68.454582 122.960220
v 54.393978 68.454582 123.187500
v 54.347160 68.454582 123.316124
v 54.299267 68.454582 123.405281
v 54.219112 68.454582 123.513885
v 54.118484 68.454582 123.610519
v 54.009712 68.454582 123.685226
v 53.897507 68.454582 123.738792
v 53.782787 68.454582 123.773170
v 54.457722 68.454582 121.500000
v 59.303875 68.454582 121.500000
v 59.303875 68.454582 124.057693
v 58.989773 68.454582 124.057693
v 58.989773 68.454582 123.613182
v 58.635006 68.454582 123.972855
v 58.709827 68.454582 123.919754
v 58.830219 68.454582 123.810829
v 58.107761 68.454582 124.102562
v 58.276665 68.454582 124.090042
v 58.440899 68.454582 124.052948
v 57.293758 68.454582 123.484879
v 57.370136 68.454582 123.669159
v 57.442955 68.454582 123.789635
v 57.509209 68.454582 123.867249
v 57.591610 68.454582 123.937279
v 57.694401 68.454582 124.001015
v 57.823563 68.454582 124.056503
v 57.954975 68.454582 124.089859
v 56.355656 68.454582 124.102562
v 56.397430 68.454582 124.100800
v 56.553761 68.454582 124.082710
v 56.695225 68.454582 124.041183
v 56.835655 68.454582 123.974892
v 56.935352 68.454582 123.910912
v 57.056610 68.454582 123.806862
v 57.184822 68.454582 123.657906
v 55.489773 68.454582 122.885414
v 55.506611 68.454582 123.237175
v 55.551559 68.454582 123.490570
v 55.599358 68.454582 123.625793
v 55.666477 68.454582 123.748611
v 55.745625 68.454582 123.849533
v 55.843346 68.454582 123.937943
v 55.952271 68.454582 124.007721
v 56.075588 68.454582 124.060089
v 56.198517 68.454582 124.090050
v 55.489773 68.454582 121.500000
v 55.803875 68.454582 121.500000
v 55.803875 68.454582 122.886818
v 56.410343 68.454582 123.788460
v 56.332520 68.454582 123.784668
v 56.235767 68.454582 123.768326
v 56.147472 68.454582 123.738052
v 56.069885 68.454582 123.697182
v 56.000984 68.454582 123.645432
v 55.944698 68.454582 123.587959
v 55.897293 68.454582 123.519913
v 55.861938 68.454582 123.445091
v 55.839111 68.454582 123.364212
v 55.820927 68.454582 123.253113
v 55.808517 68.454582 123.097961
v 57.239773 68.454582 122.494888
v 57.214596 68.454582 122.979012
v 57.175545 68.454582 123.188583
v 57.126396 68.454582 123.322975
v 57.054623 68.454582 123.447746
v 56.971722 68.454582 123.548622
v 56.878784 68.454582 123.630020
v 56.761269 68.454582 123.703705
v 56.656891 68.454582 123.748604
v 56.547707 68.454582 123.776451
v 57.239773 68.454582 121.500000
v 57.553875 68.454582 121.500000
v 57.553875 68.454582 122.800583
v 58.162449 68.454582 123.788460
v 58.064068 68.454582 123.781952
v 57.973064 68.454582 123.763092
v 57.889721 68.454582 123.731766
v 57.827934 68.454582 123.697449
v 57.758400 68.454582 123.644440
v 57.697929 68.454582 123.580589
v 57.649456 68.454582 123.508026
v 57.618923 68.454582 123.443893
v 57.594601 68.454582 123.362190
v 57.574169 68.454582 123.243469
v 57.559788 68.454582 123.062675
v 58.989773 68.454582 122.576225
v 58.970016 68.454582 122.960220
v 58.926029 68.454582 123.187500
v 58.879211 68.454582 123.316124
v 58.831318 68.454582 123.405281
v 58.751163 68.454582 123.513885
v 58.650536 68.454582 123.610519
v 58.541763 68.454582 123.685226
v 58.429558 68.454582 123.738792
v 58.314838 68.454582 123.773170
v 58.989773 68.454582 121.500000
v 61.682079 68.454582 124.641029
v 61.476650 68.454582 125.000000
v 60.829517 68.454582 125.000000
v 60.829517 68.454582 121.500000
v 61.143620 68.454582 121.500000
v 61.143620 68.454582 124.641029
v 63.005798 68.454582 122.038460
v 63.055069 68.454582 122.034233
v 63.095310 68.454582 122.025482
v 63.131886 68.454582 122.011200
v 63.169495 68.454582 121.989113
v 63.208183 68.454582 121.957321
v 63.213646 68.454582 121.951889
v 63.245193 68.454582 121.914284
v 63.269943 68.454582 121.873795
v 63.283718 68.454582 121.839714
v 63.292652 68.454582 121.800720
v 63.297462 68.454582 121.746796
v 62.714130 68.454582 121.746796
v 62.717113 68.454582 121.787453
v 62.725666 68.454582 121.830902
v 62.740482 68.454582 121.870064
v 62.762535 68.454582 121.908798
v 62.796036 68.454582 121.949928
v 62.800442 68.454582 121.954399
v 62.835732 68.454582 121.984604
v 62.873398 68.454582 122.007820
v 62.912861 68.454582 122.024200
v 62.952301 68.454582 122.033630
v 63.005798 68.454582 121.455132
v 62.958267 68.454582 121.459015
v 62.919312 68.454582 121.467773
v 62.878002 68.454582 121.484207
v 62.841305 68.454582 121.505737
v 62.806732 68.454582 121.534393
v 62.770245 68.454582 121.575401
v 62.745998 68.454582 121.613792
v 62.729477 68.454582 121.652077
v 62.719109 68.454582 121.692963
v 63.291912 68.454582 121.689644
v 63.282711 68.454582 121.652161
v 63.268345 68.454582 121.618034
v 63.244873 68.454582 121.580292
v 63.211575 68.454582 121.541008
v 63.177647 68.454582 121.511124
v 63.139095 68.454582 121.486755
v 63.100712 68.454582 121.470306
v 63.058819 68.454582 121.459862
v 66.259003 68.454582 123.248596
v 66.245216 68.454582 122.857292
v 66.180916 68.454582 122.417053
v 66.093781 68.454582 122.142761
v 66.038033 68.454582 122.021797
v 65.939575 68.454582 121.858727
v 65.834045 68.454582 121.728310
v 65.716248 68.454582 121.622353
v 65.560173 68.454582 121.523041
v 65.421715 68.454582 121.463593
v 65.263779 68.454582 121.424179
v 65.088829 68.454582 121.410255
v 65.088829 68.454582 125.089745
v 65.216713 68.454582 125.082649
v 65.366127 68.454582 125.052971
v 65.523430 68.454582 124.994972
v 65.666443 68.454582 124.912941
v 65.788597 68.454582 124.815933
v 65.904747 68.454582 124.690079
v 66.017937 68.454582 124.519958
v 66.114197 68.454582 124.312378
v 66.190880 68.454582 124.045410
v 66.241104 68.454582 123.691299
v 63.998287 68.454582 124.186043
v 63.920731 68.454582 123.843643
v 63.881172 68.454582 123.279259
v 63.880798 68.454582 123.248596
v 64.226357 68.454582 124.644089
v 64.106186 68.454582 124.447533
v 64.343246 68.454582 124.780960
v 64.469910 68.454582 124.889473
v 64.603020 68.454582 124.971855
v 64.757553 68.454582 125.037834
v 64.913666 68.454582 125.075607
v 65.018410 68.454582 121.412239
v 64.855576 68.454582 121.435547
v 64.706223 68.454582 121.481209
v 64.545654 68.454582 121.560585
v 64.394608 68.454582 121.671089
v 64.272804 68.454582 121.795967
v 64.153877 68.454582 121.963707
v 64.033318 68.454582 122.209854
v 63.954311 68.454582 122.472549
v 63.900406 68.454582 122.819153
v 64.337708 68.454582 124.162140
v 65.078316 68.454582 121.769234
v 64.945129 68.454582 121.781258
v 64.841141 68.454582 121.809669
v 64.742126 68.454582 121.853546
v 64.635323 68.454582 121.921265
v 64.547821 68.454582 121.997337
v 64.468353 68.454582 122.092377
v 64.394730 68.454582 122.212509
v 64.327415 68.454582 122.370094
v 64.391869 68.454582 124.278740
v 64.468842 68.454582 124.404602
v 64.552330 68.454582 124.503304
v 64.632523 68.454582 124.574036
v 64.753799 68.454582 124.650078
v 64.859627 68.454582 124.695335
v 64.954727 68.454582 124.719452
v 65.078316 68.454582 124.730766
v 65.212265 68.454582 124.717896
v 65.315956 68.454582 124.689705
v 65.414604 68.454582 124.645737
v 65.520355 68.454582 124.578896
v 65.537941 68.454582 124.565514
v 65.638184 68.454582 124.471771
v 65.720238 68.454582 124.365524
v 65.803581 68.454582 124.210327
v 65.828072 68.454582 124.151123
v 64.263100 68.454582 123.926285
v 64.213997 68.454582 123.633759
v 64.194901 68.454582 123.250000
v 64.197121 68.454582 123.120018
v 64.235909 68.454582 122.723381
v 65.887306 68.454582 123.947166
v 65.936005 68.454582 123.555603
v 65.944901 68.454582 123.250000
v 65.930542 68.454582 122.868759
v 65.894958 68.454582 122.591331
v 65.842003 68.454582 122.385941
v 65.773048 68.454582 122.225662
v 65.698326 68.454582 122.102562
v 65.614296 68.454582 122.003670
v 65.524353 68.454582 121.925499
v 65.406357 68.454582 121.851028
v 65.294273 68.454582 121.803993
v 65.198021 68.454582 121.779808
v 65.944901 68.554581 123.250000
v 65.936005 68.554581 123.555603
v 65.887306 68.554581 123.947166
v 65.828072 68.554581 124.151123
v 65.803581 68.554581 124.210327
v 65.720238 68.554581 124.365524
v 65.638184 68.554581 124.471771
v 65.537941 68.554581 124.565514
v 65.520355 68.554581 124.578896
v 65.414604 68.554581 124.645737
v 65.315956 68.554581 124.689705
v 65.212265 68.554581 124.717896
v 65.078316 68.554581 124.730766
v 64.954727 68.554581 124.719452
v 64.859627 68.554581 124.695335
v 64.753799 68.554581 124.650078
v 64.632523 68.554581 124.574036
v 64.552330 68.554581 124.503304
v 64.468842 68.554581 124.404602
v 64.391869 68.554581 124.278740
v 64.337708 68.554581 124.162140
v 64.263100 68.554581 123.926285
v 64.213997 68.554581 123.633759
v 64.194901 68.554581 123.250000
v 64.197121 68.554581 123.120018
v 64.235909 68.554581 122.723381
v 64.327415 68.554581 122.370094
v 64.394730 68.554581 122.212509
v 64.468353 68.554581 122.092377
v 64.547821 68.554581 121.997337
v 64.635323 68.554581 121.921265
v 64.742126 68.554581 121.853546
v 64.841141 68.554581 121.809669
v 64.945129 68.554581 121.781258
v 65.078316 68.554581 121.769234
v 65.198021 68.554581 121.779808
v 65.294273 68.554581 121.803993
v 65.406357 68.554581 121.851028
v 65.524353 68.554581 121.925499
v 65.614296 68.554581 122.003670
v 65.698326 68.554581 122.102562
v 65.773048 68.554581 122.225662
v 65.842003 68.554581 122.385941
v 65.894958 68.554581 122.591331
v 65.930542 68.554581 122.868759
v 67.024078 52.654579 121.500000
v 67.024078 52.654579 124.057693
v 67.338181 52.654579 124.057693
v 67.338181 52.654579 123.613182
v 67.692947 52.654579 123.972855
v 67.619484 52.654579 123.920853
v 67.498070 52.654579 123.810486
v 68.220192 52.654579 124.102562
v 68.051285 52.654579 124.090042
v 67.887054 52.654579 124.052948
v 69.034187 52.654579 123.484879
v 68.962822 52.654579 123.659309
v 68.888268 52.654579 123.784286
v 68.816277 52.654579 123.869446
v 68.736313 52.654579 123.937309
v 68.629532 52.654579 124.003006
v 68.503143 52.654579 124.056877
v 68.373138 52.654579 124.089821
v 69.972290 52.654579 124.102562
v 69.931664 52.654579 124.100861
v 69.778664 52.654579 124.083588
v 69.641022 52.654579 124.043839
v 69.497299 52.654579 123.976974
v 69.391418 52.654579 123.909378
v 69.267319 52.654579 123.802879
v 69.142952 52.654579 123.657684
v 70.838181 52.654579 122.885414
v 70.817177 52.654579 123.273949
v 70.771439 52.654579 123.507919
v 70.723915 52.654579 123.635643
v 70.659904 52.654579 123.750755
v 70.580139 52.654579 123.851097
v 70.481880 52.654579 123.939339
v 70.368637 52.654579 124.010635
v 70.250458 52.654579 124.060555
v 70.129517 52.654579 124.090073
v 70.838181 52.654579 121.500000
v 70.524071 52.654579 121.500000
v 70.524071 52.654579 122.886818
v 69.917603 52.654579 123.788460
v 69.999077 52.654579 123.784431
v 70.095650 52.654579 123.767410
v 70.181618 52.654579 123.737862
v 70.257027 52.654579 123.697853
v 70.324783 52.654579 123.647331
v 70.381569 52.654579 123.589981
v 70.429947 52.654579 123.520424
v 70.465782 52.654579 123.445007
v 70.488693 52.654579 123.364182
v 70.507042 52.654579 123.252708
v 70.519447 52.654579 123.097694
v 69.088181 52.654579 122.494888
v 69.113983 52.654579 122.984428
v 69.153122 52.654579 123.191177
v 69.202690 52.654579 123.325394
v 69.274780 52.654579 123.449829
v 69.359657 52.654579 123.552147
v 69.454559 52.654579 123.633919
v 69.556992 52.654579 123.699318
v 69.669067 52.654579 123.747742
v 69.784462 52.654579 123.777763
v 69.088181 52.654579 121.500000
v 68.774071 52.654579 121.500000
v 68.774071 52.654579 122.800583
v 68.165504 52.654579 123.788460
v 68.228035 52.654579 123.785400
v 68.319466 52.654579 123.772270
v 68.406937 52.654579 123.744911
v 68.484520 52.654579 123.705963
v 68.553818 52.654579 123.657082
v 68.613251 52.654579 123.600266
v 68.664665 52.654579 123.531731
v 68.701752 52.654579 123.459991
v 68.730377 52.654579 123.375130
v 68.751976 52.654579 123.252602
v 68.767776 52.654579 123.068962
v 67.338181 52.654579 122.576225
v 67.362076 52.654579 122.986679
v 67.402290 52.654579 123.188385
v 67.448746 52.654579 123.315636
v 67.496719 52.654579 123.405449
v 67.576981 52.654579 123.514091
v 67.677635 52.654579 123.610695
v 67.786423 52.654579 123.685364
v 67.898598 52.654579 123.738876
v 68.013298 52.654579 123.773209
v 67.338181 52.654579 121.500000
v 62.492023 52.654579 121.500000
v 62.492023 52.654579 124.057693
v 62.806126 52.654579 124.057693
v 62.806126 52.654579 123.613182
v 63.160892 52.654579 123.972855
v 63.087437 52.654579 123.920853
v 62.966019 52.654579 123.810486
v 63.688137 52.654579 124.102562
v 63.519230 52.654579 124.090042
v 63.355000 52.654579 124.052948
v 64.502136 52.654579 123.484879
v 64.430771 52.654579 123.659309
v 64.356216 52.654579 123.784286
v 64.284225 52.654579 123.869446
v 64.204262 52.654579 123.937309
v 64.097481 52.654579 124.003006
v 63.971096 52.654579 124.056877
v 63.841087 52.654579 124.089821
v 65.440239 52.654579 124.102562
v 65.399612 52.654579 124.100861
v 65.246613 52.654579 124.083588
v 65.108971 52.654579 124.043839
v 64.965240 52.654579 123.976974
v 64.859367 52.654579 123.909378
v 64.735268 52.654579 123.802879
v 64.610909 52.654579 123.657684
v 66.306129 52.654579 122.885414
v 66.285126 52.654579 123.273949
v 66.239388 52.654579 123.507919
v 66.191864 52.654579 123.635643
v 66.127853 52.654579 123.750755
v 66.048088 52.654579 123.851097
v 65.949829 52.654579 123.939339
v 65.836586 52.654579 124.010635
v 65.718399 52.654579 124.060555
v 65.597466 52.654579 124.090073
v 66.306129 52.654579 121.500000
v 65.992027 52.654579 121.500000
v 65.992027 52.654579 122.886818
v 65.385551 52.654579 123.788460
v 65.467026 52.654579 123.784431
v 65.563599 52.654579 123.767410
v 65.649567 52.654579 123.737862
v 65.724976 52.654579 123.697853
v 65.792732 52.654579 123.647331
v 65.849518 52.654579 123.589981
v 65.897896 52.654579 123.520424
v 65.933731 52.654579 123.445007
v 65.956642 52.654579 123.364182
v 65.974991 52.654579 123.252708
v 65.987396 52.654579 123.097694
v 64.556129 52.654579 122.494888
v 64.581932 52.654579 122.984428
v 64.621071 52.654579 123.191177
v 64.670639 52.654579 123.325394
v 64.742729 52.654579 123.449829
v 64.827606 52.654579 123.552147
v 64.922508 52.654579 123.633919
v 65.024940 52.654579 123.699318
v 65.137016 52.654579 123.747742
v 65.252411 52.654579 123.777763
v 64.556129 52.654579 121.500000
v 64.242027 52.654579 121.500000
v 64.242027 52.654579 122.800583
v 63.633450 52.654579 123.788460
v 63.695984 52.654579 123.785400
v 63.787415 52.654579 123.772270
v 63.874886 52.654579 123.744911
v 63.952465 52.654579 123.705963
v 64.021767 52.654579 123.657082
v 64.081200 52.654579 123.600266
v 64.132614 52.654579 123.531731
v 64.169701 52.654579 123.459991
v 64.198326 52.654579 123.375130
v 64.219925 52.654579 123.252602
v 64.235725 52.654579 123.068962
v 62.806126 52.654579 122.576225
v 62.830025 52.654579 122.986679
v 62.870243 52.654579 123.188385
v 62.916691 52.654579 123.315636
v 62.964668 52.654579 123.405449
v 63.044926 52.654579 123.514091
v 63.145584 52.654579 123.610695
v 63.254372 52.654579 123.685364
v 63.366550 52.654579 123.738876
v 63.481243 52.654579 123.773209
v 62.806126 52.654579 121.500000
v 60.113819 52.654579 124.641029
v 60.319248 52.654579 125.000000
v 60.966381 52.654579 125.000000
v 60.966381 52.654579 121.500000
v 60.652279 52.654579 121.500000
v 60.652279 52.654579 124.641029
v 58.834972 52.654579 122.038460
v 58.791325 52.654579 122.035004
v 58.748184 52.654579 122.026108
v 58.705132 52.654579 122.009117
v 58.667671 52.654579 121.986595
v 58.628506 52.654579 121.953285
v 58.598995 52.654579 121.919075
v 58.574928 52.654579 121.880707
v 58.558491 52.654579 121.842453
v 58.548012 52.654579 121.800323
v 58.543304 52.654579 121.746796
v 59.126640 52.654579 121.746796
v 59.121845 52.654579 121.800598
v 59.113434 52.654579 121.837967
v 59.099869 52.654579 121.872276
v 59.077702 52.654579 121.909561
v 59.045971 52.654579 121.948624
v 59.039944 52.654579 121.954781
v 59.003445 52.654579 121.985733
v 58.968132 52.654579 122.007637
v 58.928230 52.654579 122.024323
v 58.888508 52.654579 122.033607
v 58.834972 52.654579 121.455132
v 58.887604 52.654579 121.459801
v 58.926216 52.654579 121.469070
v 58.965324 52.654579 121.485291
v 59.006355 52.654579 121.510643
v 59.041096 52.654579 121.540657
v 59.072117 52.654579 121.577507
v 59.098557 52.654579 121.620140
v 59.112473 52.654579 121.653923
v 59.121563 52.654579 121.692558
v 58.546791 52.654579 121.703308
v 58.555996 52.654579 121.660187
v 58.571316 52.654579 121.621506
v 58.597599 52.654579 121.577705
v 58.628880 52.654579 121.540627
v 58.661755 52.654579 121.511971
v 58.702911 52.654579 121.486389
v 58.740772 52.654579 121.470284
v 58.781967 52.654579 121.459846
v 55.581768 52.654579 123.248596
v 55.602955 52.654579 122.773811
v 55.671028 52.654579 122.367897
v 55.755619 52.654579 122.119934
v 55.798557 52.654579 122.028923
v 55.900131 52.654579 121.860107
v 56.005638 52.654579 121.729454
v 56.123337 52.654579 121.623260
v 56.279675 52.654579 121.523529
v 56.416931 52.654579 121.464508
v 56.577023 52.654579 121.424171
v 56.751938 52.654579 121.410255
v 56.751938 52.654579 125.089745
v 56.638596 52.654579 125.084282
v 56.474819 52.654579 125.052971
v 56.326763 52.654579 124.999084
v 56.174366 52.654579 124.912819
v 56.053524 52.654579 124.817513
v 55.939140 52.654579 124.693901
v 55.822865 52.654579 124.520012
v 55.726597 52.654579 124.312431
v 55.649899 52.654579 124.045433
v 55.599670 52.654579 123.691330
v 57.959972 52.654579 123.248596
v 57.958706 52.654579 123.340569
v 57.914036 52.654579 123.881477
v 57.845814 52.654579 124.174919
v 57.742382 52.654579 124.431686
v 57.729458 52.654579 124.457420
v 57.625854 52.654579 124.628159
v 57.515694 52.654579 124.762199
v 57.384785 52.654579 124.879173
v 57.246006 52.654579 124.968163
v 57.087727 52.654579 125.036339
v 56.928589 52.654579 125.076042
v 56.828114 52.654579 121.412575
v 56.989952 52.654579 121.436615
v 57.138279 52.654579 121.482994
v 57.298592 52.654579 121.563126
v 57.436924 52.654579 121.663048
v 57.560646 52.654579 121.786652
v 57.672462 52.654579 121.940346
v 57.803204 52.654579 122.200752
v 57.885963 52.654579 122.472717
v 57.940392 52.654579 122.819435
v 56.525238 52.654579 124.689819
v 56.626415 52.654579 124.717537
v 56.762455 52.654579 124.730766
v 56.820587 52.654579 124.727196
v 56.925014 52.654579 124.711533
v 57.018917 52.654579 124.681213
v 57.137539 52.654579 124.620972
v 56.411377 52.654579 124.636940
v 56.285446 52.654579 124.551888
v 56.200420 52.654579 124.469902
v 56.111797 52.654579 124.351471
v 56.040127 52.654579 124.217812
v 56.003834 52.654579 124.128479
v 55.948917 52.654579 123.925087
v 55.903648 52.654579 123.536995
v 55.895870 52.654579 123.250000
v 55.910187 52.654579 122.868561
v 55.945789 52.654579 122.591110
v 55.998165 52.654579 122.386986
v 56.068027 52.654579 122.224342
v 56.145195 52.654579 122.098892
v 56.229939 52.654579 121.999466
v 56.335358 52.654579 121.911148
v 56.453911 52.654579 121.841377
v 56.565731 52.654579 121.797905
v 56.663280 52.654579 121.776794
v 56.762455 52.654579 121.769234
v 56.895222 52.654579 121.781281
v 57.004650 52.654579 121.812180
v 57.109558 52.654579 121.859390
v 57.215954 52.654579 121.929245
v 57.290813 52.654579 121.995163
v 57.369934 52.654579 122.088982
v 57.443588 52.654579 122.207787
v 57.513359 52.654579 122.370094
v 57.604858 52.654579 122.723381
v 57.643646 52.654579 123.120018
v 57.645870 52.654579 123.250000
v 57.626472 52.654579 123.636055
v 57.577721 52.654579 123.928947
v 57.490597 52.654579 124.191628
v 57.408615 52.654579 124.349487
v 57.327728 52.654579 124.460739
v 57.241367 52.654579 124.546936
v 55.895870 52.554581 123.250000
v 55.903648 52.554581 123.536995
v 55.948917 52.554581 123.925087
v 56.003834 52.554581 124.128479
v 56.040127 52.554581 124.217812
v 56.111797 52.554581 124.351471
v 56.200420 52.554581 124.469902
v 56.285446 52.554581 124.551888
v 56.411377 52.554581 124.636940
v 56.525238 52.554581 124.689819
v 56.626415 52.554581 124.717537
v 56.762455 52.554581 124.730766
v 56.820587 52.554581 124.727196
v 56.925014 52.554581 124.711533
v 57.018917 52.554581 124.681213
v 57.137539 52.554581 124.620972
v 57.241367 52.554581 124.546936
v 57.327728 52.554581 124.460739
v 57.408615 52.554581 124.349487
v 57.490597 52.554581 124.191628
v 57.577721 52.554581 123.928947
v 57.626472 52.554581 123.636055
v 57.645870 52.554581 123.250000
v 57.643646 52.554581 123.120018
v 57.604858 52.554581 122.723381
v 57.513359 52.554581 122.370094
v 57.443588 52.554581 122.207787
v 57.369934 52.554581 122.088982
v 57.290813 52.554581 121.995163
v 57.215954 52.554581 121.929245
v 57.109558 52.554581 121.859390
v 57.004650 52.554581 121.812180
v 56.895222 52.554581 121.781281
v 56.762455 52.554581 121.769234
v 56.663280 52.554581 121.776794
v 56.565731 52.554581 121.797905
v 56.453911 52.554581 121.841377
v 56.335358 52.554581 121.911148
v 56.229939 52.554581 121.999466
v 56.145195 52.554581 122.098892
v 56.068027 52.554581 122.224342
v 55.998165 52.554581 122.386986
v 55.945789 52.554581 122.591110
v 55.910187 52.554581 122.868561
v 64.880760 64.703926 131.000000
v 64.879929 64.708771 117.000000
v 64.879929 64.708771 131.000000
v 64.856148 64.800529 131.000000
v 64.852859 64.809792 117.000000
v 64.852859 64.809792 131.000000
v 64.815872 64.891716 131.000000
v 64.808655 64.904579 117.000000
v 64.808655 64.904579 131.000000
v 64.761063 64.974983 131.000000
v 64.748672 64.990250 117.000000
v 64.748672 64.990250 131.000000
v 64.693214 65.048027 131.000000
v 64.674713 65.064209 117.000000
v 64.674713 65.064209 131.000000
v 64.614212 65.108826 131.000000
v 64.589043 65.124199 117.000000
v 64.589043 65.124199 131.000000
v 64.526237 65.155708 131.000000
v 64.494255 65.168396 117.000000
v 64.494255 65.168396 131.000000
v 64.431709 65.187370 131.000000
v 64.393234 65.195465 117.000000
v 64.393234 65.195465 131.000000
v 64.333252 65.202950 131.000000
v 64.289040 65.204582 117.000000
v 64.289040 65.204582 131.000000
v 64.233566 65.202011 131.000000
v 64.184853 65.195465 117.000000
v 64.184853 65.195465 131.000000
v 64.083832 65.168396 117.000000
v 64.135414 65.184578 131.000000
v 64.083832 65.168396 131.000000
v 63.989044 65.124199 117.000000
v 64.041504 65.151138 131.000000
v 63.989044 65.124199 131.000000
v 63.903370 65.064209 117.000000
v 63.954422 65.102608 131.000000
v 63.903370 65.064209 131.000000
v 63.829414 64.990250 117.000000
v 63.876583 65.040329 131.000000
v 63.829414 64.990250 131.000000
v 63.769428 64.904579 117.000000
v 63.810127 64.966019 131.000000
v 63.769428 64.904579 131.000000
v 63.725227 64.809792 117.000000
v 63.756893 64.881737 131.000000
v 63.725227 64.809792 131.000000
v 63.698158 64.708771 117.000000
v 63.718346 64.789803 131.000000
v 63.698158 64.708771 131.000000
v 63.695557 64.692757 131.000000
v 57.982529 64.692757 117.000000
v 57.979927 64.708771 117.000000
v 57.979927 64.708771 131.000000
v 57.959736 64.789803 117.000000
v 57.952858 64.809792 117.000000
v 57.952858 64.809792 131.000000
v 57.921192 64.881737 117.000000
v 57.908657 64.904579 117.000000
v 57.908657 64.904579 131.000000
v 57.867958 64.966019 117.000000
v 57.848667 64.990250 117.000000
v 57.848667 64.990250 131.000000
v 57.801502 65.040329 117.000000
v 57.774715 65.064209 117.000000
v 57.774715 65.064209 131.000000
v 57.723663 65.102608 117.000000
v 57.689041 65.124199 117.000000
v 57.689041 65.124199 131.000000
v 57.636585 65.151138 117.000000
v 57.594254 65.168396 117.000000
v 57.594254 65.168396 131.000000
v 57.542671 65.184578 117.000000
v 57.493233 65.195465 117.000000
v 57.493233 65.195465 131.000000
v 57.444519 65.202011 117.000000
v 57.389042 65.204582 131.000000
v 57.389042 65.204582 117.000000
v 57.344837 65.202950 117.000000
v 57.284855 65.195465 131.000000
v 57.284855 65.195465 117.000000
v 57.246372 65.187370 117.000000
v 57.183830 65.168396 131.000000
v 57.183830 65.168396 117.000000
v 57.151848 65.155708 117.000000
v 57.089043 65.124199 131.000000
v 57.089043 65.124199 117.000000
v 57.063869 65.108826 117.000000
v 57.003368 65.064209 131.000000
v 57.003368 65.064209 117.000000
v 56.984867 65.048027 117.000000
v 56.929417 64.990250 131.000000
v 56.929417 64.990250 117.000000
v 56.917023 64.974983 117.000000
v 56.869427 64.904579 131.000000
v 56.869427 64.904579 117.000000
v 56.862209 64.891716 117.000000
v 56.825226 64.809792 131.000000
v 56.825226 64.809792 117.000000
v 56.821941 64.800529 117.000000
v 56.798157 64.708771 131.000000
v 56.798157 64.708771 117.000000
v 56.797325 64.703926 117.000000
v 63.695557 56.416409 117.000000
v 63.695557 56.416409 131.000000
v 63.698158 56.400391 117.000000
v 63.698158 56.400391 131.000000
v 63.718346 56.319359 117.000000
v 63.718346 56.319359 131.000000
v 63.725227 56.299370 117.000000
v 63.725227 56.299370 131.000000
v 63.756893 56.227425 117.000000
v 63.756893 56.227425 131.000000
v 63.769428 56.204582 117.000000
v 63.769428 56.204582 131.000000
v 63.810127 56.143139 117.000000
v 63.810127 56.143139 131.000000
v 63.829414 56.118908 117.000000
v 63.829414 56.118908 131.000000
v 63.876583 56.068832 117.000000
v 63.876583 56.068832 131.000000
v 63.903370 56.044952 117.000000
v 63.903370 56.044952 131.000000
v 63.954422 56.006554 117.000000
v 63.954422 56.006554 131.000000
v 63.989044 55.984966 117.000000
v 63.989044 55.984966 131.000000
v 64.041504 55.958027 117.000000
v 64.041504 55.958027 131.000000
v 64.083832 55.940765 117.000000
v 64.083832 55.940765 131.000000
v 64.135414 55.924583 117.000000
v 64.135414 55.924583 131.000000
v 64.184853 55.913696 117.000000
v 64.184853 55.913696 131.000000
v 64.233566 55.907150 117.000000
v 64.233566 55.907150 131.000000
v 64.289040 55.904579 117.000000
v 64.289040 55.904579 131.000000
v 64.333252 55.906212 117.000000
v 64.333252 55.906212 131.000000
v 64.393234 55.913696 117.000000
v 64.393234 55.913696 131.000000
v 64.431709 55.921791 117.000000
v 64.431709 55.921791 131.000000
v 64.494255 55.940765 117.000000
v 64.494255 55.940765 131.000000
v 64.526237 55.953457 117.000000
v 64.526237 55.953457 131.000000
v 64.589043 55.984966 117.000000
v 64.589043 55.984966 131.000000
v 64.614212 56.000336 117.000000
v 64.614212 56.000336 131.000000
v 64.674713 56.044952 117.000000
v 64.674713 56.044952 131.000000
v 64.693214 56.061134 117.000000
v 64.693214 56.061134 131.000000
v 64.748672 56.118908 117.000000
v 64.748672 56.118908 131.000000
v 64.761063 56.134178 117.000000
v 64.761063 56.134178 131.000000
v 64.808655 56.204582 117.000000
v 64.808655 56.204582 131.000000
v 64.815872 56.217442 117.000000
v 64.815872 56.217442 131.000000
v 64.852859 56.299370 117.000000
v 64.852859 56.299370 131.000000
v 64.856148 56.308636 117.000000
v 64.856148 56.308636 131.000000
v 64.879929 56.400391 117.000000
v 64.879929 56.400391 131.000000
v 64.880760 56.405235 117.000000
v 64.880760 56.405235 131.000000
v 56.797325 56.405235 117.000000
v 56.797325 56.405235 131.000000
v 56.798157 56.400391 117.000000
v 56.798157 56.400391 131.000000
v 56.821941 56.308636 117.000000
v 56.821941 56.308636 131.000000
v 56.825226 56.299370 117.000000
v 56.825226 56.299370 131.000000
v 56.862209 56.217442 117.000000
v 56.862209 56.217442 131.000000
v 56.869427 56.204582 117.000000
v 56.869427 56.204582 131.000000
v 56.917023 56.134178 117.000000
v 56.917023 56.134178 131.000000
v 56.929417 56.118908 117.000000
v 56.929417 56.118908 131.000000
v 56.984867 56.061134 117.000000
v 56.984867 56.061134 131.000000
v 57.003368 56.044952 117.000000
v 57.003368 56.044952 131.000000
v 57.063869 56.000336 117.000000
v 57.063869 56.000336 131.000000
v 57.089043 55.984966 117.000000
v 57.089043 55.984966 131.000000
v 57.151848 55.953457 117.000000
v 57.151848 55.953457 131.000000
v 57.183830 55.940765 117.000000
v 57.183830 55.940765 131.000000
v 57.246372 55.921791 117.000000
v 57.246372 55.921791 131.000000
v 57.284855 55.913696 117.000000
v 57.284855 55.913696 131.000000
v 57.344837 55.906212 117.000000
v 57.344837 55.906212 131.000000
v 57.389042 55.904579 117.000000
v 57.389042 55.904579 131.000000
v 57.444519 55.907150 117.000000
v 57.444519 55.907150 131.000000
v 57.493233 55.913696 117.000000
v 57.493233 55.913696 131.000000
v 57.542671 55.924583 117.000000
v 57.542671 55.924583 131.000000
v 57.594254 55.940765 117.000000
v 57.594254 55.940765 131.000000
v 57.636585 55.958027 117.000000
v 57.636585 55.958027 131.000000
v 57.689041 55.984966 117.000000
v 57.689041 55.984966 131.000000
v 57.723663 56.006554 117.000000
v 57.723663 56.006554 131.000000
v 57.774715 56.044952 117.000000
v 57.774715 56.044952 131.000000
v 57.801502 56.068832 117.000000
v 57.801502 56.068832 131.000000
v 57.848667 56.118908 117.000000
v 57.848667 56.118908 131.000000
v 57.867958 56.143139 117.000000
v 57.867958 56.143139 131.000000
v 57.908657 56.204582 117.000000
v 57.908657 56.204582 131.000000
v 57.921192 56.227425 117.000000
v 57.921192 56.227425 131.000000
v 57.952858 56.299370 117.000000
v 57.952858 56.299370 131.000000
v 57.959736 56.319359 117.000000
v 57.959736 56.319359 131.000000
v 57.979927 56.400391 117.000000
v 57.979927 56.400391 131.000000
v 57.982529 56.416409 117.000000
v 57.982529 56.416409 131.000000
v 58.104095 64.730667 131.126083
v 63.463501 64.872513 131.267929
v 63.579292 64.724365 131.119781
v 58.245930 64.916466 131.311874
v 63.579292 56.384792 131.119781
v 63.463501 56.236649 131.267929
v 58.214584 56.236649 131.267929
v 58.098793 56.384792 131.119781
v 63.463501 56.236649 116.732071
v 58.214584 56.236649 116.732071
v 58.098793 56.384792 116.880211
v 63.579292 56.384792 116.880211
v 58.214584 64.872513 116.732071
v 58.098793 64.724365 116.880211
v 63.432152 64.916466 116.688118
v 63.573990 64.730667 116.873917
vn -0.0000 -1.0000 -0.0000
vn -0.0000 1.0000 -0.0000
vn -0.0000 -1.0000 0.0003
vn -0.0000 -1.0000 0.0001
vn -0.0000 -1.0000 -0.0002
vn -0.0000 -1.0000 -0.0001
vn -0.0000 -1.0000 0.0002
vn -0.3291 0.6280 0.7052
vn -0.0000 -1.0000 0.0009
vn -0.0000 -1.0000 0.0016
vn -0.0000 -1.0000 0.0019
vn 0.5169 -0.4850 -0.7054
vn -0.0000 -0.0000 1.0000
vn -0.7071 -0.0000 -0.7071
vn -0.7279 0.6857 -0.0000
vn -0.0000 1.0000 0.0001
vn -0.0000 1.0000 -0.0001
vn -0.0000 1.0000 0.0002
vn -0.0000 1.0000 -0.0004
vn -0.0000 1.0000 -0.0006
vn -0.0000 1.0000 -0.0002
vn -0.0000 1.0000 -0.0003
vn -0.0000 1.0000 0.0003
vn -0.0000 1.0000 0.0008
vn -0.0000 -0.7071 0.7071
vn -0.0000 1.0000 -0.0008
vn -0.0000 -0.0000 -1.0000
vn -0.0000 1.0000 0.0006
vn -0.0000 1.0000 -0.0007
vn -0.0000 0.9996 -0.0283
vn 0.0871 -0.0000 0.9962
vn 0.6927 -0.0000 0.7213
vn 0.0001 -0.0000 1.0000
vn -0.0001 -0.0000 1.0000
vn 0.0001 -0.0000 -1.0000
vn -0.0001 -0.0000 -1.0000
vn 0.9953 -0.0000 -0.0973
vn 0.4308 -0.0000 0.9024
vn -1.0000 -0.0000 -0.0000
vn 0.7071 -0.0000 -0.7071
vn 0.8088 -0.0000 0.5881
vn -0.7214 0.6925 -0.0000
vn -0.6011 0.7992 -0.0000
vn -0.9999 -0.0000 -0.0138
vn 0.9973 0.0737 -0.0000
vn -0.6006 -0.0000 0.7996
vn 1.0000 -0.0000 -0.0000
vn -0.8043 -0.0000 0.5942
vn -0.5291 0.8486 -0.0000
vn -0.7144 -0.0000 0.6997
vn -0.0791 -0.0000 -0.9969
vn 0.9611 -0.0000 -0.2761
vn -0.4660 -0.0000 0.8848
vn -0.9188 -0.0000 -0.3947
vn 0.0482 -0.0000 -0.9988
vn -0.9196 -0.0000 -0.3928
vn 0.1735 -0.0000 0.9848
vn -0.9993 -0.0000 -0.0375
vn 0.7999 -0.0000 0.6001
vn -0.5240 -0.0000 -0.8517
vn -0.3623 -0.0000 -0.9321
vn -0.8526 -0.0000 -0.5225
vn -0.6924 -0.0000 0.7215
vn 0.9492 -0.0000 0.3148
vn -0.9394 -0.0000 0.3429
vn -0.4855 -0.0000 0.8742
vn 0.0495 -0.0000 0.9988
vn 0.2460 -0.0000 -0.9693
vn -0.8463 -0.0000 -0.5328
vn -0.7781 -0.0000 -0.6282
vn -0.1149 -0.0000 -0.9934
vn 0.3951 -0.0000 0.9187
vn 0.2368 -0.0000 -0.9716
vn 0.8209 -0.0000 0.5710
vn -0.2456 -0.0000 -0.9694
vn -0.2029 -0.0000 0.9792
vn -0.0801 -0.0000 0.9968
vn 0.4486 -0.0000 0.8937
vn -0.9680 0.2509 -0.0000
vn 0.9997 -0.0000 0.0234
vn -0.9082 -0.0000 0.4186
vn -0.8205 -0.0000 0.5716
vn -0.0889 -0.0000 0.9960
vn -0.5400 -0.0000 -0.8416
vn 0.2352 -0.0000 -0.9720
vn -0.9814 -0.0000 -0.1919
vn -0.5788 -0.0000 -0.8155
vn -0.9255 -0.0000 -0.3786
vn 0.9812 -0.0000 -0.1931
vn 0.3251 -0.0000 0.9457
vn 0.6560 -0.0000 -0.7548
vn -0.4051 -0.0000 -0.9143
vn 0.7726 -0.0000 0.6349
vn -0.9966 -0.0000 -0.0823
vn -0.5659 -0.0000 0.8245
vn 0.6058 -0.0000 0.7956
vn -0.9956 -0.0000 0.0932
vn 0.7117 -0.0000 -0.7025
vn -0.6063 -0.0000 0.7952
vn -0.7637 -0.0000 -0.6456
vn -0.7671 -0.0000 -0.6415
vn -0.4471 -0.0000 0.8945
vn -0.0997 -0.0000 0.9950
vn 0.0489 -0.0000 0.9988
vn 0.5153 -0.0000 -0.8570
vn 0.3696 -0.0000 0.9292
vn -0.9997 -0.0000 0.0226
vn 0.8883 -0.0000 0.4592
vn -0.9968 -0.0000 0.0797
vn -0.5382 -0.0000 0.8428
vn -0.9969 -0.0000 0.0793
vn -0.9381 -0.0000 0.3465
vn 0.2624 -0.0000 0.9650
vn 0.2324 -0.0000 -0.9726
vn -0.5009 -0.5010 -0.7058
vn 0.8775 -0.0000 -0.4796
vn -0.4269 -0.0000 -0.9043
vn -0.9029 -0.0000 0.4298
vn 0.0998 -0.0000 0.9950
vn 0.3952 -0.0000 0.9186
vn -0.2421 -0.0000 -0.9703
vn -0.8006 -0.0000 0.5991
vn 0.5312 -0.0000 0.8472
vn -0.9734 -0.0000 0.2290
vn 0.6011 0.7992 -0.0000
vn 0.9392 -0.0000 0.3434
vn 0.6512 -0.0000 -0.7589
vn 0.2871 -0.0000 0.9579
vn -0.3891 -0.0000 -0.9212
vn 0.9032 -0.0000 0.4292
vn 0.9397 -0.0000 0.3420
vn 0.5905 -0.0000 0.8071
vn 0.4218 -0.0000 -0.9067
vn 0.6709 -0.0000 -0.7416
vn -0.2642 -0.0000 0.9645
vn -0.9990 -0.0000 0.0456
vn -0.9895 -0.0000 0.1445
vn 0.3948 -0.0000 -0.9188
vn -0.0903 -0.0000 -0.9959
vn -0.9869 -0.0000 0.1615
vn -0.4212 -0.0000 0.9070
vn -0.8740 -0.0000 -0.4860
vn 0.9238 -0.0000 -0.3829
vn -0.7697 -0.0000 0.6385
vn 0.1332 0.9911 -0.0000
vn 0.8679 -0.0000 -0.4967
vn 0.5270 -0.0000 -0.8499
vn 0.9987 -0.0000 0.0519
vn 0.9153 0.4028 -0.0000
vn 0.0739 -0.0000 -0.9973
vn 0.9924 -0.0000 0.1234
vn 0.9703 0.2417 -0.0000
vn 0.9603 -0.0000 0.2789
vn 0.6699 -0.0000 0.7425
vn 0.7869 -0.0000 -0.6171
vn 0.8809 -0.0000 0.4732
vn 0.4487 -0.0000 0.8937
vn 0.9846 -0.0000 -0.1747
vn -0.9825 -0.0000 0.1860
vn -0.2203 -0.0000 -0.9754
vn -0.8315 -0.0000 0.5555
vn -0.2635 -0.0000 -0.9646
vn -0.3814 -0.0000 -0.9244
vn -0.0422 -0.0000 -0.9991
vn -0.7260 -0.0000 0.6877
vn 0.9958 -0.0000 0.0921
vn -0.9986 -0.0000 0.0526
vn 0.9428 -0.0000 -0.3333
vn -0.9299 -0.0000 -0.3677
vn 0.0887 -0.0000 0.9961
vn -0.9276 -0.0000 -0.3736
vn -0.6655 0.7464 -0.0000
vn 0.9683 -0.0000 -0.2497
vn -0.8653 -0.0000 0.5013
vn 0.9989 -0.0000 -0.0478
vn 0.7471 -0.0000 0.6647
vn 0.8558 -0.0000 -0.5173
vn 0.9244 -0.0000 -0.3814
vn 0.3072 -0.0000 0.9516
vn -0.3857 -0.0000 -0.9226
vn 0.3909 -0.0000 -0.9205
vn -0.7579 -0.0000 -0.6524
vn -0.9531 -0.0000 0.3028
vn -0.9628 -0.2701 -0.0001
vn 0.9669 -0.2551 -0.0000
vn -0.1665 -0.0000 0.9860
vn -0.5787 -0.0000 -0.8155
vn 1.0000 -0.0001 -0.0000
vn -0.3939 -0.0000 0.9191
vn -1.0000 -0.0001 -0.0000
vn 0.3420 -0.0000 -0.9397
vn 0.2471 -0.0000 0.9690
vn -0.9712 -0.0000 0.2384
vn 0.9999 -0.0000 -0.0122
vn 0.5661 -0.0000 0.8243
vn -0.9456 0.3252 -0.0000
vn -0.9919 -0.0000 -0.1273
vn 0.0369 0.9993 -0.0000
vn -0.5856 -0.0000 0.8106
vn 0.7754 -0.0000 -0.6315
vn -0.0369 0.9993 -0.0000
vn 0.8875 -0.0000 0.4609
vn -0.6348 -0.0000 -0.7727
vn 0.9993 -0.0000 -0.0376
vn -0.5072 -0.0000 -0.8618
vn -0.9961 -0.0000 -0.0888
vn 0.0814 -0.0000 0.9967
vn -0.7635 -0.0000 0.6458
vn -0.3831 -0.0000 0.9237
vn -0.9988 -0.0000 0.0497
vn 0.8455 -0.0000 0.5339
vn 0.6476 -0.0000 -0.7620
vn 0.6380 -0.0000 0.7700
vn 0.9353 -0.0000 -0.3539
vn 0.9997 -0.0000 0.0235
vn -0.3638 -0.0000 -0.9315
vn 0.7340 -0.0000 -0.6792
vn 0.9965 0.0830 -0.0000
vn 0.9953 -0.0970 0.0001
vn -0.2115 -0.0000 -0.9774
vn 0.5379 -0.0000 0.8430
vn -0.6537 -0.0000 0.7567
vn 0.6589 -0.0000 0.7523
vn -0.7143 -0.0000 -0.6999
vn -0.9216 -0.0000 0.3880
vn 0.9297 -0.0000 0.3682
vn -0.2126 -0.0000 -0.9771
vn -0.3519 -0.0000 0.9361
vn -0.4305 -0.0000 0.9026
vn 0.9072 -0.0000 -0.4207
vn 0.0829 -0.0000 -0.9966
vn -0.8821 -0.0000 0.4711
vn 0.9181 -0.0000 0.3963
vn -0.9042 -0.0000 0.4272
vn -0.0739 -0.0000 -0.9973
vn -0.9960 -0.0000 -0.0889
vn 0.7915 -0.0000 0.6112
vn -0.8492 -0.0000 0.5281
vn -0.9069 -0.0000 0.4212
vn -0.9998 -0.0000 0.0220
vn 0.9976 -0.0000 -0.0699
vn 0.8695 0.0908 -0.4855
vn 0.8532 -0.0000 -0.5216
vn 0.8293 -0.0000 -0.5587
vn -0.3932 -0.0000 0.9195
vn -0.7054 -0.0000 -0.7088
vn 0.9987 -0.0000 0.0514
vn 0.9464 -0.0000 0.3229
vn 0.9973 -0.0000 -0.0732
vn -0.6681 -0.0000 -0.7440
vn -0.3244 -0.0000 0.9459
vn 0.9962 -0.0000 -0.0876
vn 0.5977 -0.0000 0.8017
vn 0.9753 -0.0000 -0.2209
vn 0.8046 -0.0000 0.5938
vn -0.9973 0.0737 -0.0000
vn 0.4431 -0.0000 0.8965
vn -0.7828 -0.0000 -0.6223
vn 0.5211 0.8535 -0.0000
vn -0.4387 0.5571 -0.7051
vn 0.6474 0.2880 -0.7056
vn 0.2321 -0.6701 0.7050
vn -0.2710 -0.9626 0.0001
vn -0.6223 -0.3362 -0.7069
vn 0.7764 0.6302 -0.0000
vn -0.9901 -0.0000 -0.1404
vn 0.5263 -0.0000 -0.8503
vn -0.9871 0.1601 -0.0000
vn -0.9964 -0.0852 -0.0000
vn 0.4484 0.8938 -0.0000
vn 0.3776 0.9260 -0.0000
vn 0.7604 -0.0000 -0.6495
vn -0.9072 -0.0000 -0.4207
vn 0.2924 -0.0000 0.9563
vn -0.1948 -0.0000 -0.9808
vn 0.7572 -0.0000 -0.6532
vn -0.6583 0.7527 -0.0000
vn 0.0794 -0.0000 -0.9968
vn -0.6219 -0.0000 -0.7831
vn -0.9611 -0.0000 -0.2761
vn 0.9996 -0.0000 0.0291
vn 0.7824 0.6228 -0.0000
vn -0.6610 -0.0000 0.7504
vn -0.4976 -0.0000 -0.8674
vn 0.9426 0.3340 -0.0000
vn 0.5291 0.8486 -0.0000
vn 0.3814 -0.0000 -0.9244
vn -0.9855 0.1694 -0.0000
vn 0.2195 -0.0000 0.9756
vn -0.7071 -0.0000 0.7071
vn 0.9990 -0.0000 0.0456
vn 0.6503 -0.0000 -0.7596
vn -0.7261 -0.0000 0.6876
vn -0.5935 0.8048 -0.0000
vn -0.3946 -0.0000 0.9189
vn -0.8937 -0.0000 0.4487
vn -0.3688 0.9295 -0.0000
vn -0.6561 -0.0000 -0.7547
vn 0.6911 -0.0000 0.7228
vn -0.6468 -0.0000 -0.7626
vn 0.7595 -0.0000 -0.6505
vn -0.0128 -0.7091 -0.7050
vn -0.0000 1.0000 0.0005
vn -0.7068 -0.0000 0.7075
vn 0.9963 -0.0000 0.0857
vn -0.2984 -0.0000 0.9544
vn -0.5256 -0.0000 0.8507
vn -0.0830 -0.0000 -0.9965
vn 0.1122 -0.0000 -0.9937
vn 0.9919 -0.0000 -0.1272
vn 0.9968 -0.0000 0.0799
vn -0.3966 -0.0000 0.9180
vn -0.0661 -0.0000 0.9978
vn -0.2817 -0.0000 -0.9595
vn 0.5342 -0.0000 0.8453
vn 0.2718 -0.0000 -0.9624
vn -0.6471 -0.0000 -0.7624
vn 0.7769 -0.0000 -0.6296
vn 0.9992 -0.0000 -0.0404
vn 0.9968 -0.0000 0.0798
vn 0.2203 -0.0000 -0.9754
vn 0.0904 -0.0000 -0.9959
vn 0.5381 -0.0000 -0.8429
vn -0.8767 0.4811 -0.0000
vn 0.5778 -0.0000 -0.8162
vn -0.4568 0.8896 -0.0000
vn 0.8337 0.5523 -0.0000
vn 0.3869 -0.0000 -0.9221
vn 0.0418 -0.0000 -0.9991
vn -0.0899 -0.0000 -0.9959
vn 0.9186 -0.0000 -0.3952
vn 0.5764 -0.0000 0.8172
vn -0.8531 -0.0000 0.5218
vn -0.0793 -0.0000 0.9968
vn -0.7349 -0.0000 -0.6782
vn 0.9831 -0.0000 0.1832
vn 0.2151 0.9766 -0.0000
vn 0.8668 -0.0000 0.4987
vn -0.8337 0.5522 -0.0000
vn -0.9953 -0.0000 -0.0973
vn 0.9999 -0.0000 -0.0171
vn -0.8549 -0.0000 -0.5188
vn 0.1417 -0.0000 0.9899
vn 0.6830 -0.0000 0.7304
vn -0.0487 -0.0000 0.9988
vn 0.7644 -0.0000 -0.6447
vn -0.5355 -0.0000 -0.8445
vn 0.5338 -0.0000 -0.8456
vn 0.9818 -0.0000 0.1900
vn 0.7106 -0.0000 0.7036
vn 0.9241 -0.0000 0.3822
vn 0.6727 -0.0000 -0.7400
vn -0.9534 -0.0000 0.3016
vn 0.2775 -0.0000 -0.9607
vn -0.9372 -0.0000 -0.3487
vn -0.9999 -0.0000 -0.0171
vn -0.8588 -0.0000 -0.5123
vn -0.9624 -0.0000 0.2717
vn 0.2985 -0.0000 0.9544
vn 0.6609 -0.0000 -0.7505
vn 0.5763 -0.0000 0.8172
vn -0.7774 -0.0000 0.6290
vn -0.9584 -0.0000 0.2853
vn 0.1878 -0.0000 -0.9822
vn 0.2455 -0.0000 0.9694
vn 0.5806 -0.0000 0.8142
vn -0.8086 -0.0000 0.5883
vn -0.8720 0.4896 -0.0000
vn -0.9855 -0.0000 0.1696
vn -0.6422 -0.0000 -0.7665
vn 0.9188 -0.0000 -0.3948
vn -0.6709 -0.0000 -0.7415
vn -0.9983 -0.0000 0.0581
vn 0.1422 -0.0000 0.9898
vn 0.8668 -0.0000 0.4986
vn 0.0804 -0.0000 -0.9968
vn -0.9153 0.4029 -0.0000
vn -0.0854 -0.0000 -0.9963
vn 0.4687 -0.0000 0.8834
vn -0.3921 -0.0000 -0.9199
vn -0.2518 -0.0000 0.9678
vn 0.9681 -0.0000 -0.2507
vn 0.5394 -0.0000 -0.8420
vn -0.0554 -0.0000 -0.9985
vn -0.6512 -0.0000 -0.7589
vn 0.9392 -0.0000 0.3435
vn -0.1332 0.9911 -0.0000
vn -0.2371 -0.0000 -0.9715
vn -0.9271 -0.0000 -0.3747
vn 0.9998 -0.0000 0.0219
vn 0.1238 0.9923 -0.0000
vn -0.9953 -0.0000 0.0967
vn -0.7726 -0.0000 -0.6349
vn 0.6655 0.7464 -0.0000
vn -0.2993 0.9542 -0.0000
vn 0.9998 -0.0000 0.0220
vn 0.0791 -0.0000 -0.9969
vn 0.2437 -0.0000 -0.9699
vn -0.6527 -0.0000 0.7576
vn -0.8813 -0.0000 0.4726
vn 0.4071 -0.0000 0.9134
vn -0.8679 -0.0000 -0.4967
vn -0.5328 -0.0000 -0.8463
vn -0.6615 -0.0000 0.7499
vn -0.8532 -0.0000 -0.5216
vn 0.0900 -0.0000 -0.9959
vn 0.9576 -0.0000 0.2880
vn -0.9933 -0.0000 0.1159
vn 0.8767 0.4811 -0.0000
vn 0.2018 -0.0000 -0.9794
vn 0.9867 -0.0000 0.1624
vn -0.6688 -0.0000 0.7435
vn -0.4291 -0.5644 0.7052
vn 0.1051 0.7013 -0.7050
vn -0.8820 -0.0000 0.4712
vn -0.2868 -0.0000 0.9580
vn 0.9848 -0.0000 0.1736
vn 0.4926 -0.0000 -0.8703
vn -0.9807 -0.0000 0.1955
vn 0.9881 -0.0000 0.1537
vn 0.8569 -0.0000 0.5155
vn 0.8691 -0.0000 -0.4947
vn -0.2421 -0.0000 0.9703
vn -0.2151 0.9766 -0.0000
vn -0.8561 -0.0000 0.5169
vn 0.7780 -0.0000 0.6283
vn -0.2334 -0.0000 0.9724
vn 0.2993 0.9542 -0.0000
vn 0.9855 0.1694 -0.0000
vn -0.5597 -0.0000 0.8287
vn -0.9740 -0.0000 -0.2265
vn 0.8548 -0.0000 -0.5189
vn -0.2419 -0.0000 0.9703
vn 0.9187 -0.0000 -0.3949
vn -0.5272 -0.0000 -0.8498
vn -0.7650 -0.0000 0.6440
vn 0.4528 -0.0000 0.8916
vn -0.1469 -0.0000 0.9891
vn 0.6478 -0.0000 -0.7618
vn -0.0884 -0.0000 0.9961
vn -0.9985 -0.0000 -0.0540
vn 0.5278 -0.0000 0.8493
vn -0.0000 -1.0000 -0.0008
vn -0.0000 -1.0000 -0.0004
vn -0.0000 -1.0000 -0.0009
vn -0.8498 -0.0000 0.5271
vn 0.8313 -0.0000 -0.5559
vn 0.6571 -0.0000 0.7538
vn 0.0880 -0.0000 -0.9961
vn 0.9780 -0.0000 0.2088
vn -0.9747 -0.0000 -0.2233
vn -0.9756 -0.0000 -0.2196
vn -0.9654 -0.0000 0.2607
vn 0.9044 -0.0000 0.4267
vn 0.9990 -0.0000 0.0446
vn 0.9475 -0.0000 0.3196
vn -0.5064 -0.0000 -0.8623
vn 0.9871 0.1604 -0.0000
vn 0.2443 -0.0000 0.9697
vn 0.7605 -0.0000 -0.6493
vn 0.7065 -0.0000 0.7078
vn 0.9862 -0.0000 0.1654
vn -0.4484 0.8938 -0.0000
vn 0.8472 -0.0000 -0.5313
vn -0.9247 -0.0000 0.3808
vn -0.5343 -0.0000 0.8453
vn -0.2903 0.9569 -0.0000
vn -0.7661 -0.0000 -0.6427
vn -0.8326 -0.0000 -0.5539
vn -0.9992 -0.0000 -0.0404
vn -0.5398 -0.0000 -0.8418
vn 0.9987 -0.0000 0.0502
vn 0.4103 -0.0000 -0.9119
vn -0.8596 -0.0000 -0.5110
vn 0.8463 -0.0000 -0.5327
vn 0.8575 -0.0000 0.5145
vn -0.5905 0.3920 0.7055
vn 0.1303 -0.6972 0.7049
vn 0.7059 0.0588 -0.7059
vn 0.2202 -0.6741 -0.7051
vn -0.6863 -0.1759 0.7057
vn -0.0000 -0.7071 -0.7071
vn 0.0793 -0.0000 0.9969
vn 0.3927 -0.0000 -0.9197
vn 0.9680 0.2509 -0.0000
vn 0.3672 -0.0000 -0.9302
vn -0.9994 -0.0000 0.0352
vn -0.7762 -0.0000 -0.6305
vn 0.4568 0.8896 -0.0000
vn 0.3915 -0.0000 0.9202
vn 0.8499 -0.0000 -0.5269
vn -0.3459 -0.0000 -0.9383
vn 0.9621 -0.0000 0.2727
vn 0.6506 -0.0000 -0.7594
vn -0.7823 0.6229 -0.0000
vn 0.0282 -0.0000 0.9996
vn 0.5061 -0.0000 0.8625
vn -0.3892 -0.0000 -0.9212
vn -0.2458 -0.0000 0.9693
vn 0.6193 -0.0000 -0.7852
vn 0.0612 -0.0000 0.9981
vn 0.8981 -0.0000 0.4399
vn -0.2277 -0.0000 -0.9737
vn 0.8158 -0.0000 0.5784
vn -0.9879 -0.0000 0.1551
vn -0.0968 -0.0000 0.9953
vn 0.6583 0.7527 -0.0000
vn 0.5488 -0.0000 -0.8359
vn 0.7620 -0.0000 -0.6475
vn -0.5368 -0.0000 0.8437
vn -0.0760 -0.0000 -0.9971
vn -0.6941 -0.0000 0.7198
vn 0.1484 -0.0000 0.9889
vn -0.0000 -1.0000 0.0004
vn -0.7071 -0.7071 -0.0000
vn -0.7071 0.7071 -0.0000
vn 0.7071 -0.7071 -0.0000
vn 0.7071 0.7071 -0.0000
vn 0.9964 -0.0852 -0.0000
vn -0.9857 -0.1685 -0.0000
vn -0.9087 -0.4175 -0.0000
vn -0.9421 -0.3353 -0.0000
vn 0.9087 -0.4175 -0.0000
vn -0.8720 -0.4894 -0.0000
vn 0.8234 -0.5675 -0.0001
vn -0.7767 -0.6299 -0.0000
vn 0.7134 -0.7008 -0.0001
vn -0.6585 -0.7526 -0.0000
vn 0.5820 -0.8132 -0.0001
vn -0.5213 -0.8534 -0.0000
vn -0.3688 -0.9295 -0.0000
vn 0.2710 -0.9626 -0.0001
vn -0.2058 -0.9786 -0.0000
vn -0.0730 -0.9973 -0.0001
vn -0.0369 -0.9993 -0.0000
vn 0.2446 -0.9696 0.0001
vn 0.1332 -0.9911 -0.0000
vn -0.2446 -0.9696 -0.0001
vn 0.2994 -0.9541 -0.0000
vn -0.4090 -0.9125 -0.0001
vn 0.4568 -0.8896 -0.0000
vn -0.5613 -0.8276 -0.0001
vn 0.6011 -0.7992 -0.0000
vn -0.6967 -0.7174 -0.0001
vn 0.7280 -0.6856 -0.0000
vn -0.8110 -0.5850 -0.0001
vn 0.8337 -0.5523 -0.0000
vn 0.9153 -0.4028 -0.0000
vn 0.9703 -0.2417 -0.0000
vn -0.9953 -0.0970 -0.0001
vn 0.9973 -0.0737 -0.0000
vn -0.9973 -0.0736 -0.0000
vn -0.9703 -0.2418 -0.0000
vn 0.9628 -0.2701 0.0001
vn -0.9153 -0.4028 -0.0000
vn 0.9007 -0.4344 0.0001
vn -0.8337 -0.5523 -0.0000
vn -0.9007 -0.4345 -0.0001
vn -0.7280 -0.6856 -0.0000
vn 0.8110 -0.5850 0.0001
vn -0.6011 -0.7992 -0.0000
vn 0.6967 -0.7174 0.0001
vn -0.4568 -0.8896 -0.0000
vn 0.5613 -0.8276 0.0001
vn -0.2993 -0.9542 -0.0000
vn 0.4090 -0.9125 0.0001
vn -0.1332 -0.9911 -0.0000
vn 0.0730 -0.9973 0.0001
vn 0.0369 -0.9993 -0.0000
vn -0.1006 -0.9949 0.0001
vn 0.2058 -0.9786 -0.0000
vn 0.1006 -0.9949 -0.0001
vn 0.3688 -0.9295 -0.0000
vn -0.4330 -0.9014 0.0001
vn 0.5212 -0.8534 -0.0000
vn 0.4330 -0.9014 -0.0001
vn 0.6583 -0.7527 -0.0000
vn -0.5819 -0.8132 0.0001
vn 0.7762 -0.6304 -0.0000
vn -0.7133 -0.7008 0.0001
vn 0.8720 -0.4894 -0.0000
vn -0.8234 -0.5675 0.0001
vn 0.9427 -0.3337 -0.0000
vn -0.9669 -0.2550 -0.0000
vn 0.9857 -0.1685 -0.0000
vn 0.9693 -0.0000 0.2458
vn -0.0773 -0.0000 -0.9970
vn 0.9864 -0.0000 0.1642
vn -0.9567 -0.0000 0.2911
vn 0.7215 0.6925 -0.0000
vn 0.9704 -0.0000 -0.2414
vn -0.4306 -0.0000 0.9026
vn -0.6663 -0.0000 -0.7457
vn 0.9455 0.3256 -0.0000
vn 0.8720 0.4896 -0.0000
vn -0.7610 -0.0000 -0.6487
vn 0.5935 0.8048 -0.0000
vn 0.3834 -0.0000 -0.9236
vn 0.9114 0.4114 -0.0000
vn -0.9425 0.3343 -0.0000
vn -0.3956 -0.0000 -0.9184
vn 0.7279 0.6857 -0.0000
vn -0.0911 -0.0000 0.9958
vn -0.7628 -0.0000 0.6466
vn -0.8936 -0.0000 -0.4489
vn -0.9686 -0.0000 -0.2485
vn 0.8810 -0.0000 0.4731
vn 0.2058 0.9786 -0.0000
vn -0.9965 0.0831 -0.0000
vn -0.5211 0.8535 -0.0000
vn -0.9265 -0.0000 0.3764
vn 0.0956 -0.0000 0.9954
vn -0.9114 0.4115 -0.0000
vn -0.2059 0.9786 -0.0000
vn 0.8285 0.5601 -0.0000
vn 0.7159 -0.0000 0.6983
vn -0.1238 0.9923 -0.0000
vn -0.7765 0.6301 -0.0000
vn -0.8285 0.5600 -0.0000
vn 0.3688 0.9295 -0.0000
vn 0.2903 0.9569 -0.0000
vn 0.6726 -0.0000 -0.7400
vn 0.9901 -0.0000 -0.1404
vn -0.9996 -0.0000 0.0271
vn -0.9703 0.2418 -0.0000
vn 0.7643 -0.0000 0.6448
vn -0.3776 0.9260 -0.0000
vn -0.9681 -0.0000 -0.2507
vn 0.5247 -0.0000 -0.8513
vn 0.0463 0.9989 -0.0000
vn -0.0304 -0.0000 0.9995
vn -0.0463 0.9989 -0.0000
vn -0.0000 0.7071 -0.7071
vn 0.6869 -0.1712 0.7063
vn 0.6889 -0.1669 0.7054
vn 0.6977 -0.1134 0.7074
vn 0.7096 -0.0524 0.7026
vn 0.6687 -0.2305 0.7068
vn 0.6510 -0.2865 0.7029
vn 0.6536 -0.2719 0.7063
vn -0.6221 0.3360 0.7072
vn -0.5970 -0.3823 -0.7053
vn 0.5533 -0.4404 0.7070
vn 0.5252 0.4764 0.7052
vn 0.4710 -0.5279 0.7067
vn 0.3743 -0.6002 0.7069
vn -0.3401 0.6223 -0.7050
vn 0.2670 -0.6550 0.7069
vn -0.2321 -0.6702 -0.7050
vn -0.1303 -0.6972 -0.7050
vn 0.0940 -0.7011 0.7069
vn 0.0128 0.7091 -0.7050
vn -0.0263 -0.7069 0.7068
vn -0.3401 -0.6223 -0.7050
vn -0.1455 -0.6921 0.7070
vn 0.2202 0.6741 0.7051
vn -0.2607 -0.6575 0.7070
vn -0.5252 -0.4764 -0.7052
vn -0.3685 -0.6034 0.7072
vn -0.4290 0.5644 -0.7053
vn -0.4654 -0.5321 0.7073
vn -0.5169 0.4850 0.7054
vn -0.5494 -0.4456 0.7068
vn 0.5905 0.3920 0.7055
vn -0.6163 -0.3458 0.7075
vn -0.6664 -0.2371 0.7069
vn -0.6863 0.1759 0.7057
vn -0.6964 -0.1206 0.7074
vn -0.6056 -0.3291 0.7245
vn -0.7058 -0.0618 0.7057
vn -0.6842 -0.1833 0.7059
vn 0.6843 -0.1834 0.7058
vn -0.4064 -0.5803 -0.7057
vn 0.0618 -0.7058 -0.7058
vn -0.5803 -0.4064 0.7058
vn 0.2994 -0.6421 -0.7058
vn 0.6421 -0.2994 0.7058
vn -0.2994 -0.6421 0.7058
vn 0.5009 -0.5010 -0.7058
vn 0.1834 -0.6843 0.7058
vn 0.5803 -0.4063 -0.7058
vn -0.6843 -0.1834 -0.7058
vn -0.2994 -0.6421 -0.7058
vn 0.4064 -0.5803 0.7057
vn 0.5009 -0.5009 0.7058
vn 0.7058 -0.0617 0.7058
vn -0.6421 -0.2994 0.7057
vn -0.6421 -0.2994 0.7058
vn -0.6844 -0.1834 0.7057
vn -0.9862 -0.0000 0.1655
vn -0.5312 -0.0000 0.8472
vn 0.7097 0.0524 0.7026
vn 0.6133 0.3160 0.7238
vn 0.6533 0.2739 0.7059
vn 0.6510 0.2865 0.7030
vn 0.6686 0.2305 0.7070
vn 0.6876 0.1687 0.7062
vn 0.6879 0.1714 0.7052
vn 0.6980 0.1134 0.7071
vn -0.7059 -0.0589 0.7059
vn -0.6972 0.1208 0.7067
vn -0.6863 0.1759 -0.7057
vn -0.6663 0.2371 0.7070
vn -0.6474 0.2880 -0.7056
vn -0.6166 0.3462 0.7071
vn -0.5905 0.3920 -0.7055
vn -0.5492 0.4455 0.7070
vn -0.5169 0.4850 -0.7054
vn -0.4654 0.5322 0.7072
vn 0.4290 0.5644 -0.7053
vn -0.3685 0.6035 0.7071
vn 0.3291 0.6280 0.7052
vn -0.2609 0.6573 0.7070
vn -0.1455 0.6921 0.7070
vn 0.1051 -0.7013 -0.7051
vn -0.0263 0.7069 0.7068
vn 0.0128 -0.7091 0.7050
vn 0.0940 0.7011 0.7069
vn -0.1302 0.6972 0.7050
vn 0.2321 0.6701 -0.7050
vn 0.2671 0.6550 0.7068
vn 0.3743 0.6002 0.7069
vn 0.4387 0.5571 -0.7051
vn 0.4709 0.5279 0.7068
vn 0.5252 0.4764 -0.7052
vn 0.5533 0.4404 0.7070
vn -0.5970 0.3823 0.7053
vn 0.6200 0.3402 0.7070
vn -0.6869 0.1712 0.7063
vn -0.6888 0.1670 0.7055
vn -0.6980 0.1134 0.7070
vn -0.7096 0.0524 0.7026
vn -0.6687 0.2300 0.7070
vn -0.6510 0.2866 0.7029
vn -0.6536 0.2719 0.7063
vn 0.6221 0.3360 -0.7072
vn 0.5970 -0.3823 0.7053
vn -0.5533 0.4404 0.7070
vn 0.5252 -0.4764 0.7052
vn -0.4709 0.5279 0.7068
vn 0.4387 0.5571 0.7051
vn -0.3743 0.6002 0.7069
vn 0.3401 0.6223 -0.7050
vn -0.2670 0.6551 0.7068
vn -0.2321 0.6702 -0.7050
vn -0.1302 0.6972 -0.7050
vn -0.0940 0.7011 0.7069
vn -0.0128 0.7091 -0.7050
vn 0.0264 0.7069 0.7069
vn -0.1051 0.7013 -0.7050
vn 0.1455 0.6921 0.7069
vn 0.2202 0.6741 -0.7051
vn 0.2609 0.6573 0.7070
vn 0.3291 0.6280 -0.7052
vn 0.3685 0.6036 0.7071
vn -0.5970 0.3823 -0.7053
vn 0.4653 0.5325 0.7071
vn 0.5169 0.4850 -0.7054
vn 0.5491 0.4457 0.7069
vn 0.5905 0.3920 -0.7055
vn 0.6166 0.3462 0.7071
vn 0.6474 -0.2880 -0.7056
vn 0.6664 0.2360 0.7073
vn 0.7059 -0.0588 -0.7059
vn 0.6964 0.1206 0.7074
vn -0.0000 0.7071 0.7071
vn -0.7097 0.0523 -0.7026
vn -0.6133 0.3160 -0.7238
vn -0.6533 0.2739 -0.7059
vn -0.6509 0.2866 -0.7030
vn -0.6686 0.2301 -0.7071
vn -0.6877 0.1686 -0.7061
vn -0.6880 0.1714 -0.7052
vn -0.6979 0.1134 -0.7071
vn 0.7059 0.0588 0.7059
vn 0.6966 0.1207 -0.7072
vn 0.6863 0.1759 0.7057
vn 0.6664 0.2360 -0.7073
vn 0.6474 0.2880 0.7056
vn 0.6166 0.3462 -0.7071
vn 0.5905 -0.3920 -0.7055
vn 0.5491 0.4457 -0.7069
vn -0.5169 -0.4850 0.7054
vn 0.4653 0.5325 -0.7071
vn 0.4291 -0.5644 -0.7052
vn 0.3685 0.6036 -0.7071
vn -0.3291 0.6280 -0.7052
vn 0.2609 0.6573 -0.7070
vn -0.2202 0.6740 -0.7051
vn 0.1455 0.6921 -0.7069
vn 0.1051 0.7013 0.7051
vn 0.0261 0.7069 -0.7069
vn 0.0128 0.7091 0.7050
vn -0.0940 0.7011 -0.7069
vn -0.2670 0.6551 -0.7068
vn -0.3401 0.6223 0.7050
vn -0.3743 0.6002 -0.7069
vn -0.4387 0.5571 0.7051
vn -0.4709 0.5279 -0.7068
vn -0.5252 0.4764 0.7052
vn -0.5533 0.4404 -0.7070
vn 0.5970 0.3823 -0.7053
vn -0.6200 0.3402 -0.7070
vn 0.6870 0.1711 -0.7062
vn 0.6889 0.1668 -0.7054
vn 0.6980 0.1134 -0.7070
vn 0.7096 0.0524 -0.7026
vn 0.6686 0.2305 -0.7070
vn 0.6509 0.2865 -0.7030
vn 0.6536 0.2719 -0.7063
vn 0.5970 0.3823 0.7053
vn 0.5533 0.4404 -0.7070
vn 0.4709 0.5279 -0.7068
vn -0.4387 -0.5571 -0.7051
vn 0.3743 0.6002 -0.7069
vn 0.3401 0.6223 0.7050
vn 0.2671 0.6550 -0.7068
vn -0.2321 0.6702 0.7050
vn 0.1302 0.6972 0.7050
vn 0.0940 0.7011 -0.7069
vn -0.0261 0.7069 -0.7068
vn -0.1051 0.7013 0.7050
vn -0.1455 0.6921 -0.7070
vn -0.2202 0.6741 0.7051
vn -0.2609 0.6573 -0.7070
vn 0.3292 -0.6280 -0.7052
vn -0.3685 0.6035 -0.7071
vn -0.4290 0.5644 0.7053
vn -0.4654 0.5322 -0.7072
vn -0.5492 0.4455 -0.7070
vn -0.5905 -0.3920 0.7055
vn -0.6166 0.3462 -0.7071
vn -0.6474 -0.2880 0.7056
vn -0.6663 0.2371 -0.7070
vn 0.6863 -0.1759 -0.7057
vn -0.7059 0.0589 0.7059
vn -0.6970 0.1207 -0.7069
vn -0.8518 -0.0000 -0.5239
vn -0.6870 -0.1711 -0.7063
vn -0.6890 -0.1668 -0.7053
vn -0.6975 -0.1134 -0.7076
vn -0.7097 -0.0524 -0.7026
vn -0.6688 -0.2301 -0.7070
vn -0.6510 -0.2866 -0.7029
vn -0.6536 -0.2719 -0.7064
vn 0.6223 -0.3362 0.7069
vn -0.5533 -0.4404 -0.7071
vn -0.5252 0.4764 -0.7052
vn -0.4710 -0.5279 -0.7067
vn 0.4387 -0.5571 0.7051
vn -0.3743 -0.6001 -0.7069
vn 0.3401 -0.6223 0.7050
vn -0.2670 -0.6551 -0.7068
vn 0.2321 0.6702 0.7050
vn 0.1302 0.6972 -0.7050
vn -0.0940 -0.7011 -0.7069
vn -0.0128 0.7091 0.7050
vn 0.0261 -0.7069 -0.7069
vn -0.1051 -0.7013 0.7050
vn 0.1455 -0.6921 -0.7069
vn -0.2202 -0.6741 0.7051
vn 0.2607 -0.6575 -0.7070
vn -0.3292 -0.6280 0.7052
vn 0.3684 -0.6035 -0.7071
vn 0.4290 0.5644 0.7053
vn 0.4652 -0.5324 -0.7072
vn 0.5169 0.4850 0.7054
vn 0.5493 -0.4458 -0.7068
vn 0.6163 -0.3458 -0.7075
vn -0.6474 0.2880 0.7056
vn 0.6664 -0.2360 -0.7073
vn 0.6863 0.1759 -0.7057
vn -0.7059 0.0589 -0.7059
vn 0.6959 -0.1205 -0.7080
vn 0.6056 -0.3292 -0.7245
vn 0.7058 -0.0618 -0.7057
vn 0.6842 -0.1834 -0.7059
vn -0.0618 -0.7058 0.7058
vn -0.1834 -0.6843 -0.7058
vn -0.4064 -0.5803 0.7057
vn -0.5009 -0.5009 0.7058
vn 0.4064 -0.5803 -0.7057
vn 0.1834 -0.6843 -0.7058
vn -0.5803 -0.4063 -0.7058
vn 0.0618 -0.7058 0.7058
vn -0.7058 -0.0618 -0.7058
vn -0.1834 -0.6843 0.7058
vn 0.2994 -0.6421 0.7058
vn -0.6421 -0.2994 -0.7058
vn 0.5803 -0.4064 0.7057
vn -0.0618 -0.7058 -0.7058
vn 0.6421 -0.2994 -0.7057
vn 0.6421 -0.2994 -0.7058
vn 0.6844 -0.1834 -0.7057
vn 0.7071 -0.0000 0.7071
vt 0.000000 0.000000
vt 0.411966 0.224176
vt 0.411966 0.668311
vt 0.073107 0.775232
vt 0.073107 0.117254
vt 0.457489 0.196315
vt 0.485027 0.007591
vt 0.568170 0.187842
vt 0.566029 0.196315
vt 0.455349 0.187842
vt 0.452677 0.180372
vt 0.413421 0.688940
vt 0.415198 0.698468
vt 0.116972 0.884896
vt 0.417610 0.707080
vt 0.420584 0.714514
vt 0.424029 0.720544
vt 0.427840 0.724989
vt 0.494820 0.884896
vt 0.431902 0.727709
vt 0.436092 0.728625
vt 0.440281 0.727709
vt 0.444343 0.724989
vt 0.448155 0.720544
vt 0.581249 0.165872
vt 0.577473 0.169233
vt 0.423017 0.173487
vt 0.419840 0.179598
vt 0.116972 0.007591
vt 0.417112 0.186941
vt 0.412332 0.678784
vt 0.906546 0.007591
vt 0.610230 0.204478
vt 0.608610 0.195312
vt 0.442269 0.165872
vt 0.438323 0.164120
vt 0.434314 0.164025
vt 0.430355 0.165591
vt 0.426554 0.168774
vt 0.606407 0.186941
vt 0.603679 0.179598
vt 0.600502 0.173487
vt 0.449547 0.174112
vt 0.446045 0.169233
vt 0.606407 0.705545
vt 0.608610 0.697175
vt 0.906546 0.884896
vt 0.610230 0.688008
vt 0.611220 0.214189
vt 0.950411 0.117254
vt 0.414908 0.195312
vt 0.413289 0.204478
vt 0.412299 0.214189
vt 0.570842 0.180372
vt 0.573972 0.174112
vt 0.568170 0.704644
vt 0.570842 0.712114
vt 0.596964 0.723712
vt 0.600502 0.719000
vt 0.603679 0.712888
vt 0.950411 0.775232
vt 0.611220 0.678297
vt 0.611553 0.668311
vt 0.611553 0.224176
vt 0.596964 0.168774
vt 0.593163 0.165591
vt 0.589204 0.164025
vt 0.585196 0.164120
vt 0.573972 0.718375
vt 0.577473 0.723253
vt 0.581249 0.726615
vt 0.585196 0.728367
vt 0.589204 0.728461
vt 0.593163 0.726895
vt 0.451599 0.714514
vt 0.454573 0.707080
s 0
usemtl 材质.002
f 1/1/1 2/1/1 3/1/1
f 4/1/1 5/1/1 6/1/1
f 3/1/1 2/1/1 6/1/1
f 6/1/1 2/1/1 7/1/1
f 6/1/1 7/1/1 4/1/1
f 365/1/2 362/1/2 340/1/2 364/1/2
f 10/1/1 11/1/1 6/1/1
f 6/1/1 11/1/1 12/1/1
f 12/1/1 13/1/1 6/1/1
f 6/1/1 13/1/1 14/1/1
f 6/1/1 14/1/1 9/1/1
f 15/1/1 16/1/1 3/1/1
f 15/1/1 3/1/1 17/1/1
f 18/1/3 19/1/3 10/1/3
f 20/1/1 21/1/1 22/1/1
f 23/1/1 24/1/1 22/1/1
f 22/1/1 24/1/1 25/1/1
f 22/1/1 25/1/1 26/1/1
f 16/1/1 27/1/1 3/1/1
f 3/1/4 27/1/4 28/1/4
f 3/1/5 28/1/5 1/1/5
f 29/1/4 30/1/4 31/1/4
f 31/1/1 30/1/1 32/1/1
f 31/1/1 32/1/1 33/1/1
f 34/1/6 9/1/6 35/1/6
f 34/1/1 35/1/1 36/1/1
f 29/1/1 37/1/1 30/1/1
f 30/1/1 37/1/1 38/1/1
f 30/1/1 38/1/1 39/1/1
f 39/1/1 38/1/1 40/1/1
f 39/1/1 40/1/1 41/1/1
f 22/1/1 42/1/1 3/1/1
f 3/1/7 42/1/7 43/1/7
f 43/1/5 44/1/5 3/1/5
f 3/1/4 44/1/4 45/1/4
f 3/1/6 45/1/6 17/1/6
f 41/1/1 40/1/1 46/1/1
f 46/1/1 40/1/1 47/1/1
f 957/1/2 958/1/2 1007/1/2 1006/1/2
f 48/1/5 49/1/5 50/1/5
f 5/1/1 51/1/1 6/1/1
f 6/1/1 51/1/1 52/1/1
f 6/1/1 52/1/1 10/1/1
f 10/1/4 52/1/4 53/1/4
f 10/1/6 53/1/6 54/1/6
f 21/1/1 55/1/1 22/1/1
f 22/1/1 55/1/1 56/1/1
f 22/1/1 56/1/1 57/1/1
f 26/1/1 58/1/1 22/1/1
f 22/1/1 58/1/1 59/1/1
f 22/1/1 59/1/1 60/1/1
f 54/1/3 61/1/3 10/1/3
f 10/1/6 61/1/6 62/1/6
f 10/1/6 62/1/6 18/1/6
f 1301/1/1 1302/1/1 1362/1/1 1361/1/1
f 1014/1/2 1015/1/2 967/1/2 966/1/2
f 65/1/1 66/1/1 67/1/1
f 67/1/1 66/1/1 68/1/1
f 67/1/5 68/1/5 19/1/5
f 19/1/1 68/1/1 69/1/1
f 19/1/1 69/1/1 10/1/1
f 70/1/1 71/1/1 72/1/1
f 72/1/1 71/1/1 73/1/1
f 72/1/1 73/1/1 74/1/1
f 75/1/1 76/1/1 22/1/1
f 22/1/1 76/1/1 77/1/1
f 22/1/1 77/1/1 20/1/1
f 60/1/1 78/1/1 22/1/1
f 22/1/1 78/1/1 79/1/1
f 22/1/1 79/1/1 42/1/1
f 74/1/4 80/1/4 72/1/4
f 72/1/1 80/1/1 81/1/1
f 72/1/1 81/1/1 22/1/1
f 22/1/1 81/1/1 82/1/1
f 22/1/1 82/1/1 75/1/1
f 36/1/1 83/1/1 34/1/1
f 34/1/1 83/1/1 84/1/1
f 34/1/1 84/1/1 85/1/1
f 85/1/1 86/1/1 34/1/1
f 34/1/1 86/1/1 87/1/1
f 34/1/1 87/1/1 88/1/1
f 57/1/1 89/1/1 22/1/1
f 22/1/6 89/1/6 33/1/6
f 22/1/1 33/1/1 23/1/1
f 23/1/6 33/1/6 32/1/6
f 88/1/1 90/1/1 34/1/1
f 1298/1/1 1299/1/1 1359/1/1 1358/1/1
f 72/1/1 91/1/1 92/1/1
f 72/1/1 92/1/1 70/1/1
f 1581/1/8 1579/1/8 618/1/8 596/1/8
f 96/1/1 93/1/1 3/1/1
f 3/1/1 95/1/1 22/1/1
f 22/1/1 95/1/1 97/1/1
f 22/1/1 97/1/1 98/1/1
f 99/1/1 100/1/1 101/1/1
f 101/1/1 100/1/1 102/1/1
f 102/1/1 103/1/1 101/1/1
f 101/1/1 103/1/1 104/1/1
f 101/1/6 104/1/6 105/1/6
f 106/1/1 107/1/1 108/1/1
f 108/1/1 107/1/1 109/1/1
f 108/1/1 109/1/1 110/1/1
f 111/1/1 112/1/1 113/1/1
f 113/1/4 112/1/4 114/1/4
f 113/1/1 114/1/1 115/1/1
f 116/1/1 117/1/1 118/1/1
f 118/1/1 117/1/1 119/1/1
f 120/1/1 121/1/1 22/1/1
f 115/1/1 122/1/1 113/1/1
f 113/1/1 122/1/1 123/1/1
f 113/1/1 123/1/1 124/1/1
f 123/1/1 125/1/1 124/1/1
f 124/1/1 125/1/1 126/1/1
f 124/1/1 126/1/1 127/1/1
f 128/1/9 129/1/9 130/1/9
f 130/1/1 129/1/1 131/1/1
f 130/1/1 131/1/1 132/1/1
f 118/1/1 133/1/1 134/1/1
f 135/1/1 136/1/1 118/1/1
f 118/1/1 136/1/1 137/1/1
f 118/1/1 137/1/1 116/1/1
f 118/1/1 138/1/1 139/1/1
f 119/1/1 140/1/1 118/1/1
f 118/1/1 140/1/1 141/1/1
f 118/1/1 141/1/1 142/1/1
f 142/1/1 141/1/1 143/1/1
f 144/1/1 145/1/1 146/1/1
f 146/1/6 145/1/6 147/1/6
f 146/1/4 147/1/4 131/1/4
f 131/1/1 147/1/1 148/1/1
f 131/1/1 148/1/1 132/1/1
f 128/1/1 149/1/1 22/1/1
f 22/1/4 149/1/4 150/1/4
f 22/1/1 150/1/1 151/1/1
f 152/1/1 153/1/1 118/1/1
f 118/1/1 153/1/1 154/1/1
f 118/1/4 154/1/4 138/1/4
f 143/1/1 155/1/1 142/1/1
f 142/1/1 155/1/1 156/1/1
f 142/1/10 156/1/10 157/1/10
f 142/1/1 158/1/1 159/1/1
f 160/1/1 161/1/1 162/1/1
f 160/1/1 163/1/1 164/1/1
f 164/1/1 163/1/1 165/1/1
f 121/1/1 166/1/1 22/1/1
f 22/1/1 166/1/1 167/1/1
f 22/1/1 167/1/1 128/1/1
f 128/1/1 167/1/1 168/1/1
f 128/1/1 168/1/1 129/1/1
f 110/1/4 152/1/4 108/1/4
f 108/1/1 152/1/1 118/1/1
f 108/1/1 118/1/1 113/1/1
f 113/1/1 118/1/1 22/1/1
f 113/1/1 22/1/1 111/1/1
f 111/1/1 22/1/1 151/1/1
f 139/1/1 169/1/1 118/1/1
f 118/1/4 169/1/4 170/1/4
f 118/1/1 170/1/1 133/1/1
f 171/1/4 172/1/4 118/1/4
f 118/1/6 172/1/6 173/1/6
f 118/1/1 173/1/1 135/1/1
f 174/1/1 175/1/1 160/1/1
f 160/1/1 175/1/1 176/1/1
f 177/1/4 178/1/4 179/1/4
f 179/1/6 178/1/6 180/1/6
f 179/1/1 180/1/1 181/1/1
f 181/1/4 182/1/4 179/1/4
f 179/1/1 182/1/1 183/1/1
f 179/1/1 183/1/1 184/1/1
f 185/1/4 186/1/4 187/1/4
f 188/1/6 189/1/6 190/1/6
f 190/1/6 189/1/6 191/1/6
f 190/1/4 191/1/4 134/1/4
f 192/1/1 142/1/1 193/1/1
f 193/1/11 142/1/11 157/1/11
f 749/1/2 750/1/2 765/1/2 766/1/2
f 863/1/2 864/1/2 831/1/2 832/1/2
f 179/1/1 196/1/1 177/1/1
f 197/1/1 142/1/1 198/1/1
f 198/1/1 142/1/1 159/1/1
f 426/1/2 394/1/2 427/1/2 425/1/2
f 195/1/1 196/1/1 179/1/1 194/1/1
f 201/1/1 202/1/1 203/1/1
f 162/1/1 204/1/1 160/1/1
f 160/1/1 204/1/1 205/1/1
f 160/1/1 205/1/1 163/1/1
f 206/1/1 207/1/1 208/1/1
f 184/1/1 209/1/1 179/1/1
f 179/1/1 209/1/1 210/1/1
f 179/1/1 210/1/1 211/1/1
f 211/1/1 212/1/1 179/1/1
f 179/1/1 212/1/1 213/1/1
f 179/1/1 213/1/1 214/1/1
f 191/1/1 215/1/1 134/1/1
f 134/1/1 215/1/1 216/1/1
f 134/1/1 216/1/1 118/1/1
f 118/1/1 216/1/1 217/1/1
f 118/1/1 217/1/1 171/1/1
f 218/1/1 219/1/1 220/1/1
f 218/1/1 221/1/1 222/1/1
f 222/1/4 221/1/4 223/1/4
f 176/1/1 224/1/1 160/1/1
f 160/1/1 224/1/1 225/1/1
f 160/1/1 225/1/1 161/1/1
f 165/1/1 163/1/1 208/1/1
f 208/1/6 163/1/6 226/1/6
f 208/1/1 226/1/1 206/1/1
f 214/1/1 227/1/1 179/1/1
f 179/1/1 227/1/1 228/1/1
f 179/1/1 228/1/1 187/1/1
f 187/1/6 228/1/6 229/1/6
f 187/1/1 229/1/1 185/1/1
f 127/1/1 158/1/1 124/1/1
f 124/1/1 158/1/1 142/1/1
f 124/1/1 142/1/1 230/1/1
f 230/1/1 142/1/1 192/1/1
f 1521/1/12 1523/1/12 696/1/12 695/1/12
f 583/2/13 584/3/13 559/4/13 558/5/13
f 160/1/1 233/1/1 174/1/1
f 232/1/1 233/1/1 160/1/1 231/1/1
f 383/1/2 436/1/2 435/1/2 434/1/2
f 197/1/1 237/1/1 142/1/1
f 142/1/1 237/1/1 238/1/1
f 234/1/4 239/1/4 218/1/4
f 218/1/1 239/1/1 240/1/1
f 218/1/1 240/1/1 241/1/1
f 203/1/4 242/1/4 201/1/4
f 201/1/6 242/1/6 243/1/6
f 201/1/1 243/1/1 244/1/1
f 244/1/4 245/1/4 201/1/4
f 201/1/1 245/1/1 246/1/1
f 201/1/1 246/1/1 247/1/1
f 248/1/4 249/1/4 250/1/4
f 207/1/1 251/1/1 208/1/1
f 208/1/1 251/1/1 252/1/1
f 208/1/1 252/1/1 253/1/1
f 220/1/1 254/1/1 218/1/1
f 218/1/1 254/1/1 255/1/1
f 218/1/1 255/1/1 221/1/1
f 256/1/1 257/1/1 258/1/1
f 247/1/1 259/1/1 201/1/1
f 201/1/1 259/1/1 260/1/1
f 201/1/1 260/1/1 261/1/1
f 261/1/1 262/1/1 201/1/1
f 201/1/1 262/1/1 263/1/1
f 201/1/1 263/1/1 264/1/1
f 241/1/1 265/1/1 218/1/1
f 218/1/1 265/1/1 266/1/1
f 218/1/1 266/1/1 219/1/1
f 223/1/1 221/1/1 258/1/1
f 258/1/5 221/1/5 267/1/5
f 258/1/1 267/1/1 256/1/1
f 264/1/1 268/1/1 201/1/1
f 201/1/1 268/1/1 269/1/1
f 201/1/1 269/1/1 250/1/1
f 250/1/6 269/1/6 270/1/6
f 250/1/1 270/1/1 248/1/1
f 257/1/1 271/1/1 258/1/1
f 258/1/1 271/1/1 272/1/1
f 258/1/3 272/1/3 273/1/3
f 674/1/14 673/1/14 715/1/14 713/1/14
f 3/1/1 142/1/1 96/1/1
f 96/1/1 142/1/1 238/1/1
f 347/1/2 348/1/2 340/1/2 326/1/2
f 98/1/1 275/1/1 22/1/1
f 22/1/1 275/1/1 101/1/1
f 22/1/1 101/1/1 120/1/1
f 120/1/1 101/1/1 105/1/1
f 1657/1/15 1659/1/15 1658/1/15 1656/1/15
f 279/1/2 280/1/2 281/1/2
f 282/1/16 283/1/16 284/1/16
f 285/1/2 286/1/2 287/1/2
f 288/1/2 289/1/2 290/1/2
f 291/1/2 292/1/2 285/1/2
f 285/1/16 292/1/16 293/1/16
f 285/1/2 293/1/2 294/1/2
f 285/1/2 287/1/2 290/1/2
f 290/1/2 287/1/2 295/1/2
f 290/1/17 295/1/17 288/1/17
f 296/1/2 297/1/2 284/1/2
f 284/1/17 297/1/17 298/1/17
f 284/1/2 298/1/2 299/1/2
f 300/1/17 301/1/17 302/1/17
f 303/1/2 304/1/2 305/1/2
f 305/1/18 304/1/18 284/1/18
f 305/1/17 284/1/17 306/1/17
f 306/1/17 284/1/17 283/1/17
f 307/1/19 308/1/19 281/1/19
f 281/1/2 308/1/2 309/1/2
f 281/1/2 309/1/2 279/1/2
f 310/1/2 311/1/2 300/1/2
f 300/1/18 311/1/18 312/1/18
f 300/1/17 312/1/17 301/1/17
f 280/1/2 313/1/2 281/1/2
f 588/6/13 22/7/13 608/8/13 607/9/13
f 314/1/2 300/1/2 302/1/2
f 294/1/17 315/1/17 285/1/17
f 285/1/18 315/1/18 316/1/18
f 285/1/2 316/1/2 286/1/2
f 317/1/2 318/1/2 319/1/2
f 319/1/20 318/1/20 320/1/20
f 319/1/2 320/1/2 321/1/2
f 321/1/20 320/1/20 322/1/20
f 321/1/2 322/1/2 300/1/2
f 300/1/21 322/1/21 323/1/21
f 300/1/22 323/1/22 310/1/22
f 324/1/2 325/1/2 326/1/2
f 326/1/2 325/1/2 327/1/2
f 326/1/2 327/1/2 328/1/2
f 299/1/2 329/1/2 284/1/2
f 284/1/16 329/1/16 330/1/16
f 284/1/2 330/1/2 282/1/2
f 296/1/2 284/1/2 281/1/2
f 281/1/2 284/1/2 331/1/2
f 281/1/2 331/1/2 307/1/2
f 289/1/2 332/1/2 290/1/2
f 290/1/16 332/1/16 333/1/16
f 290/1/2 333/1/2 334/1/2
f 328/1/2 335/1/2 326/1/2
f 326/1/2 335/1/2 336/1/2
f 326/1/2 336/1/2 337/1/2
f 338/1/2 339/1/2 340/1/2
f 340/1/2 339/1/2 341/1/2
f 340/1/2 341/1/2 342/1/2
f 334/1/2 343/1/2 290/1/2
f 290/1/18 343/1/18 344/1/18
f 290/1/2 344/1/2 345/1/2
f 337/1/2 346/1/2 326/1/2
f 326/1/2 346/1/2 347/1/2
f 9/1/1 34/1/1 8/1/1 6/1/1
f 340/1/2 348/1/2 338/1/2
f 345/1/19 349/1/19 290/1/19
f 290/1/16 349/1/16 350/1/16
f 290/1/23 350/1/23 351/1/23
f 317/1/2 352/1/2 318/1/2
f 318/1/17 352/1/17 353/1/17
f 318/1/2 353/1/2 326/1/2
f 326/1/16 353/1/16 354/1/16
f 326/1/2 354/1/2 324/1/2
f 355/1/2 356/1/2 357/1/2
f 357/1/2 356/1/2 358/1/2
f 357/1/2 358/1/2 359/1/2
f 359/1/2 358/1/2 290/1/2
f 359/1/2 290/1/2 326/1/2
f 326/1/2 290/1/2 351/1/2
f 326/1/24 351/1/24 318/1/24
f 285/1/2 360/1/2 361/1/2
f 278/1/2 362/1/2 363/1/2
f 342/1/2 364/1/2 340/1/2
f 64/1/1 66/1/1 65/1/1 63/1/1
f 362/1/2 365/1/2 366/1/2
f 362/1/2 366/1/2 367/1/2
f 368/1/2 369/1/2 363/1/2
f 367/1/2 370/1/2 362/1/2
f 362/1/2 370/1/2 371/1/2
f 362/1/2 371/1/2 372/1/2
f 1291/1/1 1256/1/1 1257/1/1 1290/1/1
f 304/1/17 285/1/17 373/1/17
f 373/1/16 285/1/16 361/1/16
f 718/1/25 1676/1/25 1674/1/25 716/1/25
f 374/1/2 363/1/2 375/1/2
f 375/1/2 363/1/2 369/1/2
f 372/1/2 376/1/2 362/1/2
f 362/1/2 376/1/2 377/1/2
f 362/1/2 377/1/2 363/1/2
f 363/1/2 377/1/2 378/1/2
f 363/1/16 378/1/16 368/1/16
f 379/1/2 380/1/2 381/1/2
f 382/1/2 383/1/2 359/1/2
f 357/1/2 384/1/2 379/1/2
f 381/1/2 385/1/2 379/1/2
f 379/1/2 385/1/2 386/1/2
f 379/1/2 386/1/2 387/1/2
f 388/1/2 276/1/2 389/1/2
f 389/1/21 276/1/21 390/1/21
f 388/1/2 391/1/2 276/1/2
f 276/1/16 391/1/16 392/1/16
f 276/1/2 392/1/2 393/1/2
f 394/1/2 395/1/2 359/1/2
f 396/1/2 397/1/2 276/1/2
f 276/1/16 397/1/16 398/1/16
f 276/1/16 398/1/16 390/1/16
f 424/1/2 426/1/2 425/1/2 423/1/2
f 157/1/1 195/1/1 194/1/1 193/1/1
f 404/1/2 405/1/2 406/1/2
f 406/1/2 405/1/2 407/1/2
f 406/1/26 408/1/26 409/1/26
f 409/1/2 408/1/2 410/1/2
f 409/1/2 410/1/2 411/1/2
f 403/1/2 382/1/2 359/1/2
f 403/1/2 359/1/2 412/1/2
f 412/1/2 359/1/2 413/1/2
f 682/1/27 702/1/27 359/1/27 681/1/27
f 414/1/2 276/1/2 415/1/2
f 415/1/2 276/1/2 393/1/2
f 416/1/2 417/1/2 384/1/2
f 384/1/2 417/1/2 418/1/2
f 384/1/16 418/1/16 419/1/16
f 419/1/17 420/1/17 384/1/17
f 384/1/2 420/1/2 421/1/2
f 384/1/2 421/1/2 422/1/2
f 1347/1/1 1348/1/1 1329/1/1 1330/1/1
f 402/1/2 382/1/2 403/1/2 401/1/2
f 428/1/2 429/1/2 430/1/2
f 430/1/2 429/1/2 431/1/2
f 430/1/2 431/1/2 410/1/2
f 410/1/16 431/1/16 432/1/16
f 410/1/2 432/1/2 411/1/2
f 433/1/2 359/1/2 434/1/2
f 434/1/2 359/1/2 383/1/2
f 469/1/2 470/1/2 395/1/2 468/1/2
f 1106/1/1 1107/1/1 1120/1/1 1121/1/1
f 437/1/2 438/1/2 439/1/2
f 407/1/2 440/1/2 406/1/2
f 406/1/2 440/1/2 441/1/2
f 406/1/16 441/1/16 408/1/16
f 387/1/19 442/1/19 379/1/19
f 379/1/28 442/1/28 404/1/28
f 379/1/2 404/1/2 357/1/2
f 357/1/2 404/1/2 406/1/2
f 357/1/21 406/1/21 443/1/21
f 427/1/2 394/1/2 359/1/2
f 427/1/2 359/1/2 444/1/2
f 444/1/2 359/1/2 433/1/2
f 444/1/2 433/1/2 445/1/2
f 445/1/2 433/1/2 384/1/2
f 445/1/2 384/1/2 446/1/2
f 446/1/2 384/1/2 422/1/2
f 447/1/2 448/1/2 449/1/2
f 399/1/2 450/1/2 400/1/2
f 400/1/2 450/1/2 451/1/2
f 400/1/2 451/1/2 452/1/2
f 453/1/16 454/1/16 455/1/16
f 455/1/2 454/1/2 456/1/2
f 455/1/2 456/1/2 457/1/2
f 457/1/2 456/1/2 458/1/2
f 459/1/2 460/1/2 461/1/2
f 461/1/16 460/1/16 462/1/16
f 461/1/26 462/1/26 463/1/26
f 463/1/2 462/1/2 454/1/2
f 463/1/2 454/1/2 464/1/2
f 464/1/2 454/1/2 453/1/2
f 461/1/18 465/1/18 357/1/18
f 357/1/26 465/1/26 466/1/26
f 357/1/2 466/1/2 384/1/2
f 384/1/29 466/1/29 467/1/29
f 384/1/18 467/1/18 416/1/18
f 436/1/2 438/1/2 437/1/2 435/1/2
f 192/1/1 232/1/1 231/1/1 230/1/1
f 395/1/2 470/1/2 359/1/2
f 359/1/2 470/1/2 471/1/2
f 359/1/2 471/1/2 357/1/2
f 357/1/2 471/1/2 472/1/2
f 357/1/2 472/1/2 473/1/2
f 474/1/2 400/1/2 475/1/2
f 475/1/2 400/1/2 476/1/2
f 474/1/2 477/1/2 400/1/2
f 400/1/2 477/1/2 478/1/2
f 400/1/2 478/1/2 479/1/2
f 400/1/17 480/1/17 481/1/17
f 423/1/2 482/1/2 424/1/2
f 424/1/2 482/1/2 483/1/2
f 424/1/2 483/1/2 484/1/2
f 473/1/2 485/1/2 486/1/2
f 452/1/2 487/1/2 400/1/2
f 400/1/2 487/1/2 488/1/2
f 400/1/2 488/1/2 476/1/2
f 479/1/2 489/1/2 400/1/2
f 400/1/2 489/1/2 490/1/2
f 400/1/2 490/1/2 480/1/2
f 437/1/2 491/1/2 492/1/2
f 493/1/2 494/1/2 495/1/2
f 496/1/2 424/1/2 497/1/2
f 497/1/2 424/1/2 498/1/2
f 496/1/2 499/1/2 424/1/2
f 424/1/2 499/1/2 500/1/2
f 424/1/2 500/1/2 501/1/2
f 424/1/17 502/1/17 503/1/17
f 486/1/2 504/1/2 473/1/2
f 473/1/2 504/1/2 505/1/2
f 473/1/2 505/1/2 506/1/2
f 506/1/19 507/1/19 473/1/19
f 473/1/28 507/1/28 508/1/28
f 473/1/16 508/1/16 357/1/16
f 357/1/29 508/1/29 509/1/29
f 357/1/2 509/1/2 461/1/2
f 461/1/16 509/1/16 510/1/16
f 461/1/17 510/1/17 459/1/17
f 439/1/2 511/1/2 437/1/2
f 437/1/2 511/1/2 512/1/2
f 437/1/17 512/1/17 513/1/17
f 492/1/18 514/1/18 437/1/18
f 437/1/17 514/1/17 515/1/17
f 437/1/2 515/1/2 516/1/2
f 516/1/2 515/1/2 517/1/2
f 484/1/2 518/1/2 424/1/2
f 424/1/2 518/1/2 519/1/2
f 424/1/16 519/1/16 498/1/16
f 501/1/2 520/1/2 424/1/2
f 424/1/2 520/1/2 521/1/2
f 424/1/2 521/1/2 502/1/2
f 447/1/2 522/1/2 523/1/2
f 524/1/2 525/1/2 526/1/2
f 481/1/2 527/1/2 400/1/2
f 400/1/2 527/1/2 528/1/2
f 400/1/2 528/1/2 529/1/2
f 529/1/2 528/1/2 530/1/2
f 513/1/2 531/1/2 437/1/2
f 437/1/2 531/1/2 532/1/2
f 437/1/2 532/1/2 491/1/2
f 517/1/2 515/1/2 495/1/2
f 495/1/16 515/1/16 533/1/16
f 495/1/17 533/1/17 493/1/17
f 494/1/2 534/1/2 495/1/2
f 495/1/17 534/1/17 535/1/17
f 495/1/23 535/1/23 536/1/23
f 449/1/2 537/1/2 447/1/2
f 447/1/2 537/1/2 538/1/2
f 447/1/17 538/1/17 539/1/17
f 523/1/18 540/1/18 447/1/18
f 447/1/17 540/1/17 541/1/17
f 447/1/2 541/1/2 542/1/2
f 542/1/2 541/1/2 543/1/2
f 503/1/2 544/1/2 424/1/2
f 424/1/2 544/1/2 545/1/2
f 424/1/2 545/1/2 546/1/2
f 546/1/23 545/1/23 547/1/23
f 539/1/2 548/1/2 447/1/2
f 447/1/2 548/1/2 549/1/2
f 447/1/17 549/1/17 522/1/17
f 543/1/2 541/1/2 526/1/2
f 526/1/16 541/1/16 550/1/16
f 526/1/17 550/1/17 524/1/17
f 525/1/2 551/1/2 526/1/2
f 526/1/17 551/1/17 552/1/17
f 526/1/23 552/1/23 553/1/23
f 363/1/2 355/1/2 278/1/2
f 278/1/2 355/1/2 357/1/2
f 276/1/2 357/1/2 443/1/2
f 276/1/30 443/1/30 396/1/30
f 501/1/31 846/1/31 867/1/31 520/1/31
f 535/1/32 802/1/32 801/1/32 536/1/32
f 562/10/33 563/11/33 22/7/33
f 1217/1/1 1218/1/1 1188/1/1 1173/1/1
f 564/12/13 566/13/13 277/14/13
f 277/14/13 566/13/13 567/15/13
f 277/14/13 567/15/13 568/16/13
f 568/16/13 569/17/13 277/14/13
f 277/14/13 569/17/13 570/18/13
f 277/14/13 570/18/13 278/19/13
f 278/1/13 570/1/13 571/1/13
f 278/19/13 571/20/13 572/21/13
f 572/21/13 573/22/13 278/19/13
f 278/19/13 573/22/13 574/23/13
f 278/19/13 574/23/13 575/24/13
f 576/1/13 577/1/13 22/1/13
f 22/7/13 577/25/13 578/26/13
f 22/1/13 578/1/13 579/1/13
f 580/27/13 581/28/13 72/29/13
f 72/29/13 581/28/13 582/30/13
f 647/1/27 660/1/27 560/1/27 561/1/27
f 559/4/13 584/3/13 565/31/13
f 659/1/27 672/1/27 554/1/27 274/1/27
f 118/32/13 586/33/13 587/34/13
f 562/10/13 22/7/13 588/6/13
f 22/7/13 589/35/13 590/36/13
f 590/36/33 591/37/33 22/7/33
f 22/7/34 591/37/34 592/38/34
f 22/7/13 592/38/13 72/29/13
f 72/29/13 592/38/13 593/39/13
f 72/29/13 593/39/13 580/27/13
f 587/34/13 594/40/13 118/32/13
f 118/32/13 594/40/13 595/41/13
f 118/32/13 595/41/13 596/42/13
f 563/1/13 597/1/13 22/1/13
f 22/7/13 597/43/13 598/44/13
f 22/7/13 598/44/13 589/35/13
f 599/45/13 600/46/13 362/47/13
f 362/47/13 600/46/13 601/48/13
f 585/49/13 586/33/13 118/32/13 556/50/13
f 582/30/13 602/51/13 72/29/13
f 72/29/13 602/51/13 603/52/13
f 326/1/27 555/1/27 634/1/27 633/1/27
f 558/5/13 604/53/13 583/2/13
f 676/1/27 666/1/27 677/1/27 675/1/27
f 1323/1/1 1382/1/1 1381/1/1 1322/1/1
f 608/8/34 22/7/34 609/54/34
f 609/54/13 22/7/13 579/55/13
f 278/19/13 610/56/13 611/57/13
f 612/58/13 613/59/13 362/47/13
f 362/47/13 613/59/13 614/60/13
f 362/47/13 614/60/13 599/45/13
f 557/61/13 615/62/13 616/63/13
f 673/1/27 674/1/27 555/1/27 554/1/27
f 556/50/13 617/64/13 585/49/13
f 596/42/13 618/65/13 118/32/13
f 118/32/13 618/65/13 619/66/13
f 118/32/13 619/66/13 22/7/13
f 22/7/33 619/66/33 620/67/33
f 22/7/34 620/67/34 576/68/34
f 1675/1/25 1677/1/25 1674/1/25 1676/1/25
f 611/57/13 624/69/13 278/19/13
f 278/19/13 624/69/13 625/70/13
f 278/19/13 625/70/13 626/71/13
f 626/71/33 627/72/33 278/19/33
f 278/19/34 627/72/34 628/73/34
f 278/19/13 628/73/13 362/47/13
f 362/47/13 628/73/13 629/74/13
f 362/47/13 629/74/13 612/58/13
f 575/24/13 630/75/13 278/19/13
f 278/19/13 630/75/13 631/76/13
f 278/19/13 631/76/13 610/56/13
f 277/14/13 559/4/13 565/31/13 564/12/13
f 635/1/27 636/1/27 6/1/27
f 633/1/27 637/1/27 326/1/27
f 326/1/27 637/1/27 638/1/27
f 326/1/27 638/1/27 639/1/27
f 639/1/27 640/1/27 326/1/27
f 326/1/27 640/1/27 641/1/27
f 326/1/27 641/1/27 359/1/27
f 359/1/27 641/1/27 642/1/27
f 359/1/27 642/1/27 643/1/27
f 643/1/27 644/1/27 359/1/27
f 359/1/27 644/1/27 645/1/27
f 359/1/27 645/1/27 646/1/27
f 616/63/13 617/64/13 556/50/13 557/61/13
f 6/1/35 648/1/35 649/1/35
f 635/1/27 6/1/27 650/1/27
f 649/1/27 651/1/27 6/1/27
f 6/1/27 651/1/27 652/1/27
f 6/1/27 652/1/27 653/1/27
f 654/1/27 655/1/27 274/1/27
f 274/1/27 655/1/27 656/1/27
f 274/1/27 656/1/27 657/1/27
f 657/1/27 658/1/27 274/1/27
f 274/1/27 658/1/27 659/1/27
f 661/1/27 662/1/27 8/1/27 560/1/27
f 560/1/27 660/1/27 661/1/27
f 698/1/27 699/1/27 561/1/27 413/1/27
f 662/1/27 663/1/27 8/1/27
f 8/1/27 663/1/27 664/1/27
f 8/1/27 664/1/27 665/1/27
f 91/1/1 72/1/1 34/1/1 90/1/1
f 6/1/27 667/1/27 668/1/27
f 6/1/27 668/1/27 650/1/27
f 636/1/27 669/1/27 6/1/27
f 6/1/36 669/1/36 670/1/36
f 6/1/27 670/1/27 274/1/27
f 274/1/27 670/1/27 671/1/27
f 274/1/27 671/1/27 654/1/27
f 554/1/27 672/1/27 673/1/27
f 837/1/2 838/1/2 851/1/2 852/1/2
f 555/1/27 674/1/27 634/1/27
f 701/1/27 702/1/27 682/1/27 700/1/27
f 677/1/27 666/1/27 678/1/27
f 678/1/35 6/1/35 679/1/35
f 679/1/27 6/1/27 653/1/27
f 646/1/27 680/1/27 359/1/27
f 359/1/27 680/1/27 681/1/27
f 1016/1/2 1017/1/2 985/1/2 968/1/2
f 359/1/27 683/1/27 684/1/27
f 665/1/27 685/1/27 8/1/27
f 8/1/27 685/1/27 686/1/27
f 8/1/27 686/1/27 6/1/27
f 6/1/35 686/1/35 687/1/35
f 6/1/36 687/1/36 648/1/36
f 684/1/36 688/1/36 359/1/36
f 359/1/27 688/1/27 689/1/27
f 359/1/36 689/1/36 690/1/36
f 691/1/27 413/1/27 692/1/27
f 692/1/27 413/1/27 359/1/27
f 692/1/27 359/1/27 693/1/27
f 693/1/35 359/1/35 690/1/35
f 691/1/27 694/1/27 413/1/27
f 413/1/27 694/1/27 695/1/27
f 413/1/27 695/1/27 696/1/27
f 696/1/27 697/1/27 413/1/27
f 413/1/27 697/1/27 698/1/27
f 603/52/13 604/53/13 558/5/13 72/29/13
f 561/1/27 699/1/27 647/1/27
f 632/1/13 621/1/13 622/1/13 623/1/13
f 359/1/27 702/1/27 703/1/27
f 359/1/27 703/1/27 683/1/27
f 1410/1/37 1377/1/37 1378/1/37 1409/1/37
f 525/1/38 891/1/38 890/1/38 551/1/38
f 808/1/39 472/1/39 471/1/39 807/1/39
f 707/1/40 705/1/40 660/1/40 647/1/40
f 1404/1/41 1383/1/41 1384/1/41 1403/1/41
f 1587/1/42 1589/1/42 1588/1/42 1586/1/42
f 1653/1/43 1655/1/43 1654/1/43 1652/1/43
f 37/1/44 1321/1/44 1320/1/44 38/1/44
f 708/1/45 1535/1/45 1534/1/45 709/1/45
f 476/1/46 764/1/46 763/1/46 475/1/46
f 806/1/47 434/1/47 435/1/47 796/1/47
f 843/1/47 444/1/47 445/1/47 833/1/47
f 273/1/48 1244/1/48 1243/1/48 258/1/48
f 1651/1/49 1653/1/49 1652/1/49 1650/1/49
f 1166/1/39 99/1/39 101/1/39 1165/1/39
f 488/1/50 765/1/50 764/1/50 476/1/50
f 173/1/51 1094/1/51 1111/1/51 135/1/51
f 92/1/52 1318/1/52 1317/1/52 70/1/52
f 559/1/39 561/1/39 560/1/39 558/1/39
f 475/1/53 763/1/53 762/1/53 474/1/53
f 1427/1/54 1360/1/54 1361/1/54 1426/1/54
f 555/1/47 557/1/47 556/1/47 554/1/47
f 75/1/55 1310/1/55 1309/1/55 76/1/55
f 1058/1/56 994/1/56 995/1/56 1057/1/56
f 274/1/1 142/1/1 3/1/1 6/1/1
f 260/1/57 1204/1/57 1203/1/57 261/1/57
f 1386/1/58 1357/1/58 1358/1/58 1429/1/58
f 265/1/59 1234/1/59 1233/1/59 266/1/59
f 169/1/60 1091/1/60 1090/1/60 170/1/60
f 1422/1/61 1365/1/61 1366/1/61 1421/1/61
f 1059/1/62 993/1/62 994/1/62 1058/1/62
f 252/1/63 1158/1/63 1157/1/63 253/1/63
f 1406/1/64 1381/1/64 1382/1/64 1405/1/64
f 223/1/65 1242/1/65 1241/1/65 222/1/65
f 522/1/66 875/1/66 874/1/66 523/1/66
f 211/1/67 1116/1/67 1115/1/67 212/1/67
f 1112/1/39 156/1/39 155/1/39 1102/1/39
f 509/1/68 824/1/68 823/1/68 510/1/68
f 428/1/69 730/1/69 745/1/69 429/1/69
f 494/1/38 804/1/38 803/1/38 534/1/38
f 380/1/70 723/1/70 726/1/70 381/1/70
f 461/1/71 827/1/71 826/1/71 465/1/71
f 9/1/72 1306/1/72 1305/1/72 35/1/72
f 397/1/73 755/1/73 754/1/73 398/1/73
f 181/1/74 1122/1/74 1121/1/74 182/1/74
f 121/1/75 1180/1/75 1179/1/75 166/1/75
f 540/1/76 873/1/76 872/1/76 541/1/76
f 212/1/77 1115/1/77 1136/1/77 213/1/77
f 162/1/78 1144/1/78 1143/1/78 204/1/78
f 1599/1/79 1601/1/79 1600/1/79 1598/1/79
f 232/1/80 1139/1/80 1151/1/80 233/1/80
f 337/1/81 946/1/81 945/1/81 346/1/81
f 487/1/82 766/1/82 765/1/82 488/1/82
f 318/1/83 923/1/83 941/1/83 320/1/83
f 432/1/84 743/1/84 742/1/84 411/1/84
f 377/1/85 975/1/85 974/1/85 378/1/85
f 125/1/86 1191/1/86 1190/1/86 126/1/86
f 504/1/87 812/1/87 811/1/87 505/1/87
f 146/1/88 1174/1/88 1173/1/88 144/1/88
f 295/1/89 914/1/89 913/1/89 288/1/89
f 209/1/90 1118/1/90 1117/1/90 210/1/90
f 1070/1/91 1026/1/91 1027/1/91 1069/1/91
f 1063/1/92 989/1/92 990/1/92 1062/1/92
f 527/1/93 776/1/93 775/1/93 528/1/93
f 29/1/94 1322/1/94 1321/1/94 37/1/94
f 251/1/95 1159/1/95 1158/1/95 252/1/95
f 1039/1/96 1007/1/96 1008/1/96 1038/1/96
f 45/1/97 1267/1/97 1287/1/97 17/1/97
f 315/1/98 918/1/98 917/1/98 316/1/98
f 532/1/99 789/1/99 788/1/99 491/1/99
f 133/1/100 1089/1/100 1088/1/100 134/1/100
f 1060/1/101 992/1/101 993/1/101 1059/1/101
f 869/1/13 395/1/13 394/1/13 868/1/13
f 69/1/102 1335/1/102 1334/1/102 10/1/102
f 809/1/27 473/1/27 472/1/27 808/1/27
f 783/1/39 436/1/39 383/1/39 782/1/39
f 226/1/103 1140/1/103 1161/1/103 206/1/103
f 163/1/104 1141/1/104 1140/1/104 226/1/104
f 39/1/105 1260/1/105 1259/1/105 30/1/105
f 349/1/106 926/1/106 925/1/106 350/1/106
f 436/1/107 783/1/107 795/1/107 438/1/107
f 241/1/108 1235/1/108 1234/1/108 265/1/108
f 479/1/31 759/1/31 780/1/31 489/1/31
f 210/1/57 1117/1/57 1116/1/57 211/1/57
f 399/1/109 770/1/109 769/1/109 450/1/109
f 227/1/110 1134/1/110 1133/1/110 228/1/110
f 438/1/111 795/1/111 794/1/111 439/1/111
f 249/1/112 1217/1/112 1216/1/112 250/1/112
f 549/1/99 876/1/99 875/1/99 522/1/99
f 1042/1/113 1004/1/113 1005/1/113 1041/1/113
f 291/1/114 922/1/114 921/1/114 292/1/114
f 722/1/2 721/1/2 723/1/2
f 723/1/2 721/1/2 720/1/2
f 782/1/2 781/1/2 771/1/2
f 772/1/2 773/1/2 730/1/2
f 730/1/2 773/1/2 774/1/2
f 861/1/2 862/1/2 832/1/2 817/1/2
f 748/1/16 767/1/16 768/1/16
f 856/1/2 834/1/2 835/1/2 855/1/2
f 1212/1/1 1190/1/1 1191/1/1 1211/1/1
f 818/1/2 819/1/2 877/1/2 878/1/2
f 820/1/16 876/1/16 877/1/16 819/1/16
f 806/1/2 796/1/2 720/1/2
f 720/1/2 796/1/2 797/1/2
f 720/1/2 797/1/2 723/1/2
f 723/1/2 797/1/2 798/1/2
f 723/1/2 798/1/2 799/1/2
f 799/1/2 800/1/2 723/1/2
f 723/1/2 800/1/2 801/1/2
f 1169/1/1 1166/1/1 1244/1/1 1245/1/1
f 1409/1/1 1386/1/1 1429/1/1 1410/1/1
f 1297/1/1 1298/1/1 1358/1/1 1357/1/1
f 891/1/2 892/1/2 816/1/2 811/1/2
f 965/1/2 970/1/2 996/1/2 986/1/2
f 1221/1/1 1222/1/1 1185/1/1 1186/1/1
f 792/1/2 793/1/2 730/1/2
f 730/1/2 793/1/2 794/1/2
f 730/1/2 794/1/2 795/1/2
f 824/1/2 814/1/2 871/1/2 872/1/2
f 47/1/1 49/1/1 48/1/1 46/1/1
f 784/1/2 727/1/2 728/1/2
f 771/1/2 772/1/2 782/1/2
f 782/1/2 772/1/2 730/1/2
f 782/1/2 730/1/2 783/1/2
f 783/1/2 730/1/2 795/1/2
f 1199/1/1 1189/1/1 1201/1/1 1200/1/1
f 1324/1/1 1325/1/1 1383/1/1 1382/1/1
f 770/1/2 747/1/2 769/1/2
f 835/1/2 836/1/2 853/1/2 854/1/2
f 836/1/2 837/1/2 852/1/2 853/1/2
f 1110/1/1 1111/1/1 1117/1/1 1118/1/1
f 1107/1/1 1108/1/1 1119/1/1 1120/1/1
f 875/1/16 821/1/16 822/1/16 874/1/16
f 962/1/2 963/1/2 1018/1/2 1012/1/2
f 763/1/2 752/1/2 753/1/2
f 49/1/1 64/1/1 63/1/1 50/1/1
f 1316/1/1 1317/1/1 1353/1/1 1352/1/1
f 1191/1/1 1192/1/1 1209/1/1 1210/1/1
f 1440/1/115 1443/1/115 639/1/115 638/1/115
f 864/1/2 865/1/2 830/1/2 831/1/2
f 827/1/2 828/1/2 866/1/2 867/1/2
f 804/1/2 805/1/2 729/1/2 724/1/2
f 745/1/2 775/1/2 776/1/2
f 400/1/2 402/1/2 401/1/2 399/1/2
f 1192/1/1 1193/1/1 1208/1/1 1209/1/1
f 743/1/2 778/1/2 742/1/2
f 391/1/116 750/1/116 749/1/116 392/1/116
f 464/1/117 829/1/117 828/1/117 463/1/117
f 1226/1/47 235/1/47 197/1/47 1225/1/47
f 512/1/118 792/1/118 791/1/118 513/1/118
f 782/1/13 383/1/13 382/1/13 781/1/13
f 533/1/119 784/1/119 805/1/119 493/1/119
f 490/1/120 779/1/120 778/1/120 480/1/120
f 77/1/121 1331/1/121 1330/1/121 20/1/121
f 1392/1/122 1351/1/122 1352/1/122 1391/1/122
f 480/1/123 778/1/123 777/1/123 481/1/123
f 259/1/90 1205/1/90 1204/1/90 260/1/90
f 17/1/124 1287/1/124 1286/1/124 15/1/124
f 1553/1/125 1555/1/125 1554/1/125 1552/1/125
f 530/1/126 774/1/126 773/1/126 529/1/126
f 147/1/127 1187/1/127 1186/1/127 148/1/127
f 493/1/128 805/1/128 804/1/128 494/1/128
f 111/1/129 1197/1/129 1196/1/129 112/1/129
f 243/1/130 1210/1/130 1209/1/130 244/1/130
f 517/1/131 799/1/131 798/1/131 516/1/131
f 321/1/132 980/1/132 979/1/132 319/1/132
f 132/1/133 1185/1/133 1184/1/133 130/1/133
f 389/1/134 752/1/134 751/1/134 388/1/134
f 1396/1/135 1343/1/135 1342/1/135 1395/1/135
f 38/1/136 1320/1/136 1341/1/136 40/1/136
f 347/1/137 944/1/137 943/1/137 348/1/137
f 510/1/138 823/1/138 822/1/138 459/1/138
f 24/1/139 1256/1/139 1277/1/139 25/1/139
f 411/1/117 742/1/117 741/1/117 409/1/117
f 1224/1/39 198/1/39 199/1/39 1214/1/39
f 450/1/140 769/1/140 768/1/140 451/1/140
f 1395/1/141 1342/1/141 1349/1/141 1394/1/141
f 122/1/142 1193/1/142 1192/1/142 123/1/142
f 456/1/143 818/1/143 817/1/143 458/1/143
f 229/1/144 1132/1/144 1131/1/144 185/1/144
f 1565/1/145 1567/1/145 1566/1/145 1564/1/145
f 723/1/47 380/1/47 379/1/47 722/1/47
f 1251/1/146 97/1/146 95/1/146 1250/1/146
f 467/1/73 842/1/73 841/1/73 416/1/73
f 1253/1/39 96/1/39 98/1/39 1252/1/39
f 459/1/147 822/1/147 821/1/147 460/1/147
f 400/1/148 772/1/148 771/1/148 402/1/148
f 713/1/39 715/1/39 714/1/39 712/1/39
f 1541/1/149 1543/1/149 1542/1/149 1540/1/149
f 1225/1/13 197/1/13 198/1/13 1224/1/13
f 262/1/77 1202/1/77 1223/1/77 263/1/77
f 153/1/150 1084/1/150 1083/1/150 154/1/150
f 1163/1/13 238/1/13 237/1/13 1249/1/13
f 1033/1/151 1018/1/151 1019/1/151 1032/1/151
f 1537/1/152 1539/1/152 1538/1/152 1536/1/152
f 1034/1/153 1012/1/153 1018/1/153 1033/1/153
f 36/1/154 1304/1/154 1303/1/154 83/1/154
f 482/1/140 856/1/140 855/1/140 483/1/140
f 419/1/155 838/1/155 837/1/155 420/1/155
f 495/1/156 800/1/156 799/1/156 517/1/156
f 220/1/157 1231/1/157 1230/1/157 254/1/157
f 278/1/2 357/1/2 276/1/2 277/1/2
f 422/1/158 835/1/158 834/1/158 446/1/158
f 187/1/159 1129/1/159 1128/1/159 179/1/159
f 268/1/110 1221/1/110 1220/1/110 269/1/110
f 387/1/160 729/1/160 728/1/160 442/1/160
f 513/1/161 791/1/161 790/1/161 531/1/161
f 1064/1/162 988/1/162 989/1/162 1063/1/162
f 386/1/163 724/1/163 729/1/163 387/1/163
f 443/1/164 739/1/164 738/1/164 396/1/164
f 548/1/165 877/1/165 876/1/165 549/1/165
f 289/1/166 912/1/166 932/1/166 332/1/166
f 201/1/167 1215/1/167 1214/1/167 199/1/167
f 421/1/168 836/1/168 835/1/168 422/1/168
f 42/1/169 1270/1/169 1269/1/169 43/1/169
f 5/1/170 1278/1/170 1296/1/170 51/1/170
f 33/1/171 1324/1/171 1323/1/171 31/1/171
f 1655/1/172 1657/1/172 1656/1/172 1654/1/172
f 1074/1/173 1022/1/173 1023/1/173 1073/1/173
f 552/1/32 889/1/32 888/1/32 553/1/32
f 1078/1/27 108/1/27 113/1/27 1077/1/27
f 185/1/174 1131/1/174 1130/1/174 186/1/174
f 446/1/175 834/1/175 833/1/175 445/1/175
f 343/1/176 929/1/176 928/1/176 344/1/176
f 454/1/177 819/1/177 818/1/177 456/1/177
f 465/1/164 826/1/164 825/1/164 466/1/164
f 304/1/178 970/1/178 965/1/178 284/1/178
f 1400/1/179 1347/1/179 1346/1/179 1399/1/179
f 453/1/84 830/1/84 829/1/84 464/1/84
f 26/1/180 1276/1/180 1275/1/180 58/1/180
f 398/1/181 754/1/181 753/1/181 390/1/181
f 429/1/182 745/1/182 744/1/182 431/1/182
f 346/1/183 945/1/183 944/1/183 347/1/183
f 809/1/2 808/1/2 810/1/2
f 810/1/2 808/1/2 807/1/2
f 869/1/2 868/1/2 858/1/2
f 859/1/2 860/1/2 817/1/2
f 817/1/2 860/1/2 861/1/2
f 1340/1/1 1377/1/1 1376/1/1 1339/1/1
f 835/1/16 854/1/16 855/1/16
f 963/1/2 964/1/2 1019/1/2 1018/1/2
f 730/1/2 731/1/2 791/1/2 792/1/2
f 1313/1/1 1314/1/1 1350/1/1 1349/1/1
f 1484/1/184 1487/1/184 1486/1/184 1485/1/184
f 893/1/2 883/1/2 807/1/2
f 807/1/2 883/1/2 884/1/2
f 807/1/2 884/1/2 810/1/2
f 810/1/2 884/1/2 885/1/2
f 810/1/2 885/1/2 886/1/2
f 886/1/2 887/1/2 810/1/2
f 810/1/2 887/1/2 888/1/2
f 801/1/2 802/1/2 726/1/2 723/1/2
f 802/1/2 803/1/2 725/1/2 726/1/2
f 803/1/2 804/1/2 724/1/2 725/1/2
f 1172/1/1 1167/1/1 1247/1/1 1248/1/1
f 805/1/2 784/1/2 728/1/2 729/1/2
f 786/1/2 787/1/2 735/1/2 736/1/2
f 879/1/2 880/1/2 817/1/2
f 817/1/2 880/1/2 881/1/2
f 817/1/2 881/1/2 882/1/2
f 736/1/2 737/1/2 785/1/2 786/1/2
f 737/1/2 727/1/2 784/1/2 785/1/2
f 871/1/2 814/1/2 815/1/2
f 858/1/2 859/1/2 869/1/2
f 869/1/2 859/1/2 817/1/2
f 869/1/2 817/1/2 870/1/2
f 870/1/2 817/1/2 882/1/2
f 1531/1/185 1532/1/185 1530/1/185 1528/1/185
f 746/1/2 747/1/2 770/1/2 758/1/2
f 857/1/2 834/1/2 856/1/2
f 1326/1/1 1327/1/1 1385/1/1 1384/1/1
f 1133/1/1 1134/1/1 1099/1/1 1100/1/1
f 750/1/2 751/1/2 764/1/2 765/1/2
f 751/1/2 752/1/2 763/1/2 764/1/2
f 1310/1/1 1311/1/1 1342/1/1 1343/1/1
f 789/1/17 733/1/17 734/1/17 788/1/17
f 850/1/2 839/1/2 840/1/2
f 753/1/2 754/1/2 762/1/2 763/1/2
f 754/1/2 755/1/2 761/1/2 762/1/2
f 755/1/2 738/1/2 760/1/2 761/1/2
f 738/1/2 739/1/2 759/1/2 760/1/2
f 739/1/2 740/1/2 780/1/2 759/1/2
f 817/1/2 818/1/2 878/1/2 879/1/2
f 742/1/2 778/1/2 779/1/2 741/1/2
f 832/1/2 862/1/2 863/1/2
f 776/1/2 777/1/2 744/1/2 745/1/2
f 777/1/2 778/1/2 743/1/2 744/1/2
f 830/1/2 865/1/2 829/1/2
f 477/1/186 761/1/186 760/1/186 478/1/186
f 385/1/187 725/1/187 724/1/187 386/1/187
f 355/1/47 896/1/47 356/1/47
f 356/1/188 896/1/188 897/1/188
f 356/1/47 897/1/47 358/1/47
f 322/1/189 940/1/189 939/1/189 323/1/189
f 290/1/39 898/1/39 285/1/39
f 285/1/190 898/1/190 899/1/190
f 285/1/39 899/1/39 360/1/39
f 448/1/111 882/1/111 881/1/111 449/1/111
f 898/1/2 897/1/2 899/1/2
f 899/1/2 897/1/2 896/1/2
f 899/1/2 896/1/2 894/1/2
f 894/1/2 896/1/2 895/1/2
f 405/1/68 737/1/68 736/1/68 407/1/68
f 81/1/191 1312/1/191 1311/1/191 82/1/191
f 781/1/47 382/1/47 402/1/47 771/1/47
f 489/1/192 780/1/192 779/1/192 490/1/192
f 267/1/103 1227/1/103 1248/1/103 256/1/103
f 893/1/47 470/1/47 469/1/47 883/1/47
f 720/1/13 433/1/13 434/1/13 806/1/13
f 302/1/193 934/1/193 933/1/193 314/1/193
f 221/1/104 1228/1/104 1227/1/104 267/1/104
f 520/1/192 867/1/192 866/1/192 521/1/192
f 968/1/194 308/1/194 307/1/194 967/1/194
f 544/1/93 863/1/93 862/1/93 545/1/93
f 551/1/195 890/1/195 889/1/195 552/1/195
f 1667/1/196 1669/1/196 1668/1/196 1666/1/196
f 898/1/13 290/1/13 358/1/13 897/1/13
f 1429/1/197 1358/1/197 1359/1/197 1428/1/197
f 1637/1/198 1639/1/198 1638/1/198 1636/1/198
f 807/1/13 471/1/13 470/1/13 893/1/13
f 68/1/199 1336/1/199 1335/1/199 69/1/199
f 316/1/200 917/1/200 916/1/200 286/1/200
f 514/1/76 786/1/76 785/1/76 515/1/76
f 1569/1/201 1571/1/201 1570/1/201 1568/1/201
f 1405/1/202 1382/1/202 1383/1/202 1404/1/202
f 330/1/203 905/1/203 904/1/203 282/1/203
f 1031/1/204 1020/1/204 1021/1/204 1075/1/204
f 1423/1/205 1364/1/205 1365/1/205 1422/1/205
f 44/1/206 1268/1/206 1267/1/206 45/1/206
f 351/1/207 924/1/207 923/1/207 318/1/207
f 1049/1/208 997/1/208 998/1/208 1048/1/208
f 870/1/39 468/1/39 395/1/39 869/1/39
f 2/1/209 1281/1/209 1280/1/209 7/1/209
f 868/1/47 394/1/47 426/1/47 858/1/47
f 1054/1/210 1015/1/210 1014/1/210 1053/1/210
f 334/1/211 930/1/211 929/1/211 343/1/211
f 441/1/212 734/1/212 733/1/212 408/1/212
f 344/1/213 928/1/213 927/1/213 345/1/213
f 287/1/214 915/1/214 914/1/214 295/1/214
f 235/1/215 1226/1/215 1238/1/215 234/1/215
f 283/1/216 903/1/216 902/1/216 306/1/216
f 73/1/217 1315/1/217 1314/1/217 74/1/217
f 704/1/218 1605/1/218 1604/1/218 705/1/218
f 248/1/174 1218/1/174 1217/1/174 249/1/174
f 914/1/2 915/1/2 937/1/2
f 905/1/2 906/1/2 918/1/2
f 918/1/16 906/1/16 907/1/16
f 915/1/2 916/1/2 937/1/2
f 937/1/2 916/1/2 917/1/2
f 1480/1/219 1481/1/219 719/1/219 1478/1/219
f 918/1/18 901/1/18 902/1/18
f 907/1/2 908/1/2 918/1/2
f 918/1/22 908/1/22 909/1/22
f 918/1/18 909/1/18 910/1/18
f 910/1/2 911/1/2 918/1/2
f 918/1/16 911/1/16 933/1/16
f 918/1/21 933/1/21 934/1/21
f 1072/1/2 1057/1/2 1056/1/2 1073/1/2
f 913/1/2 938/1/2 939/1/2
f 923/1/2 924/1/2 913/1/2
f 913/1/2 924/1/2 925/1/2
f 925/1/2 926/1/2 913/1/2
f 913/1/16 926/1/16 927/1/16
f 913/1/21 927/1/21 928/1/21
f 930/1/19 931/1/19 932/1/19
f 920/1/2 921/1/2 919/1/2
f 919/1/20 921/1/20 922/1/20
f 919/1/2 922/1/2 918/1/2
f 918/1/17 922/1/17 900/1/17
f 918/1/18 900/1/18 901/1/18
f 902/1/2 903/1/2 918/1/2
f 918/1/21 903/1/21 904/1/21
f 918/1/16 904/1/16 905/1/16
f 934/1/2 935/1/2 918/1/2
f 918/1/2 935/1/2 936/1/2
f 939/1/2 940/1/2 913/1/2
f 913/1/17 940/1/17 941/1/17
f 913/1/16 941/1/16 923/1/16
f 928/1/2 929/1/2 913/1/2
f 913/1/17 929/1/17 930/1/17
f 913/1/2 930/1/2 912/1/2
f 912/1/2 930/1/2 932/1/2
f 1421/1/220 1366/1/220 1367/1/220 1420/1/220
f 539/1/161 878/1/161 877/1/161 548/1/161
f 35/1/221 1305/1/221 1304/1/221 36/1/221
f 499/1/186 848/1/186 847/1/186 500/1/186
f 28/1/222 1283/1/222 1282/1/222 1/1/222
f 503/1/223 864/1/223 863/1/223 544/1/223
f 60/1/224 1273/1/224 1272/1/224 78/1/224
f 757/1/13 403/1/13 412/1/13 756/1/13
f 301/1/225 935/1/225 934/1/225 302/1/225
f 18/1/226 1290/1/226 1289/1/226 19/1/226
f 306/1/227 902/1/227 901/1/227 305/1/227
f 492/1/228 787/1/228 786/1/228 514/1/228
f 257/1/229 1247/1/229 1246/1/229 271/1/229
f 70/1/230 1317/1/230 1316/1/230 71/1/230
f 404/1/231 727/1/231 737/1/231 405/1/231
f 208/1/232 1156/1/232 1155/1/232 165/1/232
f 333/1/233 931/1/233 930/1/233 334/1/233
f 452/1/234 767/1/234 766/1/234 487/1/234
f 176/1/108 1148/1/108 1147/1/108 224/1/108
f 442/1/235 728/1/235 727/1/235 404/1/235
f 281/1/236 911/1/236 910/1/236 296/1/236
f 1037/1/237 1009/1/237 1010/1/237 1036/1/237
f 312/1/238 936/1/238 935/1/238 301/1/238
f 1051/1/239 986/1/239 996/1/239 1050/1/239
f 401/1/240 758/1/240 770/1/240 399/1/240
f 967/1/241 307/1/241 331/1/241 966/1/241
f 373/1/242 969/1/242 304/1/242
f 304/1/243 969/1/243 970/1/243
f 373/1/244 374/1/244 969/1/244
f 1046/1/245 1000/1/245 1001/1/245 1045/1/245
f 329/1/246 906/1/246 905/1/246 330/1/246
f 447/1/247 884/1/247 883/1/247 469/1/247
f 86/1/248 1300/1/248 1299/1/248 87/1/248
f 406/1/71 740/1/71 739/1/71 443/1/71
f 288/1/249 913/1/249 912/1/249 289/1/249
f 114/1/250 1195/1/250 1194/1/250 115/1/250
f 496/1/251 849/1/251 848/1/251 499/1/251
f 65/1/252 1266/1/252 1265/1/252 63/1/252
f 183/1/253 1120/1/253 1119/1/253 184/1/253
f 497/1/53 850/1/53 849/1/53 496/1/53
f 966/1/254 331/1/254 284/1/254 965/1/254
f 536/1/255 801/1/255 800/1/255 495/1/255
f 1673/1/256 710/1/256 711/1/256 1672/1/256
f 319/1/257 979/1/257 978/1/257 317/1/257
f 117/1/258 1107/1/258 1106/1/258 119/1/258
f 1625/1/259 1627/1/259 1626/1/259 1624/1/259
f 774/1/2 775/1/2 745/1/2 730/1/2
f 1652/1/260 1654/1/260 679/1/260 653/1/260
f 1610/1/261 1612/1/261 663/1/261 662/1/261
f 979/1/2 980/1/2 991/1/2 990/1/2
f 1054/1/2 1032/1/2 1031/1/2 1055/1/2
f 826/1/2 827/1/2 867/1/2 846/1/2
f 971/1/2 972/1/2 999/1/2 998/1/2
f 993/1/2 982/1/2 994/1/2
f 888/1/2 889/1/2 813/1/2 810/1/2
f 1171/1/1 1172/1/1 1248/1/1 1227/1/1
f 218/1/1 236/1/1 235/1/1 234/1/1
f 748/1/2 749/1/2 766/1/2 767/1/2
f 955/1/2 956/1/2 1005/1/2 1004/1/2
f 978/1/2 979/1/2 990/1/2 989/1/2
f 1343/1/1 1344/1/1 1309/1/1 1310/1/1
f 961/1/2 962/1/2 1011/1/2 1010/1/2
f 1314/1/1 1315/1/1 1351/1/1 1350/1/1
f 1333/1/1 1334/1/1 1370/1/1 1369/1/1
f 1327/1/1 1328/1/1 1348/1/1 1385/1/1
f 873/1/2 874/1/2 822/1/2 823/1/2
f 958/1/2 959/1/2 1008/1/2 1007/1/2
f 200/1/1 202/1/1 201/1/1 199/1/1
f 1304/1/1 1305/1/1 1365/1/1 1364/1/1
f 1462/1/262 1461/1/262 626/1/262 625/1/262
f 951/1/2 952/1/2 1030/1/2 1029/1/2
f 1011/1/2 962/1/2 1012/1/2
f 966/1/2 1013/1/2 1014/1/2
f 1318/1/1 1319/1/1 1356/1/1 1355/1/1
f 943/1/2 944/1/2 1022/1/2 1021/1/2
f 1341/1/1 1320/1/1 1378/1/1 1377/1/1
f 985/1/2 1017/1/2 984/1/2
f 678/1/27 666/1/27 667/1/27 6/1/27
f 1302/1/1 1303/1/1 1363/1/1 1362/1/1
f 1319/1/1 1297/1/1 1357/1/1 1356/1/1
f 1317/1/1 1318/1/1 1355/1/1 1354/1/1
f 1451/1/263 1452/1/263 1449/1/263 1450/1/263
f 1338/1/1 1339/1/1 1376/1/1 1375/1/1
f 1022/1/2 944/1/2 1023/1/2
f 238/1/1 275/1/1 98/1/1 96/1/1
f 1024/1/2 945/1/2 946/1/2
f 823/1/2 824/1/2 872/1/2 873/1/2
f 840/1/2 841/1/2 849/1/2 850/1/2
f 1307/1/1 1308/1/1 1368/1/1 1367/1/1
f 959/1/2 960/1/2 1009/1/2 1008/1/2
f 1488/1/264 1489/1/264 702/1/264 701/1/264
f 3/1/1 93/1/1 94/1/1 95/1/1
f 236/1/1 237/1/1 197/1/1 235/1/1
f 987/1/2 953/1/2 976/1/2
f 1617/1/265 1619/1/265 1618/1/265 1616/1/265
f 339/1/266 964/1/266 963/1/266 341/1/266
f 368/1/267 973/1/267 972/1/267 369/1/267
f 1671/1/268 1673/1/268 1672/1/268 1670/1/268
f 1430/1/269 1431/1/269 713/1/269 712/1/269
f 1627/1/270 1629/1/270 1628/1/270 1626/1/270
f 1165/1/27 101/1/27 275/1/27 1164/1/27
f 1559/1/271 1561/1/271 1560/1/271 1558/1/271
f 375/1/272 971/1/272 969/1/272 374/1/272
f 342/1/273 962/1/273 961/1/273 364/1/273
f 317/1/274 978/1/274 977/1/274 352/1/274
f 1138/1/13 192/1/13 193/1/13 1137/1/13
f 371/1/275 956/1/275 955/1/275 372/1/275
f 46/1/276 1262/1/276 1261/1/276 41/1/276
f 1585/1/277 1587/1/277 1586/1/277 1584/1/277
f 519/1/50 852/1/50 851/1/50 498/1/50
f 396/1/278 738/1/278 755/1/278 397/1/278
f 366/1/279 959/1/279 958/1/279 367/1/279
f 341/1/280 963/1/280 962/1/280 342/1/280
f 1032/1/281 1019/1/281 1020/1/281 1031/1/281
f 1547/1/282 1549/1/282 1548/1/282 1546/1/282
f 141/1/86 1104/1/86 1103/1/86 143/1/86
f 310/1/283 938/1/283 937/1/283 311/1/283
f 367/1/284 958/1/284 957/1/284 370/1/284
f 246/1/253 1207/1/253 1206/1/253 247/1/253
f 1609/1/285 1611/1/285 1610/1/285 1608/1/285
f 498/1/46 851/1/46 850/1/46 497/1/46
f 1555/1/286 1557/1/286 1556/1/286 1554/1/286
f 103/1/287 1167/1/287 1172/1/287 104/1/287
f 216/1/133 1098/1/133 1097/1/133 217/1/133
f 1601/1/288 1603/1/288 1602/1/288 1600/1/288
f 350/1/289 925/1/289 924/1/289 351/1/289
f 617/1/290 616/1/290 712/1/290 714/1/290
f 308/1/291 968/1/291 985/1/291 309/1/291
f 458/1/69 817/1/69 832/1/69 457/1/69
f 294/1/292 919/1/292 918/1/292 315/1/292
f 531/1/293 790/1/293 789/1/293 532/1/293
f 1583/1/294 1585/1/294 1584/1/294 1582/1/294
f 325/1/295 951/1/295 950/1/295 327/1/295
f 49/1/296 1339/1/296 1338/1/296 64/1/296
f 1577/1/297 1579/1/297 1578/1/297 1576/1/297
f 1061/1/298 991/1/298 992/1/298 1060/1/298
f 266/1/299 1233/1/299 1232/1/299 219/1/299
f 59/1/300 1274/1/300 1273/1/300 60/1/300
f 189/1/301 1101/1/301 1100/1/301 191/1/301
f 1040/1/2 1039/1/2 1050/1/2
f 1506/1/302 1508/1/302 693/1/302 690/1/302
f 1092/1/1 1093/1/1 1142/1/1 1143/1/1
f 1056/1/2 1075/1/2 1074/1/2
f 1053/1/2 1052/1/2 1039/1/2
f 1039/1/2 1052/1/2 1051/1/2
f 1039/1/2 1051/1/2 1050/1/2
f 1053/1/2 1039/1/2 1054/1/2
f 1054/1/23 1039/1/23 1038/1/23
f 1054/1/2 1038/1/2 1037/1/2
f 1034/1/2 1033/1/2 1054/1/2
f 1054/1/2 1033/1/2 1032/1/2
f 1037/1/16 1036/1/16 1054/1/16
f 1054/1/2 1036/1/2 1035/1/2
f 1054/1/2 1035/1/2 1034/1/2
f 1074/1/2 1073/1/2 1056/1/2
f 1320/1/1 1321/1/1 1379/1/1 1378/1/1
f 1057/1/2 1072/1/2 1058/1/2
f 1050/1/18 1049/1/18 1040/1/18
f 1040/1/17 1049/1/17 1048/1/17
f 1040/1/2 1048/1/2 1041/1/2
f 1041/1/17 1048/1/17 1047/1/17
f 1041/1/18 1047/1/18 1046/1/18
f 1046/1/2 1045/1/2 1041/1/2
f 1041/1/21 1045/1/21 1044/1/21
f 1041/1/2 1044/1/2 1042/1/2
f 1042/1/28 1044/1/28 1043/1/28
f 1061/1/2 1060/1/2 1072/1/2
f 1072/1/16 1060/1/16 1059/1/16
f 1072/1/2 1059/1/2 1058/1/2
f 1071/1/2 1063/1/2 1072/1/2
f 1072/1/2 1063/1/2 1062/1/2
f 1072/1/16 1062/1/16 1061/1/16
f 1071/1/17 1070/1/17 1063/1/17
f 1063/1/2 1070/1/2 1069/1/2
f 1063/1/16 1069/1/16 1068/1/16
f 1068/1/18 1067/1/18 1063/1/18
f 1063/1/21 1067/1/21 1066/1/21
f 1063/1/303 1066/1/303 1064/1/303
f 1064/1/2 1066/1/2 1065/1/2
f 66/1/304 1337/1/304 1336/1/304 68/1/304
f 234/1/305 1238/1/305 1237/1/305 239/1/305
f 10/1/306 1334/1/306 1333/1/306 11/1/306
f 1/1/307 1282/1/307 1281/1/307 2/1/307
f 120/1/308 1170/1/308 1180/1/308 121/1/308
f 722/1/27 379/1/27 384/1/27 721/1/27
f 508/1/231 814/1/231 824/1/231 509/1/231
f 128/1/309 1183/1/309 1182/1/309 149/1/309
f 1075/1/310 1021/1/310 1022/1/310 1074/1/310
f 67/1/311 1288/1/311 1266/1/311 65/1/311
f 214/1/312 1135/1/312 1134/1/312 227/1/312
f 515/1/313 785/1/313 784/1/313 533/1/313
f 463/1/314 828/1/314 827/1/314 461/1/314
f 1040/1/315 1006/1/315 1007/1/315 1039/1/315
f 1418/1/316 1369/1/316 1370/1/316 1417/1/316
f 170/1/317 1090/1/317 1089/1/317 133/1/317
f 106/1/318 1079/1/318 1082/1/318 107/1/318
f 90/1/319 1297/1/319 1319/1/319 91/1/319
f 202/1/320 1213/1/320 1212/1/320 203/1/320
f 1077/1/47 113/1/47 124/1/47 1076/1/47
f 152/1/321 1085/1/321 1084/1/321 153/1/321
f 1419/1/322 1368/1/322 1369/1/322 1418/1/322
f 215/1/323 1099/1/323 1098/1/323 216/1/323
f 165/1/65 1155/1/65 1154/1/65 164/1/65
f 1663/1/324 1665/1/324 1664/1/324 1662/1/324
f 250/1/159 1216/1/159 1215/1/159 201/1/159
f 109/1/325 1081/1/325 1080/1/325 110/1/325
f 1649/1/326 1651/1/326 1650/1/326 1648/1/326
f 1545/1/327 1547/1/327 1546/1/327 1544/1/327
f 1068/1/328 1028/1/328 1029/1/328 1067/1/328
f 172/1/329 1095/1/329 1094/1/329 173/1/329
f 1065/1/330 987/1/330 988/1/330 1064/1/330
f 1073/1/331 1023/1/331 1024/1/331 1072/1/331
f 161/1/332 1145/1/332 1144/1/332 162/1/332
f 1050/1/333 996/1/333 997/1/333 1049/1/333
f 354/1/334 953/1/334 952/1/334 324/1/334
f 1079/1/39 106/1/39 108/1/39 1078/1/39
f 365/1/335 960/1/335 959/1/335 366/1/335
f 529/1/336 773/1/336 772/1/336 400/1/336
f 1563/1/337 1565/1/337 1564/1/337 1562/1/337
f 528/1/338 775/1/338 774/1/338 530/1/338
f 1661/1/339 1663/1/339 1662/1/339 1660/1/339
f 191/1/127 1100/1/127 1099/1/127 215/1/127
f 1056/1/340 1017/1/340 1016/1/340 1055/1/340
f 149/1/329 1182/1/329 1181/1/329 150/1/329
f 138/1/75 1093/1/75 1092/1/75 139/1/75
f 1409/1/341 1378/1/341 1379/1/341 1408/1/341
f 57/1/342 1326/1/342 1325/1/342 89/1/342
f 352/1/343 977/1/343 976/1/343 353/1/343
f 430/1/143 731/1/143 730/1/143 428/1/143
f 1038/1/344 1008/1/344 1009/1/344 1037/1/344
f 478/1/345 760/1/345 759/1/345 479/1/345
f 1414/1/346 1373/1/346 1374/1/346 1413/1/346
f 1062/1/347 990/1/347 991/1/347 1061/1/347
f 474/1/251 762/1/251 761/1/251 477/1/251
f 1069/1/348 1027/1/348 1028/1/348 1068/1/348
f 542/1/349 885/1/349 884/1/349 447/1/349
f 182/1/350 1121/1/350 1120/1/350 183/1/350
f 845/1/39 425/1/39 427/1/39 844/1/39
f 392/1/168 749/1/168 748/1/168 393/1/168
f 415/1/175 747/1/175 746/1/175 414/1/175
f 1035/1/351 1011/1/351 1012/1/351 1034/1/351
f 107/1/352 1082/1/352 1081/1/352 109/1/352
f 534/1/195 803/1/195 802/1/195 535/1/195
f 410/1/177 732/1/177 731/1/177 430/1/177
f 1052/1/353 1013/1/353 986/1/353 1051/1/353
f 130/1/354 1184/1/354 1183/1/354 128/1/354
f 119/1/142 1106/1/142 1105/1/142 140/1/142
f 123/1/355 1192/1/355 1191/1/355 125/1/355
f 1139/1/47 232/1/47 192/1/47 1138/1/47
f 270/1/144 1219/1/144 1218/1/144 248/1/144
f 1055/1/356 1016/1/356 1015/1/356 1054/1/356
f 134/1/357 1088/1/357 1087/1/357 190/1/357
f 505/1/163 811/1/163 816/1/163 506/1/163
f 168/1/317 1177/1/317 1176/1/317 129/1/317
f 451/1/358 768/1/358 767/1/358 452/1/358
f 204/1/359 1143/1/359 1142/1/359 205/1/359
f 1415/1/360 1372/1/360 1373/1/360 1414/1/360
f 219/1/361 1232/1/361 1231/1/361 220/1/361
f 1255/1/47 94/1/47 93/1/47 1254/1/47
f 416/1/181 841/1/181 840/1/181 417/1/181
f 521/1/120 866/1/120 865/1/120 502/1/120
f 335/1/362 948/1/362 947/1/362 336/1/362
f 190/1/88 1087/1/88 1086/1/88 188/1/88
f 511/1/363 793/1/363 792/1/363 512/1/363
f 82/1/364 1311/1/364 1310/1/364 75/1/364
f 110/1/287 1080/1/287 1085/1/287 152/1/287
f 1078/1/1 1077/1/1 1079/1/1
f 1079/1/1 1077/1/1 1076/1/1
f 1128/1/1 1129/1/1 1086/1/1
f 1086/1/1 1129/1/1 1130/1/1
f 995/1/2 983/1/2 984/1/2 1017/1/2
f 1104/1/1 1123/1/1 1124/1/1
f 1176/1/1 1232/1/1 1233/1/1 1175/1/1
f 1087/1/4 1147/1/4 1148/1/4
f 1235/1/1 1236/1/1 1173/1/1 1174/1/1
f 1138/1/1 1137/1/1 1127/1/1
f 1219/1/1 1220/1/1 1187/1/1 1188/1/1
f 1337/1/1 1338/1/1 1374/1/1 1373/1/1
f 841/1/2 842/1/2 848/1/2 849/1/2
f 1193/1/1 1194/1/1 1207/1/1 1208/1/1
f 1194/1/1 1195/1/1 1206/1/1 1207/1/1
f 947/1/2 948/1/2 1026/1/2 1025/1/2
f 1162/1/1 1152/1/1 1076/1/1
f 1076/1/1 1152/1/1 1153/1/1
f 1076/1/1 1153/1/1 1079/1/1
f 1079/1/1 1153/1/1 1154/1/1
f 1079/1/1 1154/1/1 1155/1/1
f 1086/1/1 1149/1/1 1150/1/1
f 1086/1/1 1150/1/1 1151/1/1
f 1118/1/1 1109/1/1 1110/1/1
f 1197/1/1 1198/1/1 1204/1/1 1205/1/1
f 876/1/17 820/1/17 821/1/17 875/1/17
f 1181/1/1 1182/1/1 1202/1/1 1203/1/1
f 1336/1/1 1337/1/1 1373/1/1 1372/1/1
f 964/1/2 942/1/2 1020/1/2 1019/1/2
f 1127/1/1 1128/1/1 1138/1/1
f 1138/1/1 1128/1/1 1086/1/1
f 1138/1/1 1086/1/1 1139/1/1
f 1139/1/1 1086/1/1 1151/1/1
f 1101/1/1 1131/1/1 1132/1/1
f 1170/1/1 1171/1/1 1227/1/1 1228/1/1
f 1220/1/1 1221/1/1 1186/1/1 1187/1/1
f 1325/1/1 1326/1/1 1384/1/1 1383/1/1
f 1098/1/1 1135/1/1 1097/1/1
f 756/1/2 746/1/2 758/1/2 757/1/2
f 1189/1/1 1190/1/1 1213/1/1 1201/1/1
f 1126/1/4 1103/1/4 1125/1/4
f 842/1/2 825/1/2 847/1/2 848/1/2
f 1145/1/1 1089/1/1 1090/1/1
f 731/1/2 732/1/2 790/1/2 791/1/2
f 1178/1/1 1179/1/1 1230/1/1 1231/1/1
f 1179/1/1 1180/1/1 1229/1/1 1230/1/1
f 1180/1/1 1170/1/1 1228/1/1 1229/1/1
f 1184/1/1 1222/1/1 1223/1/1 1183/1/1
f 769/1/2 747/1/2 748/1/2 768/1/2
f 892/1/2 871/1/2 815/1/2 816/1/2
f 890/1/2 891/1/2 811/1/2 812/1/2
f 977/1/2 978/1/2 989/1/2 988/1/2
f 829/1/2 865/1/2 866/1/2 828/1/2
f 1157/1/4 1079/1/4 1156/1/4
f 1156/1/1 1079/1/1 1155/1/1
f 51/1/365 1296/1/365 1295/1/365 52/1/365
f 538/1/118 879/1/118 878/1/118 539/1/118
f 253/1/48 1157/1/48 1156/1/48 208/1/48
f 1402/1/366 1385/1/366 1348/1/366 1401/1/366
f 440/1/147 735/1/147 734/1/147 441/1/147
f 502/1/123 865/1/123 864/1/123 503/1/123
f 104/1/321 1172/1/321 1171/1/321 105/1/321
f 64/1/367 1338/1/367 1337/1/367 66/1/367
f 1593/1/368 1595/1/368 1594/1/368 1592/1/368
f 439/1/369 794/1/369 793/1/369 511/1/369
f 99/1/318 1166/1/318 1169/1/318 100/1/318
f 1424/1/370 1363/1/370 1364/1/370 1423/1/370
f 105/1/150 1171/1/150 1170/1/150 120/1/150
f 50/1/371 1264/1/371 1263/1/371 48/1/371
f 1200/1/13 159/1/13 158/1/13 1199/1/13
f 381/1/372 726/1/372 725/1/372 385/1/372
f 160/1/373 1153/1/373 1152/1/373 231/1/373
f 205/1/374 1142/1/374 1141/1/374 163/1/374
f 224/1/59 1147/1/59 1146/1/59 225/1/59
f 545/1/375 862/1/375 861/1/375 547/1/375
f 376/1/376 954/1/376 975/1/376 377/1/376
f 393/1/158 748/1/158 747/1/158 415/1/158
f 1665/1/377 1667/1/377 1666/1/377 1664/1/377
f 305/1/378 901/1/378 900/1/378 303/1/378
f 184/1/379 1119/1/379 1118/1/379 209/1/379
f 166/1/380 1179/1/380 1178/1/380 167/1/380
f 213/1/381 1136/1/381 1135/1/381 214/1/381
f 1411/1/382 1376/1/382 1377/1/382 1410/1/382
f 1137/1/39 193/1/39 194/1/39 1127/1/39
f 131/1/357 1175/1/357 1174/1/357 146/1/357
f 417/1/383 840/1/383 839/1/383 418/1/383
f 264/1/312 1222/1/312 1221/1/312 268/1/312
f 1162/1/39 230/1/39 231/1/39 1152/1/39
f 372/1/384 955/1/384 954/1/384 376/1/384
f 102/1/325 1168/1/325 1167/1/325 103/1/325
f 460/1/212 821/1/212 820/1/212 462/1/212
f 455/1/385 831/1/385 830/1/385 453/1/385
f 1199/1/39 158/1/39 127/1/39 1189/1/39
f 547/1/386 861/1/386 860/1/386 546/1/386
f 1641/1/387 1643/1/387 1642/1/387 1640/1/387
f 179/1/167 1128/1/167 1127/1/167 194/1/167
f 151/1/388 1198/1/388 1197/1/388 111/1/388
f 150/1/51 1181/1/51 1198/1/51 151/1/51
f 297/1/389 909/1/389 908/1/389 298/1/389
f 457/1/182 832/1/182 831/1/182 455/1/182
f 195/1/390 1114/1/390 1126/1/390 196/1/390
f 1635/1/391 1637/1/391 1636/1/391 1634/1/391
f 314/1/392 933/1/392 911/1/392 281/1/392
f 139/1/380 1092/1/380 1091/1/380 169/1/380
f 56/1/393 1327/1/393 1326/1/393 57/1/393
f 758/1/39 401/1/39 403/1/39 757/1/39
f 1551/1/394 1553/1/394 1552/1/394 1550/1/394
f 485/1/70 810/1/70 813/1/70 486/1/70
f 425/1/240 845/1/240 857/1/240 423/1/240
f 1076/1/13 124/1/13 230/1/13 1162/1/13
f 1645/1/395 1647/1/395 1646/1/395 1644/1/395
f 894/1/13 361/1/13 360/1/13 899/1/13
f 200/1/396 1201/1/396 1213/1/396 202/1/396
f 23/1/397 1257/1/397 1256/1/397 24/1/397
f 1067/1/398 1029/1/398 1030/1/398 1066/1/398
f 263/1/381 1223/1/381 1222/1/381 264/1/381
f 550/1/119 871/1/119 892/1/119 524/1/119
f 269/1/399 1220/1/399 1219/1/399 270/1/399
f 810/1/47 485/1/47 473/1/47 809/1/47
f 500/1/345 847/1/345 846/1/345 501/1/345
f 1391/1/400 1352/1/400 1353/1/400 1390/1/400
f 424/1/148 859/1/148 858/1/148 426/1/148
f 1041/1/401 1005/1/401 1006/1/401 1040/1/401
f 135/1/388 1111/1/388 1110/1/388 136/1/388
f 145/1/301 1188/1/301 1187/1/301 147/1/301
f 895/1/402 363/1/402 361/1/402 894/1/402
f 112/1/403 1196/1/403 1195/1/403 114/1/403
f 844/1/13 427/1/13 444/1/13 843/1/13
f 1048/1/404 998/1/404 999/1/404 1047/1/404
f 298/1/405 908/1/405 907/1/405 299/1/405
f 303/1/406 900/1/406 922/1/406 291/1/406
f 254/1/359 1230/1/359 1229/1/359 255/1/359
f 279/1/407 984/1/407 983/1/407 280/1/407
f 271/1/95 1246/1/95 1245/1/95 272/1/95
f 507/1/235 815/1/235 814/1/235 508/1/235
f 1388/1/408 1355/1/408 1356/1/408 1387/1/408
f 1543/1/409 1545/1/409 1544/1/409 1542/1/409
f 546/1/336 860/1/336 859/1/336 424/1/336
f 32/1/410 1258/1/410 1257/1/410 23/1/410
f 203/1/411 1212/1/411 1211/1/411 242/1/411
f 328/1/412 949/1/412 948/1/412 335/1/412
f 245/1/350 1208/1/350 1207/1/350 246/1/350
f 1165/1/1 1164/1/1 1166/1/1
f 1166/1/1 1164/1/1 1163/1/1
f 1215/1/1 1216/1/1 1173/1/1
f 1173/1/1 1216/1/1 1217/1/1
f 1130/1/1 1131/1/1 1101/1/1 1086/1/1
f 1191/1/1 1210/1/1 1211/1/1
f 1087/1/1 1088/1/1 1146/1/1 1147/1/1
f 1174/1/4 1234/1/4 1235/1/4
f 1344/1/1 1345/1/1 1331/1/1 1309/1/1
f 1225/1/1 1224/1/1 1214/1/1
f 1125/1/1 1103/1/1 1104/1/1 1124/1/1
f 1104/1/1 1105/1/1 1122/1/1 1123/1/1
f 1105/1/1 1106/1/1 1121/1/1 1122/1/1
f 1198/1/1 1181/1/1 1203/1/1 1204/1/1
f 1167/1/1 1168/1/1 1246/1/1 1247/1/1
f 1108/1/1 1109/1/1 1118/1/1 1119/1/1
f 1249/1/1 1239/1/1 1163/1/1
f 1163/1/1 1239/1/1 1240/1/1
f 1163/1/1 1240/1/1 1166/1/1
f 1166/1/1 1240/1/1 1241/1/1
f 1166/1/1 1241/1/1 1242/1/1
f 1173/1/1 1236/1/1 1237/1/1
f 1173/1/1 1237/1/1 1238/1/1
f 1205/1/1 1196/1/1 1197/1/1
f 447/1/2 469/1/2 468/1/2 448/1/2
f 1111/1/1 1094/1/1 1116/1/1 1117/1/1
f 889/1/2 890/1/2 812/1/2 813/1/2
f 1095/1/1 1096/1/1 1136/1/1 1115/1/1
f 1097/1/1 1135/1/1 1136/1/1 1096/1/1
f 1214/1/1 1215/1/1 1225/1/1
f 1225/1/1 1215/1/1 1173/1/1
f 1225/1/1 1173/1/1 1226/1/1
f 1226/1/1 1173/1/1 1238/1/1
f 1188/1/1 1218/1/1 1219/1/1
f 1132/1/1 1133/1/1 1100/1/1 1101/1/1
f 838/1/2 839/1/2 850/1/2 851/1/2
f 1134/1/1 1135/1/1 1098/1/1 1099/1/1
f 1185/1/1 1222/1/1 1184/1/1
f 843/1/2 833/1/2 845/1/2 844/1/2
f 945/1/2 1024/1/2 1023/1/2 944/1/2
f 1213/1/4 1190/1/4 1212/1/4
f 1089/1/1 1145/1/1 1146/1/1 1088/1/1
f 1232/1/1 1176/1/1 1177/1/1
f 1090/1/1 1091/1/1 1144/1/1 1145/1/1
f 1445/1/413 1444/1/413 614/1/413 613/1/413
f 1168/1/1 1169/1/1 1245/1/1 1246/1/1
f 1634/1/414 1636/1/414 648/1/414 687/1/414
f 1083/1/1 1084/1/1 1140/1/1 1141/1/1
f 1084/1/1 1085/1/1 1161/1/1 1140/1/1
f 1085/1/1 1080/1/1 1160/1/1 1161/1/1
f 1080/1/1 1081/1/1 1159/1/1 1160/1/1
f 1081/1/1 1082/1/1 1158/1/1 1159/1/1
f 1082/1/1 1079/1/1 1157/1/1 1158/1/1
f 1244/1/1 1166/1/1 1243/1/1
f 1243/1/1 1166/1/1 1242/1/1
f 258/1/415 1243/1/415 1242/1/415 223/1/415
f 409/1/314 741/1/314 740/1/314 406/1/314
f 420/1/116 837/1/116 836/1/116 421/1/116
f 256/1/416 1248/1/416 1247/1/416 257/1/416
f 483/1/358 855/1/358 854/1/358 484/1/358
f 244/1/74 1209/1/74 1208/1/74 245/1/74
f 1254/1/1 1253/1/1 1255/1/1
f 1255/1/1 1253/1/1 1252/1/1
f 1255/1/1 1252/1/1 1250/1/1
f 1250/1/1 1252/1/1 1251/1/1
f 239/1/417 1237/1/417 1236/1/417 240/1/417
f 80/1/418 1313/1/418 1312/1/418 81/1/418
f 1250/1/13 95/1/13 94/1/13 1255/1/13
f 255/1/374 1229/1/374 1228/1/374 221/1/374
f 523/1/228 874/1/228 873/1/228 540/1/228
f 222/1/419 1241/1/419 1240/1/419 218/1/419
f 1254/1/13 93/1/13 96/1/13 1253/1/13
f 1201/1/47 200/1/47 159/1/47 1200/1/47
f 247/1/379 1206/1/379 1205/1/379 259/1/379
f 309/1/420 985/1/420 984/1/420 279/1/420
f 84/1/421 1302/1/421 1301/1/421 85/1/421
f 286/1/422 916/1/422 915/1/422 287/1/422
f 468/1/107 870/1/107 882/1/107 448/1/107
f 324/1/423 952/1/423 951/1/423 325/1/423
f 1643/1/424 1645/1/424 1644/1/424 1642/1/424
f 336/1/425 947/1/425 946/1/425 337/1/425
f 83/1/426 1303/1/426 1302/1/426 84/1/426
f 7/1/427 1280/1/427 1279/1/427 4/1/427
f 1561/1/428 1563/1/428 1562/1/428 1560/1/428
f 1605/1/429 1607/1/429 1606/1/429 1604/1/429
f 225/1/299 1146/1/299 1145/1/299 161/1/299
f 1394/1/430 1349/1/430 1350/1/430 1393/1/430
f 31/1/431 1323/1/431 1322/1/431 29/1/431
f 1072/1/432 1024/1/432 1025/1/432 1071/1/432
f 491/1/66 788/1/66 787/1/66 492/1/66
f 320/1/433 941/1/433 940/1/433 322/1/433
f 174/1/417 1150/1/417 1149/1/417 175/1/417
f 1412/1/434 1375/1/434 1376/1/434 1411/1/434
f 58/1/435 1275/1/435 1274/1/435 59/1/435
f 115/1/258 1194/1/258 1193/1/258 122/1/258
f 261/1/67 1203/1/67 1202/1/67 262/1/67
f 27/1/436 1284/1/436 1283/1/436 28/1/436
f 206/1/416 1161/1/416 1160/1/416 207/1/416
f 524/1/128 892/1/128 891/1/128 525/1/128
f 1401/1/437 1348/1/437 1347/1/437 1400/1/437
f 1114/1/47 195/1/47 157/1/47 1113/1/47
f 11/1/438 1333/1/438 1332/1/438 12/1/438
f 41/1/439 1261/1/439 1260/1/439 39/1/439
f 4/1/440 1279/1/440 1278/1/440 5/1/440
f 126/1/441 1190/1/441 1189/1/441 127/1/441
f 53/1/442 1294/1/442 1293/1/442 54/1/442
f 1287/1/4 1267/1/4 1291/1/4
f 1291/1/6 1267/1/6 1268/1/6
f 1291/1/6 1268/1/6 1269/1/6
f 1269/1/1 1270/1/1 1291/1/1
f 1291/1/6 1270/1/6 1271/1/6
f 1291/1/4 1271/1/4 1272/1/4
f 1289/1/1 1290/1/1 1257/1/1
f 361/1/2 363/1/2 374/1/2 373/1/2
f 1284/1/1 1285/1/1 1291/1/1
f 1291/1/5 1285/1/5 1286/1/5
f 1291/1/4 1286/1/4 1287/1/4
f 1272/1/443 1273/1/443 1291/1/443
f 1291/1/1 1273/1/1 1274/1/1
f 1291/1/1 1274/1/1 1275/1/1
f 1260/1/1 1261/1/1 1288/1/1
f 1275/1/7 1276/1/7 1291/1/7
f 1291/1/1 1276/1/1 1277/1/1
f 1291/1/1 1277/1/1 1256/1/1
f 1260/1/1 1288/1/1 1259/1/1
f 1263/1/444 1264/1/444 1265/1/444
f 1278/1/1 1279/1/1 1296/1/1
f 1296/1/445 1279/1/445 1295/1/445
f 1281/1/1 1282/1/1 1291/1/1
f 1291/1/4 1282/1/4 1283/1/4
f 1291/1/1 1283/1/1 1284/1/1
f 1261/1/1 1262/1/1 1288/1/1
f 1288/1/1 1262/1/1 1263/1/1
f 1288/1/1 1263/1/1 1266/1/1
f 1266/1/1 1263/1/1 1265/1/1
f 1292/1/1 1293/1/1 1279/1/1
f 1279/1/1 1293/1/1 1294/1/1
f 1279/1/5 1294/1/5 1295/1/5
f 1292/1/1 1279/1/1 1291/1/1
f 1291/1/6 1279/1/6 1280/1/6
f 1291/1/7 1280/1/7 1281/1/7
f 1289/1/1 1257/1/1 1288/1/1
f 1288/1/6 1257/1/6 1258/1/6
f 1288/1/1 1258/1/1 1259/1/1
f 16/1/446 1285/1/446 1284/1/446 27/1/446
f 71/1/447 1316/1/447 1315/1/447 73/1/447
f 54/1/448 1293/1/448 1292/1/448 61/1/448
f 1066/1/449 1030/1/449 987/1/449 1065/1/449
f 1249/1/39 237/1/39 236/1/39 1239/1/39
f 19/1/450 1289/1/450 1288/1/450 67/1/450
f 296/1/451 910/1/451 909/1/451 297/1/451
f 43/1/452 1269/1/452 1268/1/452 44/1/452
f 756/1/47 412/1/47 414/1/47 746/1/47
f 1389/1/453 1354/1/453 1355/1/453 1388/1/453
f 85/1/454 1301/1/454 1300/1/454 86/1/454
f 553/1/255 888/1/255 887/1/255 526/1/255
f 167/1/60 1178/1/60 1177/1/60 168/1/60
f 171/1/309 1096/1/309 1095/1/309 172/1/309
f 88/1/455 1298/1/455 1297/1/455 90/1/455
f 175/1/456 1149/1/456 1148/1/456 176/1/456
f 282/1/457 904/1/457 903/1/457 283/1/457
f 1535/1/458 1537/1/458 1536/1/458 1534/1/458
f 14/1/459 1307/1/459 1306/1/459 9/1/459
f 408/1/460 733/1/460 732/1/460 410/1/460
f 1403/1/461 1384/1/461 1385/1/461 1402/1/461
f 140/1/355 1105/1/355 1104/1/355 141/1/355
f 506/1/160 816/1/160 815/1/160 507/1/160
f 896/1/27 355/1/27 363/1/27 895/1/27
f 87/1/462 1299/1/462 1298/1/462 88/1/462
f 486/1/372 813/1/372 812/1/372 504/1/372
f 180/1/130 1123/1/130 1122/1/130 181/1/130
f 1579/1/463 1581/1/463 1580/1/463 1578/1/463
f 48/1/464 1263/1/464 1262/1/464 46/1/464
f 15/1/465 1286/1/465 1285/1/465 16/1/465
f 323/1/466 939/1/466 938/1/466 310/1/466
f 1575/1/467 1577/1/467 1576/1/467 1574/1/467
f 299/1/468 907/1/468 906/1/468 329/1/468
f 364/1/469 961/1/469 960/1/469 365/1/469
f 526/1/156 887/1/156 886/1/156 543/1/156
f 338/1/470 942/1/470 964/1/470 339/1/470
f 217/1/354 1097/1/354 1096/1/354 171/1/354
f 21/1/471 1329/1/471 1328/1/471 55/1/471
f 1408/1/472 1379/1/472 1380/1/472 1407/1/472
f 116/1/250 1108/1/250 1107/1/250 117/1/250
f 272/1/63 1245/1/63 1244/1/63 273/1/63
f 1417/1/473 1370/1/473 1371/1/473 1416/1/473
f 79/1/474 1271/1/474 1270/1/474 42/1/474
f 144/1/475 1173/1/475 1188/1/475 145/1/475
f 62/1/476 1291/1/476 1290/1/476 18/1/476
f 1300/1/1 1361/1/1 1360/1/1 1299/1/1
f 952/1/2 953/1/2 987/1/2 1030/1/2
f 1312/1/1 1313/1/1 1349/1/1 1342/1/1
f 1331/1/1 1345/1/1 1346/1/1
f 946/1/2 947/1/2 1025/1/2 1024/1/2
f 740/1/2 741/1/2 779/1/2 780/1/2
f 1342/1/1 1311/1/1 1312/1/1
f 956/1/2 957/1/2 1006/1/2 1005/1/2
f 1091/1/1 1092/1/1 1143/1/1 1144/1/1
f 1305/1/1 1306/1/1 1366/1/1 1365/1/1
f 1334/1/1 1335/1/1 1371/1/1 1370/1/1
f 1174/1/1 1175/1/1 1233/1/1 1234/1/1
f 1353/1/1 1317/1/1 1354/1/1
f 833/1/2 834/1/2 857/1/2 845/1/2
f 937/1/2 938/1/2 913/1/2 914/1/2
f 1015/1/2 1016/1/2 968/1/2 967/1/2
f 969/1/2 971/1/2 998/1/2 997/1/2
f 986/1/2 1013/1/2 966/1/2 965/1/2
f 1359/1/1 1299/1/1 1360/1/1
f 1346/1/1 1347/1/1 1330/1/1 1331/1/1
f 1361/1/1 1300/1/1 1301/1/1
f 981/1/2 982/1/2 993/1/2 992/1/2
f 159/1/1 200/1/1 199/1/1 198/1/1
f 954/1/2 955/1/2 1004/1/2 1003/1/2
f 1094/1/1 1095/1/1 1115/1/1 1116/1/1
f 1593/1/477 1591/1/477 594/1/477 587/1/477
f 960/1/2 961/1/2 1010/1/2 1009/1/2
f 1332/1/1 1333/1/1 1369/1/1 1368/1/1
f 1368/1/1 1308/1/1 1332/1/1
f 1461/1/478 1459/1/478 627/1/478 626/1/478
f 705/1/479 1604/1/479 661/1/479 660/1/479
f 1512/1/480 1514/1/480 691/1/480 692/1/480
f 1432/1/481 615/1/481 601/1/481 1433/1/481
f 980/1/2 981/1/2 992/1/2 991/1/2
f 970/1/2 969/1/2 997/1/2 996/1/2
f 1374/1/1 1338/1/1 1375/1/1
f 1102/1/1 1103/1/1 1126/1/1 1114/1/1
f 300/1/2 314/1/2 281/1/2 313/1/2
f 1377/1/1 1340/1/1 1341/1/1
f 1321/1/1 1322/1/1 1380/1/1 1379/1/1
f 601/48/13 615/62/13 557/61/13 362/47/13
f 1688/1/482 1686/1/482 701/1/482 700/1/482
f 1380/1/1 1322/1/1 1381/1/1
f 413/1/2 276/1/2 414/1/2 412/1/2
f 1382/1/1 1323/1/1 1324/1/1
f 983/1/2 995/1/2 994/1/2 982/1/2
f 788/1/16 734/1/16 735/1/16 787/1/16
f 1195/1/1 1196/1/1 1205/1/1 1206/1/1
f 1148/1/1 1149/1/1 1086/1/1 1087/1/1
f 1348/1/1 1328/1/1 1329/1/1
f 13/1/483 1308/1/483 1307/1/483 14/1/483
f 240/1/456 1236/1/456 1235/1/456 241/1/456
f 378/1/484 974/1/484 973/1/484 368/1/484
f 1607/1/485 1609/1/485 1608/1/485 1606/1/485
f 30/1/486 1259/1/486 1258/1/486 32/1/486
f 721/1/39 384/1/39 433/1/39 720/1/39
f 348/1/487 943/1/487 942/1/487 338/1/487
f 78/1/488 1272/1/488 1271/1/488 79/1/488
f 1557/1/489 1559/1/489 1558/1/489 1556/1/489
f 52/1/490 1295/1/490 1294/1/490 53/1/490
f 1413/1/491 1374/1/491 1375/1/491 1412/1/491
f 233/1/305 1151/1/305 1150/1/305 174/1/305
f 407/1/138 736/1/138 735/1/138 440/1/138
f 543/1/131 886/1/131 885/1/131 542/1/131
f 370/1/492 957/1/492 956/1/492 371/1/492
f 1164/1/47 275/1/47 238/1/47 1163/1/47
f 242/1/493 1211/1/493 1210/1/493 243/1/493
f 369/1/494 972/1/494 971/1/494 375/1/494
f 1659/1/495 1661/1/495 1660/1/495 1658/1/495
f 353/1/496 976/1/496 953/1/496 354/1/496
f 345/1/497 927/1/497 926/1/497 349/1/497
f 136/1/498 1110/1/498 1109/1/498 137/1/498
f 1045/1/499 1001/1/499 1002/1/499 1044/1/499
f 74/1/500 1314/1/500 1313/1/500 80/1/500
f 518/1/82 853/1/82 852/1/82 519/1/82
f 1398/1/501 1345/1/501 1344/1/501 1397/1/501
f 280/1/502 983/1/502 982/1/502 313/1/502
f 431/1/385 744/1/385 743/1/385 432/1/385
f 25/1/503 1277/1/503 1276/1/503 26/1/503
f 717/1/1 719/1/1 718/1/1 716/1/1
f 313/1/504 982/1/504 981/1/504 300/1/504
f 390/1/383 753/1/383 752/1/383 389/1/383
f 449/1/369 881/1/369 880/1/369 537/1/369
f 40/1/505 1341/1/505 1340/1/505 47/1/505
f 1397/1/506 1344/1/506 1343/1/506 1396/1/506
f 186/1/112 1130/1/112 1129/1/112 187/1/112
f 1621/1/507 1623/1/507 1622/1/507 1620/1/507
f 1416/1/508 1371/1/508 1372/1/508 1415/1/508
f 1071/1/509 1025/1/509 1026/1/509 1070/1/509
f 541/1/313 872/1/313 871/1/313 550/1/313
f 327/1/510 950/1/510 949/1/510 328/1/510
f 1420/1/511 1367/1/511 1368/1/511 1419/1/511
f 1393/1/512 1350/1/512 1351/1/512 1392/1/512
f 1399/1/513 1346/1/513 1345/1/513 1398/1/513
f 1428/1/1 1410/1/1 1429/1/1
f 1075/1/2 1056/1/2 1055/1/2 1031/1/2
f 1409/1/1 1408/1/1 1386/1/1
f 1386/1/1 1408/1/1 1407/1/1
f 1386/1/1 1407/1/1 1406/1/1
f 1398/1/1 1386/1/1 1399/1/1
f 1399/1/1 1386/1/1 1400/1/1
f 1397/1/1 1391/1/1 1398/1/1
f 1398/1/1 1391/1/1 1390/1/1
f 1398/1/6 1390/1/6 1389/1/6
f 1389/1/4 1388/1/4 1398/1/4
f 1398/1/1 1388/1/1 1387/1/1
f 1398/1/1 1387/1/1 1386/1/1
f 1406/1/1 1405/1/1 1386/1/1
f 1386/1/1 1405/1/1 1404/1/1
f 1386/1/1 1404/1/1 1403/1/1
f 1403/1/1 1402/1/1 1386/1/1
f 1386/1/1 1402/1/1 1401/1/1
f 1386/1/1 1401/1/1 1400/1/1
f 1428/1/1 1427/1/1 1410/1/1
f 1410/1/1 1427/1/1 1426/1/1
f 1410/1/1 1426/1/1 1425/1/1
f 1394/1/1 1397/1/1 1395/1/1
f 1395/1/514 1397/1/514 1396/1/514
f 1422/1/4 1421/1/4 1410/1/4
f 1410/1/6 1421/1/6 1420/1/6
f 1410/1/1 1420/1/1 1419/1/1
f 1416/1/1 1415/1/1 1410/1/1
f 1410/1/1 1415/1/1 1414/1/1
f 1414/1/4 1413/1/4 1410/1/4
f 1410/1/6 1413/1/6 1412/1/6
f 1410/1/4 1412/1/4 1411/1/4
f 1394/1/1 1393/1/1 1397/1/1
f 1397/1/1 1393/1/1 1392/1/1
f 1397/1/6 1392/1/6 1391/1/6
f 1419/1/1 1418/1/1 1410/1/1
f 1410/1/1 1418/1/1 1417/1/1
f 1410/1/1 1417/1/1 1416/1/1
f 1425/1/1 1424/1/1 1410/1/1
f 1410/1/1 1424/1/1 1423/1/1
f 1410/1/1 1423/1/1 1422/1/1
f 72/1/515 558/1/515 34/1/515
f 34/1/515 558/1/515 560/1/515
f 34/1/515 560/1/515 8/1/515
f 413/1/516 561/1/516 276/1/516
f 276/1/516 561/1/516 559/1/516
f 276/1/516 559/1/516 277/1/516
f 556/1/517 118/1/517 554/1/517
f 554/1/517 118/1/517 142/1/517
f 554/1/517 142/1/517 274/1/517
f 555/1/518 326/1/518 557/1/518
f 557/1/518 326/1/518 340/1/518
f 557/1/518 340/1/518 362/1/518
f 706/1/519 707/1/519 1533/1/519 1531/1/519
f 1430/1/520 1432/1/520 1431/1/520
f 1436/1/521 1437/1/521 1434/1/521 1435/1/521
f 1433/1/522 1435/1/522 1434/1/522
f 1528/1/523 1529/1/523 1527/1/523 1525/1/523
f 1436/1/524 1438/1/524 1437/1/524
f 1525/1/525 1526/1/525 1524/1/525 1522/1/525
f 1439/1/526 1441/1/526 1440/1/526
f 1522/1/527 1523/1/527 1521/1/527 1519/1/527
f 1442/1/528 1444/1/528 1443/1/528
f 1519/1/529 1520/1/529 1518/1/529 1516/1/529
f 1445/1/530 1447/1/530 1446/1/530
f 942/1/2 943/1/2 1021/1/2 1020/1/2
f 1448/1/531 1450/1/531 1449/1/531
f 1513/1/532 1514/1/532 1512/1/532 1510/1/532
f 1451/1/533 1453/1/533 1452/1/533
f 1507/1/534 1508/1/534 1506/1/534 1505/1/534
f 1454/1/535 1456/1/535 1455/1/535
f 1459/1/536 1461/1/536 1460/1/536 1458/1/536
f 1458/1/537 1457/1/537 1459/1/537
f 1502/1/538 1505/1/538 1504/1/538 1503/1/538
f 1460/1/539 1461/1/539 1462/1/539
f 1499/1/540 1502/1/540 1501/1/540 1500/1/540
f 1463/1/541 1464/1/541 1465/1/541
f 1496/1/542 1499/1/542 1498/1/542 1497/1/542
f 1466/1/543 1467/1/543 1468/1/543
f 1493/1/544 1496/1/544 1495/1/544 1494/1/544
f 1469/1/545 1470/1/545 1471/1/545
f 1490/1/546 1493/1/546 1492/1/546 1491/1/546
f 1472/1/547 1473/1/547 1474/1/547
f 733/1/16 789/1/16 790/1/16 732/1/16
f 1475/1/548 1476/1/548 1477/1/548
f 918/1/2 936/1/2 937/1/2 917/1/2
f 1478/1/549 1479/1/549 1480/1/549
f 716/1/550 1484/1/550 1483/1/550 1482/1/550
f 719/1/551 1481/1/551 718/1/551
f 1482/1/552 717/1/552 716/1/552
f 950/1/2 951/1/2 1029/1/2 1028/1/2
f 1483/1/553 1484/1/553 1485/1/553
f 1477/1/554 1479/1/554 1478/1/554 1475/1/554
f 1486/1/555 1487/1/555 1488/1/555
f 1474/1/556 1476/1/556 1475/1/556 1472/1/556
f 1489/1/557 1490/1/557 1491/1/557
f 1487/1/558 1490/1/558 1489/1/558 1488/1/558
f 1492/1/559 1493/1/559 1494/1/559
f 1471/1/560 1473/1/560 1472/1/560 1469/1/560
f 1495/1/561 1496/1/561 1497/1/561
f 1468/1/562 1470/1/562 1469/1/562 1466/1/562
f 1498/1/563 1499/1/563 1500/1/563
f 1465/1/564 1467/1/564 1466/1/564 1463/1/564
f 1501/1/565 1502/1/565 1503/1/565
f 1462/1/566 1464/1/566 1463/1/566 1460/1/566
f 1504/1/567 1505/1/567 1506/1/567
f 1457/1/568 1458/1/568 1455/1/568 1456/1/568
f 1508/1/569 1507/1/569 1509/1/569
f 1454/1/570 1455/1/570 1452/1/570 1453/1/570
f 1511/1/571 1510/1/571 1512/1/571
f 1510/1/572 1511/1/572 1509/1/572 1507/1/572
f 1514/1/573 1513/1/573 1515/1/573
f 1448/1/574 1449/1/574 1446/1/574 1447/1/574
f 1517/1/575 1516/1/575 1518/1/575
f 1516/1/576 1517/1/576 1515/1/576 1513/1/576
f 1520/1/577 1519/1/577 1521/1/577
f 1445/1/578 1446/1/578 1443/1/578 1444/1/578
f 1523/1/579 1522/1/579 1524/1/579
f 1442/1/580 1443/1/580 1440/1/580 1441/1/580
f 1526/1/581 1525/1/581 1527/1/581
f 1439/1/582 1440/1/582 1437/1/582 1438/1/582
f 1529/1/583 1528/1/583 1530/1/583
f 1433/1/584 1434/1/584 1431/1/584 1432/1/584
f 1532/1/585 1531/1/585 1533/1/585
f 1112/1/1 1102/1/1 1114/1/1 1113/1/1
f 129/1/100 1176/1/100 1175/1/100 131/1/100
f 332/1/586 932/1/586 931/1/586 333/1/586
f 76/1/587 1309/1/587 1331/1/587 77/1/587
f 148/1/323 1186/1/323 1185/1/323 132/1/323
f 1407/1/588 1380/1/588 1381/1/588 1406/1/588
f 47/1/589 1340/1/589 1339/1/589 49/1/589
f 143/1/441 1103/1/441 1102/1/441 155/1/441
f 1619/1/590 1621/1/590 1620/1/590 1618/1/590
f 418/1/134 839/1/134 838/1/134 419/1/134
f 63/1/591 1265/1/591 1264/1/591 50/1/591
f 516/1/349 798/1/349 797/1/349 437/1/349
f 164/1/419 1154/1/419 1153/1/419 160/1/419
f 1252/1/27 98/1/27 97/1/27 1251/1/27
f 207/1/592 1160/1/592 1159/1/592 251/1/592
f 55/1/593 1328/1/593 1327/1/593 56/1/593
f 1539/1/594 1541/1/594 1540/1/594 1538/1/594
f 1613/1/595 1615/1/595 1614/1/595 1612/1/595
f 481/1/223 777/1/223 776/1/223 527/1/223
f 705/1/47 707/1/47 706/1/47 704/1/47
f 1425/1/596 1362/1/596 1363/1/596 1424/1/596
f 466/1/278 825/1/278 842/1/278 467/1/278
f 1623/1/597 1625/1/597 1624/1/597 1622/1/597
f 292/1/598 921/1/598 920/1/598 293/1/598
f 1611/1/599 1613/1/599 1612/1/599 1610/1/599
f 1597/1/600 1599/1/600 1598/1/600 1596/1/600
f 20/1/601 1330/1/601 1329/1/601 21/1/601
f 388/1/155 751/1/155 750/1/155 391/1/155
f 177/1/411 1125/1/411 1124/1/411 178/1/411
f 1549/1/602 1551/1/602 1550/1/602 1548/1/602
f 228/1/399 1133/1/399 1132/1/399 229/1/399
f 484/1/234 854/1/234 853/1/234 518/1/234
f 154/1/308 1083/1/308 1093/1/308 138/1/308
f 1044/1/603 1002/1/603 1003/1/603 1043/1/603
f 311/1/604 937/1/604 936/1/604 312/1/604
f 437/1/247 797/1/247 796/1/247 435/1/247
f 89/1/605 1325/1/605 1324/1/605 33/1/605
f 1428/1/606 1359/1/606 1360/1/606 1427/1/606
f 1036/1/607 1010/1/607 1011/1/607 1035/1/607
f 1633/1/608 1635/1/608 1634/1/608 1632/1/608
f 423/1/109 857/1/109 856/1/109 482/1/109
f 1603/1/609 714/1/609 715/1/609 1602/1/609
f 1581/1/610 1583/1/610 1582/1/610 1580/1/610
f 1390/1/611 1353/1/611 1354/1/611 1389/1/611
f 1043/1/612 1003/1/612 1004/1/612 1042/1/612
f 1595/1/613 1597/1/613 1596/1/613 1594/1/613
f 1573/1/614 1575/1/614 1574/1/614 1572/1/614
f 1615/1/615 1617/1/615 1616/1/615 1614/1/615
f 300/1/616 981/1/616 980/1/616 321/1/616
f 1571/1/617 1573/1/617 1572/1/617 1570/1/617
f 1589/1/618 1591/1/618 1590/1/618 1588/1/618
f 1591/1/619 1593/1/619 1592/1/619 1590/1/619
f 137/1/403 1109/1/403 1108/1/403 116/1/403
f 178/1/493 1124/1/493 1123/1/493 180/1/493
f 1629/1/620 1631/1/620 1630/1/620 1628/1/620
f 1631/1/621 1633/1/621 1632/1/621 1630/1/621
f 100/1/622 1169/1/622 1168/1/622 102/1/622
f 91/1/623 1319/1/623 1318/1/623 92/1/623
f 1387/1/624 1356/1/624 1357/1/624 1386/1/624
f 196/1/320 1126/1/320 1125/1/320 177/1/320
f 188/1/475 1086/1/475 1101/1/475 189/1/475
f 1669/1/625 1671/1/625 1670/1/625 1668/1/625
f 61/1/626 1292/1/626 1291/1/626 62/1/626
f 1647/1/627 1649/1/627 1648/1/627 1646/1/627
f 1057/1/628 995/1/628 1017/1/628 1056/1/628
f 218/1/373 1240/1/373 1239/1/373 236/1/373
f 293/1/629 920/1/629 919/1/629 294/1/629
f 537/1/363 880/1/363 879/1/363 538/1/363
f 462/1/460 820/1/460 819/1/460 454/1/460
f 1567/1/630 1569/1/630 1568/1/630 1566/1/630
f 12/1/631 1332/1/631 1308/1/631 13/1/631
f 1113/1/13 157/1/13 156/1/13 1112/1/13
f 1639/1/632 1641/1/632 1640/1/632 1638/1/632
f 717/1/482 1687/1/482 1689/1/482 719/1/482
f 675/1/633 1683/1/633 1682/1/633 676/1/633
f 1686/1/482 1688/1/482 1689/1/482 1687/1/482
f 1479/1/634 1675/1/634 1480/1/634
f 1480/1/635 1675/1/635 1676/1/635
f 1480/1/636 1676/1/636 1481/1/636
f 1481/1/637 1676/1/637 718/1/637
f 1479/1/638 1477/1/638 1675/1/638
f 1675/1/639 1477/1/639 1476/1/639
f 1675/1/640 1476/1/640 623/1/640
f 1665/1/641 1663/1/641 588/1/641 606/1/641
f 1489/1/642 1491/1/642 703/1/642 702/1/642
f 610/1/643 1473/1/643 1471/1/643
f 1551/1/644 1549/1/644 608/1/644 609/1/644
f 611/1/645 1470/1/645 1468/1/645
f 1093/1/1 1083/1/1 1141/1/1 1142/1/1
f 624/1/646 1467/1/646 1465/1/646
f 1648/1/647 1650/1/647 653/1/647 652/1/647
f 625/1/648 1464/1/648 1462/1/648
f 1501/1/649 1503/1/649 689/1/649 688/1/649
f 1503/1/650 1504/1/650 690/1/650 689/1/650
f 627/1/651 1459/1/651 1457/1/651
f 1566/1/652 1568/1/652 670/1/652 669/1/652
f 628/1/653 1456/1/653 1454/1/653
f 1498/1/654 1500/1/654 688/1/654 684/1/654
f 629/1/655 1453/1/655 1451/1/655
f 1633/1/656 1631/1/656 593/1/656 592/1/656
f 612/1/657 1450/1/657 1448/1/657
f 1492/1/658 1494/1/658 683/1/658 703/1/658
f 613/1/659 1447/1/659 1445/1/659
f 1582/1/660 1584/1/660 656/1/660 655/1/660
f 614/1/661 1444/1/661 1442/1/661
f 1589/1/662 1587/1/662 595/1/662 594/1/662
f 599/1/663 1441/1/663 1439/1/663
f 1617/1/664 1615/1/664 602/1/664 582/1/664
f 600/1/665 1438/1/665 1436/1/665
f 975/1/2 954/1/2 1003/1/2 1002/1/2
f 601/1/666 1435/1/666 1433/1/666
f 1601/1/667 1599/1/667 586/1/667 585/1/667
f 825/1/2 826/1/2 846/1/2 847/1/2
f 1430/1/668 615/1/668 1432/1/668
f 1677/1/669 622/1/669 621/1/669
f 716/1/670 1674/1/670 1484/1/670
f 1484/1/671 1674/1/671 1677/1/671
f 1531/1/672 1528/1/672 564/1/672 565/1/672
f 1443/1/673 1446/1/673 640/1/673 639/1/673
f 1455/1/674 1458/1/674 644/1/674 643/1/674
f 1493/1/675 1490/1/675 621/1/675 631/1/675
f 1460/1/676 1463/1/676 646/1/676 645/1/676
f 1528/1/677 1525/1/677 566/1/677 564/1/677
f 1502/1/678 1499/1/678 575/1/678 574/1/678
f 1466/1/679 1469/1/679 681/1/679 680/1/679
f 1513/1/680 1510/1/680 571/1/680 570/1/680
f 1469/1/681 1472/1/681 682/1/681 681/1/681
f 1431/1/682 1434/1/682 633/1/682 634/1/682
f 1446/1/683 1449/1/683 641/1/683 640/1/683
f 1519/1/684 1516/1/684 569/1/684 568/1/684
f 1522/1/685 1519/1/685 568/1/685 567/1/685
f 706/1/686 1531/1/686 565/1/686 584/1/686
f 621/1/687 1490/1/687 1677/1/687
f 1677/1/688 1490/1/688 1487/1/688
f 1677/1/689 1487/1/689 1484/1/689
f 1053/1/690 1014/1/690 1013/1/690 1052/1/690
f 1047/1/691 999/1/691 1000/1/691 1046/1/691
f 1678/1/692 1535/1/692 708/1/692
f 605/1/693 607/1/693 1679/1/693
f 1679/1/694 607/1/694 1543/1/694
f 1543/1/695 1541/1/695 1679/1/695
f 1679/1/696 1541/1/696 1539/1/696
f 1679/1/697 1539/1/697 1678/1/697
f 1678/1/698 1539/1/698 1537/1/698
f 1678/1/699 1537/1/699 1535/1/699
f 616/1/700 615/1/700 1430/1/700 712/1/700
f 585/1/701 1603/1/701 1601/1/701
f 1600/1/702 672/1/702 659/1/702 1598/1/702
f 586/1/703 1599/1/703 1597/1/703
f 1594/1/704 1596/1/704 659/1/704 658/1/704
f 587/1/705 1595/1/705 1593/1/705
f 1590/1/706 1592/1/706 658/1/706 657/1/706
f 594/1/707 1591/1/707 1589/1/707
f 1586/1/708 1588/1/708 657/1/708 656/1/708
f 595/1/709 1587/1/709 1585/1/709
f 1622/1/710 1624/1/710 685/1/710 665/1/710
f 596/1/711 1583/1/711 1581/1/711
f 1629/1/712 1627/1/712 580/1/712 593/1/712
f 618/1/713 1579/1/713 1577/1/713
f 976/1/2 977/1/2 988/1/2 987/1/2
f 619/1/714 1575/1/714 1573/1/714
f 1509/1/715 1511/1/715 692/1/715 693/1/715
f 620/1/716 1571/1/716 1569/1/716
f 1457/1/717 1456/1/717 628/1/717 627/1/717
f 576/1/718 1567/1/718 1565/1/718
f 1645/1/719 1643/1/719 590/1/719 589/1/719
f 1560/1/720 1562/1/720 636/1/720 635/1/720
f 578/1/721 1561/1/721 1559/1/721
f 972/1/2 973/1/2 1000/1/2 999/1/2
f 579/1/722 1557/1/722 1555/1/722
f 1552/1/723 1554/1/723 650/1/723 668/1/723
f 609/1/724 1553/1/724 1551/1/724
f 1548/1/725 1550/1/725 668/1/725 667/1/725
f 608/1/726 1549/1/726 1547/1/726
f 1663/1/727 1661/1/727 562/1/727 588/1/727
f 607/1/728 1545/1/728 1543/1/728
f 1669/1/729 1680/1/729 1671/1/729
f 1671/1/730 1680/1/730 1681/1/730
f 1671/1/731 1681/1/731 1673/1/731
f 1673/1/732 1681/1/732 710/1/732
f 1669/1/733 1667/1/733 1680/1/733
f 1680/1/734 1667/1/734 1665/1/734
f 1680/1/735 1665/1/735 606/1/735
f 1542/1/736 1544/1/736 666/1/736 676/1/736
f 1474/1/737 1473/1/737 610/1/737 632/1/737
f 562/1/738 1661/1/738 1659/1/738
f 1471/1/739 1470/1/739 611/1/739 610/1/739
f 563/1/740 1657/1/740 1655/1/740
f 1555/1/741 1553/1/741 609/1/741 579/1/741
f 597/1/742 1653/1/742 1651/1/742
f 1556/1/743 1558/1/743 635/1/743 650/1/743
f 598/1/744 1649/1/744 1647/1/744
f 1644/1/745 1646/1/745 652/1/745 651/1/745
f 1642/1/746 1644/1/746 651/1/746 649/1/746
f 590/1/747 1643/1/747 1641/1/747
f 1638/1/748 1640/1/748 649/1/748 648/1/748
f 591/1/749 1639/1/749 1637/1/749
f 1570/1/750 1572/1/750 671/1/750 670/1/750
f 592/1/751 1635/1/751 1633/1/751
f 1630/1/752 1632/1/752 687/1/752 686/1/752
f 593/1/753 1631/1/753 1629/1/753
f 1626/1/754 1628/1/754 686/1/754 685/1/754
f 580/1/755 1627/1/755 1625/1/755
f 1660/1/756 1662/1/756 677/1/756 678/1/756
f 581/1/757 1623/1/757 1621/1/757
f 1618/1/758 1620/1/758 665/1/758 664/1/758
f 582/1/759 1619/1/759 1617/1/759
f 1614/1/760 1616/1/760 664/1/760 663/1/760
f 602/1/761 1615/1/761 1613/1/761
f 1527/1/762 1529/1/762 698/1/762 697/1/762
f 603/1/763 1611/1/763 1609/1/763
f 949/1/2 950/1/2 1028/1/2 1027/1/2
f 647/1/764 699/1/764 1533/1/764 707/1/764
f 1605/1/765 604/1/765 1607/1/765
f 621/1/13 632/1/13 610/1/13 631/1/13
f 606/1/13 588/1/13 607/1/13 605/1/13
f 1684/1/633 1685/1/633 1682/1/633 1683/1/633
f 605/1/766 1679/1/766 1680/1/766 606/1/766
f 291/1/2 285/1/2 304/1/2 303/1/2
f 1681/1/766 1678/1/766 708/1/766 710/1/766
f 1684/1/767 1672/1/767 711/1/767
f 675/1/768 677/1/768 1683/1/768
f 1683/1/769 677/1/769 1664/1/769
f 1664/1/770 1666/1/770 1683/1/770
f 1683/1/771 1666/1/771 1668/1/771
f 1683/1/772 1668/1/772 1684/1/772
f 1684/1/773 1668/1/773 1670/1/773
f 1684/1/774 1670/1/774 1672/1/774
f 583/1/775 604/1/775 1605/1/775 704/1/775
f 661/1/776 1604/1/776 1606/1/776
f 1607/1/777 604/1/777 603/1/777 1609/1/777
f 662/1/778 1608/1/778 1610/1/778
f 1613/1/779 1611/1/779 603/1/779 602/1/779
f 663/1/780 1612/1/780 1614/1/780
f 1524/1/781 1526/1/781 697/1/781 696/1/781
f 664/1/782 1616/1/782 1618/1/782
f 1442/1/783 1441/1/783 599/1/783 614/1/783
f 665/1/784 1620/1/784 1622/1/784
f 1518/1/785 1520/1/785 695/1/785 694/1/785
f 685/1/786 1624/1/786 1626/1/786
f 1578/1/787 1580/1/787 655/1/787 654/1/787
f 686/1/788 1628/1/788 1630/1/788
f 1574/1/789 1576/1/789 654/1/789 671/1/789
f 687/1/790 1632/1/790 1634/1/790
f 1637/1/791 1635/1/791 592/1/791 591/1/791
f 648/1/792 1636/1/792 1638/1/792
f 1569/1/793 1567/1/793 576/1/793 620/1/793
f 649/1/794 1640/1/794 1642/1/794
f 1182/1/1 1183/1/1 1223/1/1 1202/1/1
f 948/1/2 949/1/2 1027/1/2 1026/1/2
f 652/1/795 1646/1/795 1648/1/795
f 1651/1/796 1649/1/796 598/1/796 597/1/796
f 653/1/797 1650/1/797 1652/1/797
f 1655/1/798 1653/1/798 597/1/798 563/1/798
f 679/1/799 1654/1/799 1656/1/799
f 1659/1/800 1657/1/800 563/1/800 562/1/800
f 678/1/801 1658/1/801 1660/1/801
f 1544/1/802 1546/1/802 667/1/802 666/1/802
f 677/1/803 1662/1/803 1664/1/803
f 1538/1/804 1682/1/804 1536/1/804
f 1536/1/805 1682/1/805 1685/1/805
f 1536/1/806 1685/1/806 1534/1/806
f 1534/1/807 1685/1/807 709/1/807
f 1538/1/808 1540/1/808 1682/1/808
f 1682/1/809 1540/1/809 1542/1/809
f 1682/1/810 1542/1/810 676/1/810
f 1303/1/1 1304/1/1 1364/1/1 1363/1/1
f 1547/1/811 1545/1/811 607/1/811 608/1/811
f 667/1/812 1546/1/812 1548/1/812
f 1315/1/1 1316/1/1 1352/1/1 1351/1/1
f 668/1/813 1550/1/813 1552/1/813
f 1495/1/814 1497/1/814 684/1/814 683/1/814
f 650/1/815 1554/1/815 1556/1/815
f 1559/1/816 1557/1/816 579/1/816 578/1/816
f 635/1/817 1558/1/817 1560/1/817
f 1647/1/818 1645/1/818 589/1/818 598/1/818
f 1565/1/819 1563/1/819 577/1/819 576/1/819
f 669/1/820 1564/1/820 1566/1/820
f 1306/1/1 1307/1/1 1367/1/1 1366/1/1
f 670/1/821 1568/1/821 1570/1/821
f 1573/1/822 1571/1/822 620/1/822 619/1/822
f 671/1/823 1572/1/823 1574/1/823
f 1577/1/824 1575/1/824 619/1/824 618/1/824
f 654/1/825 1576/1/825 1578/1/825
f 1515/1/826 1517/1/826 694/1/826 691/1/826
f 655/1/827 1580/1/827 1582/1/827
f 1585/1/828 1583/1/828 596/1/828 595/1/828
f 656/1/829 1584/1/829 1586/1/829
f 1177/1/1 1178/1/1 1231/1/1 1232/1/1
f 657/1/830 1588/1/830 1590/1/830
f 1439/1/831 1438/1/831 600/1/831 599/1/831
f 658/1/832 1592/1/832 1594/1/832
f 1436/1/833 1435/1/833 601/1/833 600/1/833
f 659/1/834 1596/1/834 1598/1/834
f 1532/1/835 699/1/835 698/1/835 1530/1/835
f 714/1/836 1603/1/836 585/1/836 617/1/836
f 1602/1/837 672/1/837 1600/1/837
f 709/1/2 711/1/2 710/1/2 708/1/2
f 1426/1/838 1361/1/838 1362/1/838 1425/1/838
f 1485/1/839 1686/1/839 1483/1/839
f 1483/1/840 1686/1/840 1687/1/840
f 1483/1/841 1687/1/841 1482/1/841
f 1482/1/842 1687/1/842 717/1/842
f 1485/1/843 1486/1/843 1686/1/843
f 1686/1/844 1486/1/844 1488/1/844
f 1686/1/845 1488/1/845 701/1/845
f 1476/1/846 1474/1/846 632/1/846 623/1/846
f 974/1/2 975/1/2 1002/1/2 1001/1/2
f 703/1/847 1491/1/847 1492/1/847
f 1656/1/848 1658/1/848 678/1/848 679/1/848
f 683/1/849 1494/1/849 1495/1/849
f 1468/1/850 1467/1/850 624/1/850 611/1/850
f 684/1/851 1497/1/851 1498/1/851
f 1465/1/852 1464/1/852 625/1/852 624/1/852
f 688/1/853 1500/1/853 1501/1/853
f 1563/1/854 1561/1/854 578/1/854 577/1/854
f 1562/1/855 1564/1/855 669/1/855 636/1/855
f 690/1/856 1504/1/856 1506/1/856
f 1641/1/857 1639/1/857 591/1/857 590/1/857
f 693/1/858 1508/1/858 1509/1/858
f 1454/1/859 1453/1/859 629/1/859 628/1/859
f 692/1/860 1511/1/860 1512/1/860
f 1451/1/861 1450/1/861 612/1/861 629/1/861
f 691/1/862 1514/1/862 1515/1/862
f 1448/1/863 1447/1/863 613/1/863 612/1/863
f 694/1/864 1517/1/864 1518/1/864
f 1625/1/865 1623/1/865 581/1/865 580/1/865
f 695/1/866 1520/1/866 1521/1/866
f 1621/1/867 1619/1/867 582/1/867 581/1/867
f 696/1/868 1523/1/868 1524/1/868
f 973/1/2 974/1/2 1001/1/2 1000/1/2
f 697/1/869 1526/1/869 1527/1/869
f 1597/1/870 1595/1/870 587/1/870 586/1/870
f 698/1/871 1529/1/871 1530/1/871
f 1606/1/872 1608/1/872 662/1/872 661/1/872
f 673/1/873 672/1/873 1602/1/873 715/1/873
f 1533/1/874 699/1/874 1532/1/874
f 1688/1/875 700/1/875 682/1/875
f 719/1/876 1689/1/876 1478/1/876
f 1478/1/877 1689/1/877 1688/1/877
f 1507/1/878 1505/1/878 573/1/878 572/1/878
f 1449/1/879 1452/1/879 642/1/879 641/1/879
f 1499/1/880 1496/1/880 630/1/880 575/1/880
f 1496/1/881 1493/1/881 631/1/881 630/1/881
f 1463/1/882 1466/1/882 680/1/882 646/1/882
f 1458/1/883 1460/1/883 645/1/883 644/1/883
f 1335/1/1 1336/1/1 1372/1/1 1371/1/1
f 1437/1/884 1440/1/884 638/1/884 637/1/884
f 1510/1/885 1507/1/885 572/1/885 571/1/885
f 713/1/886 1431/1/886 634/1/886 674/1/886
f 1505/1/887 1502/1/887 574/1/887 573/1/887
f 1516/1/888 1513/1/888 570/1/888 569/1/888
f 1434/1/889 1437/1/889 637/1/889 633/1/889
f 1525/1/890 1522/1/890 567/1/890 566/1/890
f 1452/1/891 1455/1/891 643/1/891 642/1/891
f 682/1/892 1472/1/892 1688/1/892
f 1688/1/893 1472/1/893 1475/1/893
f 1688/1/894 1475/1/894 1478/1/894
f 711/1/633 709/1/633 1685/1/633 1684/1/633
f 1677/1/25 1675/1/25 623/1/25 622/1/25
f 1679/1/766 1678/1/766 1681/1/766 1680/1/766
f 704/1/895 706/1/895 584/1/895 583/1/895
