# Blender 5.0.1
# www.blender.org
mtllib g0701_obj.mtl
o g0701
v 33.839043 17.554581 124.551285
v 33.839043 17.554581 131.500000
v 63.512119 17.554581 131.500000
v 66.614914 17.554581 121.989113
v 66.577309 17.554581 122.011200
v 67.443710 17.554581 124.186043
v 64.589043 17.554581 124.551285
v 66.207962 17.554581 121.908798
v 66.185905 17.554581 121.870064
v 66.162537 17.554581 121.787453
v 66.159554 17.554581 121.746796
v 64.589043 17.554581 121.500000
v 67.366158 17.554581 123.843643
v 66.742889 17.554581 121.746796
v 66.738075 17.554581 121.800720
v 66.397728 17.554581 122.033630
v 66.358284 17.554581 122.024200
v 66.318817 17.554581 122.007820
v 66.281158 17.554581 121.984604
v 66.171089 17.554581 121.830902
v 69.639122 17.554581 124.032051
v 69.563858 17.554581 124.300972
v 87.839043 17.554581 131.500000
v 66.729141 17.554581 121.839714
v 66.715363 17.554581 121.873795
v 66.690613 17.554581 121.914284
v 69.161674 17.554581 121.622353
v 69.279465 17.554581 121.728310
v 87.839043 17.554581 116.500000
v 69.385002 17.554581 121.858727
v 66.451225 17.554581 122.038460
v 67.551613 17.554581 124.447533
v 66.500496 17.554581 122.034233
v 66.540733 17.554581 122.025482
v 67.326225 17.554581 123.248596
v 67.345833 17.554581 122.819153
v 67.397415 17.554581 122.483215
v 66.656998 17.554581 121.541008
v 66.690300 17.554581 121.580292
v 67.593758 17.554581 121.972954
v 66.713768 17.554581 121.618034
v 66.728134 17.554581 121.652161
v 66.245865 17.554581 121.954399
v 66.241463 17.554581 121.949928
v 68.144676 17.554581 121.483978
v 66.451225 17.554581 121.455132
v 67.983505 17.554581 121.565208
v 66.504242 17.554581 121.459862
v 67.834244 17.554581 121.676178
v 66.546135 17.554581 121.470306
v 67.712509 17.554581 121.802803
v 66.584518 17.554581 121.486755
v 66.623070 17.554581 121.511124
v 68.709206 17.554581 121.424179
v 68.867134 17.554581 121.463593
v 69.005592 17.554581 121.523041
v 66.659073 17.554581 121.951889
v 66.653603 17.554581 121.957321
v 67.475479 17.554581 122.218346
v 66.737335 17.554581 121.689644
v 66.164536 17.554581 121.692963
v 66.174904 17.554581 121.652077
v 66.191422 17.554581 121.613792
v 69.483459 17.554581 122.021797
v 69.539207 17.554581 122.142761
v 69.626343 17.554581 122.417053
v 66.215668 17.554581 121.575401
v 66.252159 17.554581 121.534393
v 66.286728 17.554581 121.505737
v 69.690636 17.554581 122.857292
v 69.704430 17.554581 123.248596
v 69.686523 17.554581 123.691299
v 66.323425 17.554581 121.484207
v 66.364738 17.554581 121.467773
v 66.403694 17.554581 121.459015
v 68.293159 17.554581 121.437309
v 68.456001 17.554581 121.412704
v 68.534256 17.554581 121.410255
v 64.274940 17.554581 125.000000
v 64.274940 17.554581 124.551285
v 63.512119 17.554581 124.551285
v 64.274940 17.554581 121.500000
v 63.512119 17.554581 116.500000
v 64.589043 17.554581 124.641029
v 65.127502 17.554581 124.641029
v 69.469009 17.554581 124.509911
v 69.356369 17.554581 124.682144
v 69.240768 17.554581 124.809616
v 67.788666 17.554581 124.780960
v 67.671783 17.554581 124.644089
v 69.111862 17.554581 124.912941
v 68.968102 17.554581 124.995316
v 68.810860 17.554581 125.053162
v 68.661514 17.554581 125.082726
v 68.202980 17.554581 125.037834
v 68.048447 17.554581 124.971855
v 67.915337 17.554581 124.889473
v 68.534256 17.554581 125.089745
v 68.359093 17.554581 125.075607
v 67.610931 17.554581 124.553795
v 64.922073 17.554581 125.000000
v 58.217247 17.554581 124.057693
v 57.903145 17.554581 124.057693
v 54.988960 17.554581 124.060089
v 54.865643 17.554581 124.007721
v 57.903145 17.554581 123.613182
v 57.743591 17.554581 123.810829
v 55.111893 17.554581 124.090050
v 54.579853 17.554581 123.748611
v 33.839043 17.554581 116.500000
v 54.658997 17.554581 123.849533
v 54.756721 17.554581 123.937943
v 54.512730 17.554581 123.625793
v 54.464931 17.554581 123.490570
v 54.419983 17.554581 123.237175
v 60.685196 17.554581 121.500000
v 60.999298 17.554581 121.500000
v 57.623203 17.554581 123.919754
v 57.548378 17.554581 123.972855
v 57.354271 17.554581 124.052948
v 57.190041 17.554581 124.090042
v 57.021133 17.554581 124.102562
v 54.717247 17.554581 121.500000
v 54.403145 17.554581 121.500000
v 54.403145 17.554581 122.885414
v 56.467247 17.554581 121.500000
v 56.153145 17.554581 121.500000
v 56.153145 17.554581 122.494888
v 54.717247 17.554581 122.886818
v 56.127968 17.554581 122.979012
v 54.721889 17.554581 123.097961
v 59.521011 17.554581 124.060089
v 59.397694 17.554581 124.007721
v 59.288773 17.554581 123.937943
v 59.191048 17.554581 123.849533
v 59.111904 17.554581 123.748611
v 59.044781 17.554581 123.625793
v 58.996983 17.554581 123.490570
v 56.868347 17.554581 124.089859
v 55.467133 17.554581 124.082710
v 56.736935 17.554581 124.056503
v 56.422585 17.554581 123.867249
v 55.608597 17.554581 124.041183
v 56.356327 17.554581 123.789635
v 55.749027 17.554581 123.974892
v 59.253941 17.554581 123.097961
v 60.660019 17.554581 122.979012
v 59.249298 17.554581 122.886818
v 60.685196 17.554581 122.494888
v 59.249298 17.554581 121.500000
v 56.207130 17.554581 123.484879
v 56.098194 17.554581 123.657906
v 56.283508 17.554581 123.669159
v 55.969982 17.554581 123.806862
v 55.848724 17.554581 123.910912
v 58.217247 17.554581 121.500000
v 57.903145 17.554581 121.500000
v 57.903145 17.554581 122.576225
v 56.467247 17.554581 122.800583
v 57.883389 17.554581 122.960220
v 56.473160 17.554581 123.062675
v 56.487541 17.554581 123.243469
v 58.935196 17.554581 121.500000
v 58.935196 17.554581 122.885414
v 58.952034 17.554581 123.237175
v 56.607773 17.554581 124.001015
v 56.504982 17.554581 123.937279
v 55.310802 17.554581 124.100800
v 55.269032 17.554581 124.102562
v 60.380775 17.554581 123.910912
v 60.888378 17.554581 123.789635
v 60.502033 17.554581 123.806862
v 60.815559 17.554581 123.669159
v 60.630245 17.554581 123.657906
v 60.739182 17.554581 123.484879
v 61.139824 17.554581 124.001015
v 61.037033 17.554581 123.937279
v 59.999184 17.554581 124.082710
v 60.954636 17.554581 123.867249
v 60.140648 17.554581 124.041183
v 60.281078 17.554581 123.974892
v 59.842854 17.554581 124.100800
v 59.801083 17.554581 124.102562
v 59.643944 17.554581 124.090050
v 62.415440 17.554581 122.960220
v 61.005211 17.554581 123.062675
v 61.019592 17.554581 123.243469
v 54.734299 17.554581 123.253113
v 54.752487 17.554581 123.364212
v 54.775314 17.554581 123.445091
v 60.999298 17.554581 122.800583
v 62.435196 17.554581 122.576225
v 62.435196 17.554581 121.500000
v 62.749298 17.554581 121.500000
v 62.749298 17.554581 124.057693
v 62.435196 17.554581 124.057693
v 55.060844 17.554581 123.738052
v 54.983261 17.554581 123.697182
v 54.914356 17.554581 123.645432
v 55.149143 17.554581 123.768326
v 55.245892 17.554581 123.784668
v 55.323719 17.554581 123.788460
v 55.674641 17.554581 123.703705
v 55.792156 17.554581 123.630020
v 59.266350 17.554581 123.253113
v 59.284538 17.554581 123.364212
v 59.307365 17.554581 123.445091
v 62.435196 17.554581 123.613182
v 62.275642 17.554581 123.810829
v 54.810665 17.554581 123.519913
v 54.858070 17.554581 123.587959
v 55.461079 17.554581 123.776451
v 55.570267 17.554581 123.748604
v 56.741306 17.554581 123.697449
v 56.803097 17.554581 123.731766
v 57.228214 17.554581 123.773170
v 57.342930 17.554581 123.738792
v 57.744694 17.554581 123.405281
v 59.592896 17.554581 123.738052
v 59.515312 17.554581 123.697182
v 59.446407 17.554581 123.645432
v 59.681194 17.554581 123.768326
v 59.777946 17.554581 123.784668
v 59.855770 17.554581 123.788460
v 60.206692 17.554581 123.703705
v 60.324207 17.554581 123.630020
v 62.155254 17.554581 123.919754
v 62.080429 17.554581 123.972855
v 61.886322 17.554581 124.052948
v 61.722092 17.554581 124.090042
v 61.553185 17.554581 124.102562
v 61.400398 17.554581 124.089859
v 61.268986 17.554581 124.056503
v 56.507977 17.554581 123.362190
v 56.532299 17.554581 123.443893
v 56.562828 17.554581 123.508026
v 56.886436 17.554581 123.763092
v 56.977440 17.554581 123.781952
v 57.839401 17.554581 123.187500
v 57.792587 17.554581 123.316124
v 59.342716 17.554581 123.519913
v 59.390121 17.554581 123.587959
v 59.993130 17.554581 123.776451
v 60.102318 17.554581 123.748604
v 61.273361 17.554581 123.697449
v 61.335148 17.554581 123.731766
v 61.760265 17.554581 123.773170
v 61.874981 17.554581 123.738792
v 62.276745 17.554581 123.405281
v 55.885094 17.554581 123.548622
v 55.967995 17.554581 123.447746
v 56.088917 17.554581 123.188583
v 56.039772 17.554581 123.322975
v 56.611301 17.554581 123.580589
v 56.671772 17.554581 123.644440
v 57.075821 17.554581 123.788460
v 57.455139 17.554581 123.685226
v 57.563908 17.554581 123.610519
v 57.664536 17.554581 123.513885
v 61.040028 17.554581 123.362190
v 61.064350 17.554581 123.443893
v 61.094879 17.554581 123.508026
v 61.418488 17.554581 123.763092
v 61.509491 17.554581 123.781952
v 62.371452 17.554581 123.187500
v 62.324638 17.554581 123.316124
v 60.417145 17.554581 123.548622
v 60.500046 17.554581 123.447746
v 60.620968 17.554581 123.188583
v 60.571823 17.554581 123.322975
v 61.143353 17.554581 123.580589
v 61.203823 17.554581 123.644440
v 61.607872 17.554581 123.788460
v 61.987190 17.554581 123.685226
v 62.095959 17.554581 123.610519
v 62.196587 17.554581 123.513885
v 55.398243 1.554580 121.510643
v 55.357216 1.554580 121.485291
v 56.012119 1.554580 121.477562
v 56.012119 1.554580 116.500000
v 55.318104 1.554580 121.469070
v 55.279495 1.554580 121.459801
v 55.226864 1.554580 121.455132
v 55.173859 1.554580 121.459846
v 55.132664 1.554580 121.470284
v 55.504364 1.554580 121.653923
v 55.490444 1.554580 121.620140
v 55.513451 1.554580 121.692558
v 53.479614 1.554580 125.036339
v 53.637897 1.554580 124.968163
v 56.012119 1.554580 131.500000
v 55.183216 1.554580 122.035004
v 55.226864 1.554580 122.038460
v 55.280399 1.554580 122.033607
v 55.320118 1.554580 122.024323
v 55.464008 1.554580 121.577507
v 55.432987 1.554580 121.540657
v 54.305927 1.554580 123.881477
v 55.097023 1.554580 122.009117
v 54.237705 1.554580 124.174919
v 55.140076 1.554580 122.026108
v 54.134274 1.554580 124.431686
v 54.963207 1.554580 121.621506
v 54.947884 1.554580 121.660187
v 53.540215 1.554580 121.487038
v 53.211109 1.554580 121.412071
v 53.143829 1.554580 121.410255
v 52.968914 1.554580 121.424171
v 33.839043 1.554580 116.500000
v 52.808819 1.554580 121.464508
v 52.671566 1.554580 121.523529
v 55.491760 1.554580 121.872276
v 55.505325 1.554580 121.837967
v 55.513733 1.554580 121.800598
v 55.518528 1.554580 121.746796
v 54.950378 1.554580 121.842453
v 54.966820 1.554580 121.880707
v 54.198479 1.554580 122.209244
v 54.990887 1.554580 121.919075
v 54.280384 1.554580 122.483841
v 55.020397 1.554580 121.953285
v 54.332283 1.554580 122.819435
v 55.059563 1.554580 121.986595
v 54.351864 1.554580 123.248596
v 54.350597 1.554580 123.340569
v 52.323673 1.554580 124.684570
v 52.436882 1.554580 124.809654
v 33.839043 1.554580 131.500000
v 53.776676 1.554580 124.879173
v 53.907581 1.554580 124.762199
v 54.017746 1.554580 124.628159
v 55.360023 1.554580 122.007637
v 55.395336 1.554580 121.985733
v 55.431835 1.554580 121.954781
v 53.375782 1.554580 121.435272
v 55.094803 1.554580 121.486389
v 55.053642 1.554580 121.511971
v 52.515228 1.554580 121.623260
v 52.397526 1.554580 121.729454
v 52.292023 1.554580 121.860107
v 52.566257 1.554580 124.912819
v 52.718102 1.554580 124.998833
v 52.866116 1.554580 125.052803
v 53.029800 1.554580 125.084213
v 53.143829 1.554580 125.089745
v 53.320480 1.554580 125.076042
v 55.437862 1.554580 121.948624
v 55.469593 1.554580 121.909561
v 55.020767 1.554580 121.540627
v 54.989491 1.554580 121.577705
v 54.939903 1.554580 121.800323
v 54.068920 1.554580 121.947754
v 54.935196 1.554580 121.746796
v 53.957932 1.554580 121.793007
v 54.938683 1.554580 121.703308
v 53.835220 1.554580 121.668579
v 53.697708 1.554580 121.567589
v 52.190449 1.554580 122.028923
v 52.147511 1.554580 122.119934
v 52.062916 1.554580 122.367897
v 52.038971 1.554580 124.032097
v 52.114250 1.554580 124.301041
v 52.209068 1.554580 124.509895
v 54.121349 1.554580 124.457420
v 51.994846 1.554580 122.773811
v 51.973660 1.554580 123.248596
v 51.991562 1.554580 123.691330
v 57.044170 1.554580 121.500000
v 57.044170 1.554580 124.641029
v 56.505711 1.554580 124.641029
v 57.358273 1.554580 121.500000
v 56.711136 1.554580 125.000000
v 57.358273 1.554580 125.000000
v 62.110294 1.554580 124.060555
v 62.228477 1.554580 124.010635
v 63.415966 1.554580 124.057693
v 62.341721 1.554580 123.939339
v 62.439976 1.554580 123.851097
v 59.198017 1.554580 123.613182
v 59.357906 1.554580 123.810486
v 59.198017 1.554580 124.057693
v 59.479324 1.554580 123.920853
v 63.730068 1.554580 123.613182
v 63.889957 1.554580 123.810486
v 63.730068 1.554580 124.057693
v 64.011375 1.554580 123.920853
v 64.084839 1.554580 123.972855
v 87.839043 1.554580 131.500000
v 66.972031 1.554580 123.851097
v 67.051796 1.554580 123.750755
v 59.552784 1.554580 123.972855
v 59.746891 1.554580 124.052948
v 59.911121 1.554580 124.090042
v 66.642342 1.554580 124.060555
v 66.760529 1.554580 124.010635
v 66.873772 1.554580 123.939339
v 62.519741 1.554580 123.750755
v 62.583752 1.554580 123.635643
v 63.415966 1.554580 121.500000
v 62.631279 1.554580 123.507919
v 62.677013 1.554580 123.273949
v 67.115799 1.554580 123.635643
v 67.163330 1.554580 123.507919
v 87.839043 1.554580 121.477562
v 67.209068 1.554580 123.273949
v 67.230064 1.554580 122.885414
v 67.230064 1.554580 121.500000
v 66.915962 1.554580 121.500000
v 60.232979 1.554580 124.089821
v 60.362984 1.554580 124.056877
v 61.638504 1.554580 124.083588
v 60.489368 1.554580 124.003006
v 61.251263 1.554580 123.909378
v 60.748108 1.554580 123.784286
v 61.127159 1.554580 123.802879
v 60.822662 1.554580 123.659309
v 61.002796 1.554580 123.657684
v 60.894032 1.554580 123.484879
v 60.596153 1.554580 123.937309
v 60.676117 1.554580 123.869446
v 61.500858 1.554580 124.043839
v 61.357136 1.554580 123.976974
v 60.080029 1.554580 124.102562
v 61.791504 1.554580 124.100861
v 61.832130 1.554580 124.102562
v 61.989353 1.554580 124.090073
v 63.753967 1.554580 122.986679
v 64.945709 1.554580 123.657082
v 64.876411 1.554580 123.705963
v 64.619926 1.554580 123.785400
v 63.794186 1.554580 123.188385
v 63.840633 1.554580 123.315636
v 64.612076 1.554580 124.102562
v 64.765030 1.554580 124.089821
v 66.170555 1.554580 124.083588
v 64.895035 1.554580 124.056877
v 65.021423 1.554580 124.003006
v 65.783310 1.554580 123.909378
v 65.280159 1.554580 123.784286
v 65.659210 1.554580 123.802879
v 65.354713 1.554580 123.659309
v 65.534843 1.554580 123.657684
v 65.426079 1.554580 123.484879
v 65.128204 1.554580 123.937309
v 65.208168 1.554580 123.869446
v 66.032913 1.554580 124.043839
v 65.889183 1.554580 123.976974
v 65.165962 1.554580 121.500000
v 65.480064 1.554580 121.500000
v 65.480064 1.554580 122.494888
v 66.915962 1.554580 122.886818
v 65.505875 1.554580 122.984428
v 66.911331 1.554580 123.097694
v 66.898926 1.554580 123.252708
v 65.143867 1.554580 123.252602
v 65.122269 1.554580 123.375130
v 65.093643 1.554580 123.459991
v 66.880585 1.554580 123.364182
v 66.857674 1.554580 123.445007
v 66.821838 1.554580 123.520424
v 66.773460 1.554580 123.589981
v 66.716675 1.554580 123.647331
v 66.648918 1.554580 123.697853
v 65.666672 1.554580 123.449829
v 65.594582 1.554580 123.325394
v 65.545013 1.554580 123.191177
v 64.798828 1.554580 123.744911
v 64.711357 1.554580 123.772270
v 64.405190 1.554580 123.773209
v 64.290489 1.554580 123.738876
v 63.888607 1.554580 123.405449
v 66.573509 1.554580 123.737862
v 66.487541 1.554580 123.767410
v 66.390968 1.554580 123.784431
v 66.309494 1.554580 123.788460
v 66.176353 1.554580 123.777763
v 66.060959 1.554580 123.747742
v 66.323555 1.554580 124.100861
v 66.364182 1.554580 124.102562
v 66.521400 1.554580 124.090073
v 63.730068 1.554580 121.500000
v 63.730068 1.554580 122.576225
v 65.165962 1.554580 122.800583
v 65.159668 1.554580 123.068962
v 59.221916 1.554580 122.986679
v 60.413654 1.554580 123.657082
v 60.344357 1.554580 123.705963
v 60.087875 1.554580 123.785400
v 59.262131 1.554580 123.188385
v 59.308582 1.554580 123.315636
v 65.056557 1.554580 123.531731
v 65.005142 1.554580 123.600266
v 64.557388 1.554580 123.788460
v 65.948883 1.554580 123.699318
v 65.846443 1.554580 123.633919
v 65.751541 1.554580 123.552147
v 64.278938 1.554580 124.052948
v 64.443176 1.554580 124.090042
v 60.611816 1.554580 123.252602
v 60.590218 1.554580 123.375130
v 60.561592 1.554580 123.459991
v 62.366879 1.554580 123.252708
v 62.348534 1.554580 123.364182
v 60.973824 1.554580 122.984428
v 62.325619 1.554580 123.445007
v 62.289787 1.554580 123.520424
v 62.241409 1.554580 123.589981
v 62.184620 1.554580 123.647331
v 62.116867 1.554580 123.697853
v 61.134617 1.554580 123.449829
v 61.062531 1.554580 123.325394
v 61.012959 1.554580 123.191177
v 64.178314 1.554580 123.685364
v 64.069527 1.554580 123.610695
v 63.968868 1.554580 123.514091
v 62.698017 1.554580 122.885414
v 62.698017 1.554580 121.500000
v 62.383915 1.554580 121.500000
v 60.266777 1.554580 123.744911
v 60.179302 1.554580 123.772270
v 59.873135 1.554580 123.773209
v 59.758438 1.554580 123.738876
v 59.356556 1.554580 123.405449
v 62.041454 1.554580 123.737862
v 61.955486 1.554580 123.767410
v 61.858917 1.554580 123.784431
v 61.777443 1.554580 123.788460
v 61.644302 1.554580 123.777763
v 61.528908 1.554580 123.747742
v 60.524506 1.554580 123.531731
v 60.473095 1.554580 123.600266
v 60.025341 1.554580 123.788460
v 61.416832 1.554580 123.699318
v 61.314396 1.554580 123.633919
v 61.219494 1.554580 123.552147
v 60.633915 1.554580 121.500000
v 60.948017 1.554580 121.500000
v 60.948017 1.554580 122.494888
v 62.383915 1.554580 122.886818
v 62.379284 1.554580 123.097694
v 59.646263 1.554580 123.685364
v 59.537472 1.554580 123.610695
v 59.436817 1.554580 123.514091
v 58.883915 1.554580 121.500000
v 59.198017 1.554580 121.500000
v 59.198017 1.554580 122.576225
v 60.633915 1.554580 122.800583
v 60.627617 1.554580 123.068962
v 87.839043 1.554580 116.500000
v 58.883915 1.554580 124.057693
v 52.864361 6.069078 131.500000
v 52.303539 6.629897 131.500000
v 51.513443 11.110772 131.500000
v 51.848625 11.829580 131.500000
v 51.239040 9.554581 131.500000
v 25.839043 9.554581 131.500000
v 25.960579 8.165395 131.500000
v 67.445236 13.830182 131.500000
v 66.679138 14.035456 131.500000
v 65.889046 14.104581 131.500000
v 68.164040 13.494996 131.500000
v 68.813728 13.040083 131.500000
v 69.374542 12.479264 131.500000
v 69.374542 6.629897 131.500000
v 69.829460 7.279581 131.500000
v 70.164642 7.998389 131.500000
v 54.998943 5.073706 131.500000
v 54.232849 5.278979 131.500000
v 51.308167 10.344680 131.500000
v 27.710688 14.696881 131.500000
v 26.910837 13.554581 131.500000
v 26.321501 12.290742 131.500000
v 25.960579 10.943766 131.500000
v 31.102880 17.072121 131.500000
v 29.839043 16.482784 131.500000
v 28.696743 15.682936 131.500000
v 52.303539 12.479264 131.500000
v 52.864361 13.040083 131.500000
v 53.514042 13.494996 131.500000
v 69.829460 11.829580 131.500000
v 70.164642 11.110772 131.500000
v 89.228226 17.433043 131.500000
v 70.369919 10.344680 131.500000
v 95.717506 10.943766 131.500000
v 95.356583 12.290742 131.500000
v 70.439041 9.554581 131.500000
v 94.767250 13.554581 131.500000
v 93.967400 14.696881 131.500000
v 92.981346 15.682936 131.500000
v 95.356583 6.818419 131.500000
v 95.717506 8.165395 131.500000
v 95.839043 9.554581 131.500000
v 90.575203 2.037040 131.500000
v 91.839043 2.626378 131.500000
v 70.369919 8.764482 131.500000
v 53.514042 5.614165 131.500000
v 28.696743 3.426225 131.500000
v 29.839043 2.626378 131.500000
v 51.308167 8.764482 131.500000
v 32.449856 17.433043 131.500000
v 91.839043 16.482784 131.500000
v 90.575203 17.072121 131.500000
v 89.228226 1.676119 131.500000
v 92.981346 3.426225 131.500000
v 93.967400 4.412280 131.500000
v 94.767250 5.554581 131.500000
v 68.813728 6.069078 131.500000
v 68.164040 5.614165 131.500000
v 67.445236 5.278979 131.500000
v 66.679138 5.073706 131.500000
v 65.889046 5.004580 131.500000
v 55.789043 5.004580 131.500000
v 26.321501 6.818419 131.500000
v 26.910837 5.554581 131.500000
v 27.710688 4.412280 131.500000
v 51.848625 7.279581 131.500000
v 51.513443 7.998389 131.500000
v 32.449856 1.676119 131.500000
v 31.102880 2.037040 131.500000
v 54.232849 13.830182 131.500000
v 54.998943 14.035456 131.500000
v 55.789043 14.104581 131.500000
v 70.164642 11.110772 116.500000
v 69.829460 11.829580 116.500000
v 69.374542 12.479264 116.500000
v 68.813728 13.040083 116.500000
v 53.514042 13.494996 116.500000
v 52.864361 13.040083 116.500000
v 52.303539 12.479264 116.500000
v 26.321501 6.818419 116.500000
v 25.960579 8.165395 116.500000
v 51.239040 9.554581 116.500000
v 25.839043 9.554581 116.500000
v 25.960579 10.943766 116.500000
v 52.303539 6.629897 116.500000
v 51.848625 7.279581 116.500000
v 51.513443 7.998389 116.500000
v 51.308167 8.764482 116.500000
v 31.102880 2.037040 116.500000
v 29.839043 2.626378 116.500000
v 54.998943 5.073706 116.500000
v 55.789043 5.004580 116.500000
v 65.889046 5.004580 116.500000
v 66.679138 5.073706 116.500000
v 67.445236 5.278979 116.500000
v 68.164040 5.614165 116.500000
v 68.813728 6.069078 116.500000
v 69.374542 6.629897 116.500000
v 70.369919 10.344680 116.500000
v 93.967400 14.696881 116.500000
v 70.439041 9.554581 116.500000
v 94.767250 13.554581 116.500000
v 68.164040 13.494996 116.500000
v 67.445236 13.830182 116.500000
v 66.679138 14.035456 116.500000
v 65.889046 14.104581 116.500000
v 55.789043 14.104581 116.500000
v 54.998943 14.035456 116.500000
v 54.232849 13.830182 116.500000
v 51.308167 10.344680 116.500000
v 28.696743 15.682936 116.500000
v 29.839043 16.482784 116.500000
v 26.321501 12.290742 116.500000
v 26.910837 13.554581 116.500000
v 27.710688 14.696881 116.500000
v 32.449856 1.676119 116.500000
v 28.696743 3.426225 116.500000
v 27.710688 4.412280 116.500000
v 26.910837 5.554581 116.500000
v 92.981346 3.426225 116.500000
v 91.839043 2.626378 116.500000
v 70.369919 8.764482 116.500000
v 95.839043 9.554581 116.500000
v 95.717506 8.165395 116.500000
v 95.356583 12.290742 116.500000
v 95.717506 10.943766 116.500000
v 51.848625 11.829580 116.500000
v 51.513443 11.110772 116.500000
v 32.449856 17.433043 116.500000
v 31.102880 17.072121 116.500000
v 52.864361 6.069078 116.500000
v 53.514042 5.614165 116.500000
v 54.232849 5.278979 116.500000
v 95.356583 6.818419 116.500000
v 94.767250 5.554581 116.500000
v 93.967400 4.412280 116.500000
v 89.228226 17.433043 116.500000
v 90.575203 17.072121 116.500000
v 69.829460 7.279581 116.500000
v 70.164642 7.998389 116.500000
v 89.228226 1.676119 116.500000
v 90.575203 2.037040 116.500000
v 91.839043 16.482784 116.500000
v 92.981346 15.682936 116.500000
v 65.889046 13.604581 131.000000
v 65.889046 13.604581 117.000000
v 66.592316 13.543052 131.000000
v 66.592316 13.543052 117.000000
v 67.274223 13.360335 131.000000
v 67.274223 13.360335 117.000000
v 67.914040 13.061984 131.000000
v 67.914040 13.061984 117.000000
v 68.492332 12.657061 131.000000
v 68.492332 12.657061 117.000000
v 68.991524 12.157870 131.000000
v 68.991524 12.157870 117.000000
v 69.396446 11.579580 131.000000
v 69.396446 11.579580 117.000000
v 69.694801 10.939762 131.000000
v 69.694801 10.939762 117.000000
v 69.877518 10.257855 131.000000
v 69.877518 10.257855 117.000000
v 69.939041 9.554581 131.000000
v 69.939041 9.554581 117.000000
v 69.877518 8.851306 131.000000
v 69.877518 8.851306 117.000000
v 69.694801 8.169399 131.000000
v 69.694801 8.169399 117.000000
v 69.396446 7.529581 131.000000
v 69.396446 7.529581 117.000000
v 68.991524 6.951291 131.000000
v 68.991524 6.951291 117.000000
v 68.492332 6.452101 131.000000
v 68.492332 6.452101 117.000000
v 67.914040 6.047178 131.000000
v 67.914040 6.047178 117.000000
v 67.274223 5.748826 131.000000
v 67.274223 5.748826 117.000000
v 66.592316 5.566109 131.000000
v 66.592316 5.566109 117.000000
v 65.889046 5.504580 131.000000
v 65.889046 5.504580 117.000000
v 55.789043 13.604581 117.000000
v 55.789043 13.604581 131.000000
v 55.789043 5.504580 131.000000
v 55.789043 5.504580 117.000000
v 55.085766 5.566109 131.000000
v 55.085766 5.566109 117.000000
v 54.403862 5.748826 131.000000
v 54.403862 5.748826 117.000000
v 53.764042 6.047178 131.000000
v 53.764042 6.047178 117.000000
v 53.185753 6.452101 131.000000
v 53.185753 6.452101 117.000000
v 52.686562 6.951291 131.000000
v 52.686562 6.951291 117.000000
v 52.281639 7.529581 131.000000
v 52.281639 7.529581 117.000000
v 51.983288 8.169399 131.000000
v 51.983288 8.169399 117.000000
v 51.800571 8.851306 131.000000
v 51.800571 8.851306 117.000000
v 51.739040 9.554581 131.000000
v 51.739040 9.554581 117.000000
v 51.800571 10.257855 131.000000
v 51.800571 10.257855 117.000000
v 51.983288 10.939762 131.000000
v 51.983288 10.939762 117.000000
v 52.281639 11.579580 131.000000
v 52.281639 11.579580 117.000000
v 52.686562 12.157870 131.000000
v 52.686562 12.157870 117.000000
v 53.185753 12.657061 131.000000
v 53.185753 12.657061 117.000000
v 53.764042 13.061984 131.000000
v 53.764042 13.061984 117.000000
v 54.403862 13.360335 131.000000
v 54.403862 13.360335 117.000000
v 55.085766 13.543052 131.000000
v 55.085766 13.543052 117.000000
v 63.415966 1.654581 121.500000
v 63.415966 1.654581 124.057693
v 63.730068 1.654581 124.057693
v 63.730068 1.654581 123.613182
v 64.084839 1.654581 123.972855
v 64.011375 1.654581 123.920853
v 63.889957 1.654581 123.810486
v 64.612076 1.654581 124.102562
v 64.443176 1.654581 124.090042
v 64.278938 1.654581 124.052948
v 65.426079 1.654581 123.484879
v 65.354713 1.654581 123.659309
v 65.280159 1.654581 123.784286
v 65.208168 1.654581 123.869446
v 65.128204 1.654581 123.937309
v 65.021423 1.654581 124.003006
v 64.895035 1.654581 124.056877
v 64.765030 1.654581 124.089821
v 66.364182 1.654581 124.102562
v 66.323555 1.654581 124.100861
v 66.170555 1.654581 124.083588
v 66.032913 1.654581 124.043839
v 65.889183 1.654581 123.976974
v 65.783310 1.654581 123.909378
v 65.659210 1.654581 123.802879
v 65.534843 1.654581 123.657684
v 67.230064 1.654581 122.885414
v 67.209068 1.654581 123.273949
v 67.163330 1.654581 123.507919
v 67.115799 1.654581 123.635643
v 67.051796 1.654581 123.750755
v 66.972031 1.654581 123.851097
v 66.873772 1.654581 123.939339
v 66.760529 1.654581 124.010635
v 66.642342 1.654581 124.060555
v 66.521400 1.654581 124.090073
v 67.230064 1.654581 121.500000
v 66.915962 1.654581 121.500000
v 66.915962 1.654581 122.886818
v 66.309494 1.654581 123.788460
v 66.390968 1.654581 123.784431
v 66.487541 1.654581 123.767410
v 66.573509 1.654581 123.737862
v 66.648918 1.654581 123.697853
v 66.716675 1.654581 123.647331
v 66.773460 1.654581 123.589981
v 66.821838 1.654581 123.520424
v 66.857674 1.654581 123.445007
v 66.880585 1.654581 123.364182
v 66.898926 1.654581 123.252708
v 66.911331 1.654581 123.097694
v 65.480064 1.654581 122.494888
v 65.505875 1.654581 122.984428
v 65.545013 1.654581 123.191177
v 65.594582 1.654581 123.325394
v 65.666672 1.654581 123.449829
v 65.751541 1.654581 123.552147
v 65.846443 1.654581 123.633919
v 65.948883 1.654581 123.699318
v 66.060959 1.654581 123.747742
v 66.176353 1.654581 123.777763
v 65.480064 1.654581 121.500000
v 65.165962 1.654581 121.500000
v 65.165962 1.654581 122.800583
v 64.557388 1.654581 123.788460
v 64.619926 1.654581 123.785400
v 64.711357 1.654581 123.772270
v 64.798828 1.654581 123.744911
v 64.876411 1.654581 123.705963
v 64.945709 1.654581 123.657082
v 65.005142 1.654581 123.600266
v 65.056557 1.654581 123.531731
v 65.093643 1.654581 123.459991
v 65.122269 1.654581 123.375130
v 65.143867 1.654581 123.252602
v 65.159668 1.654581 123.068962
v 63.730068 1.654581 122.576225
v 63.753967 1.654581 122.986679
v 63.794186 1.654581 123.188385
v 63.840633 1.654581 123.315636
v 63.888607 1.654581 123.405449
v 63.968868 1.654581 123.514091
v 64.069527 1.654581 123.610695
v 64.178314 1.654581 123.685364
v 64.290489 1.654581 123.738876
v 64.405190 1.654581 123.773209
v 63.730068 1.654581 121.500000
v 58.883915 1.654581 121.500000
v 58.883915 1.654581 124.057693
v 59.198017 1.654581 124.057693
v 59.198017 1.654581 123.613182
v 59.552784 1.654581 123.972855
v 59.479324 1.654581 123.920853
v 59.357906 1.654581 123.810486
v 60.080029 1.654581 124.102562
v 59.911121 1.654581 124.090042
v 59.746891 1.654581 124.052948
v 60.894032 1.654581 123.484879
v 60.822662 1.654581 123.659309
v 60.748108 1.654581 123.784286
v 60.676117 1.654581 123.869446
v 60.596153 1.654581 123.937309
v 60.489368 1.654581 124.003006
v 60.362984 1.654581 124.056877
v 60.232979 1.654581 124.089821
v 61.832130 1.654581 124.102562
v 61.791504 1.654581 124.100861
v 61.638504 1.654581 124.083588
v 61.500858 1.654581 124.043839
v 61.357136 1.654581 123.976974
v 61.251263 1.654581 123.909378
v 61.127159 1.654581 123.802879
v 61.002796 1.654581 123.657684
v 62.698017 1.654581 122.885414
v 62.677013 1.654581 123.273949
v 62.631279 1.654581 123.507919
v 62.583752 1.654581 123.635643
v 62.519741 1.654581 123.750755
v 62.439976 1.654581 123.851097
v 62.341721 1.654581 123.939339
v 62.228477 1.654581 124.010635
v 62.110294 1.654581 124.060555
v 61.989353 1.654581 124.090073
v 62.698017 1.654581 121.500000
v 62.383915 1.654581 121.500000
v 62.383915 1.654581 122.886818
v 61.777443 1.654581 123.788460
v 61.858917 1.654581 123.784431
v 61.955486 1.654581 123.767410
v 62.041454 1.654581 123.737862
v 62.116867 1.654581 123.697853
v 62.184620 1.654581 123.647331
v 62.241409 1.654581 123.589981
v 62.289787 1.654581 123.520424
v 62.325619 1.654581 123.445007
v 62.348534 1.654581 123.364182
v 62.366879 1.654581 123.252708
v 62.379284 1.654581 123.097694
v 60.948017 1.654581 122.494888
v 60.973824 1.654581 122.984428
v 61.012959 1.654581 123.191177
v 61.062531 1.654581 123.325394
v 61.134617 1.654581 123.449829
v 61.219494 1.654581 123.552147
v 61.314396 1.654581 123.633919
v 61.416832 1.654581 123.699318
v 61.528908 1.654581 123.747742
v 61.644302 1.654581 123.777763
v 60.948017 1.654581 121.500000
v 60.633915 1.654581 121.500000
v 60.633915 1.654581 122.800583
v 60.025341 1.654581 123.788460
v 60.087875 1.654581 123.785400
v 60.179302 1.654581 123.772270
v 60.266777 1.654581 123.744911
v 60.344357 1.654581 123.705963
v 60.413654 1.654581 123.657082
v 60.473095 1.654581 123.600266
v 60.524506 1.654581 123.531731
v 60.561592 1.654581 123.459991
v 60.590218 1.654581 123.375130
v 60.611816 1.654581 123.252602
v 60.627617 1.654581 123.068962
v 59.198017 1.654581 122.576225
v 59.221916 1.654581 122.986679
v 59.262131 1.654581 123.188385
v 59.308582 1.654581 123.315636
v 59.356556 1.654581 123.405449
v 59.436817 1.654581 123.514091
v 59.537472 1.654581 123.610695
v 59.646263 1.654581 123.685364
v 59.758438 1.654581 123.738876
v 59.873135 1.654581 123.773209
v 59.198017 1.654581 121.500000
v 56.505711 1.654581 124.641029
v 56.711136 1.654581 125.000000
v 57.358273 1.654581 125.000000
v 57.358273 1.654581 121.500000
v 57.044170 1.654581 121.500000
v 57.044170 1.654581 124.641029
v 55.226864 1.654581 122.038460
v 55.183216 1.654581 122.035004
v 55.140076 1.654581 122.026108
v 55.097023 1.654581 122.009117
v 55.059563 1.654581 121.986595
v 55.020397 1.654581 121.953285
v 54.990887 1.654581 121.919075
v 54.966820 1.654581 121.880707
v 54.950378 1.654581 121.842453
v 54.939903 1.654581 121.800323
v 54.935196 1.654581 121.746796
v 55.518528 1.654581 121.746796
v 55.513733 1.654581 121.800598
v 55.505325 1.654581 121.837967
v 55.491760 1.654581 121.872276
v 55.469593 1.654581 121.909561
v 55.437862 1.654581 121.948624
v 55.431835 1.654581 121.954781
v 55.395336 1.654581 121.985733
v 55.360023 1.654581 122.007637
v 55.320118 1.654581 122.024323
v 55.280399 1.654581 122.033607
v 55.226864 1.654581 121.455132
v 55.279495 1.654581 121.459801
v 55.318104 1.654581 121.469070
v 55.357216 1.654581 121.485291
v 55.398243 1.654581 121.510643
v 55.432987 1.654581 121.540657
v 55.464008 1.654581 121.577507
v 55.490444 1.654581 121.620140
v 55.504364 1.654581 121.653923
v 55.513451 1.654581 121.692558
v 54.938683 1.654581 121.703308
v 54.947884 1.654581 121.660187
v 54.963207 1.654581 121.621506
v 54.989491 1.654581 121.577705
v 55.020767 1.654581 121.540627
v 55.053642 1.654581 121.511971
v 55.094803 1.654581 121.486389
v 55.132664 1.654581 121.470284
v 55.173859 1.654581 121.459846
v 51.973660 1.654581 123.248596
v 51.994846 1.654581 122.773811
v 52.062916 1.654581 122.367897
v 52.147511 1.654581 122.119934
v 52.190449 1.654581 122.028923
v 52.292023 1.654581 121.860107
v 52.397526 1.654581 121.729454
v 52.515228 1.654581 121.623260
v 52.671566 1.654581 121.523529
v 52.808819 1.654581 121.464508
v 52.968914 1.654581 121.424171
v 53.143829 1.654581 121.410255
v 53.143829 1.654581 125.089745
v 53.029800 1.654581 125.084213
v 52.866116 1.654581 125.052803
v 52.718102 1.654581 124.998833
v 52.566257 1.654581 124.912819
v 52.436882 1.654581 124.809654
v 52.323673 1.654581 124.684570
v 52.209068 1.654581 124.509895
v 52.114250 1.654581 124.301041
v 52.038971 1.654581 124.032097
v 51.991562 1.654581 123.691330
v 54.351864 1.654581 123.248596
v 54.350597 1.654581 123.340569
v 54.305927 1.654581 123.881477
v 54.237705 1.654581 124.174919
v 54.134274 1.654581 124.431686
v 54.121349 1.654581 124.457420
v 54.017746 1.654581 124.628159
v 53.907581 1.654581 124.762199
v 53.776676 1.654581 124.879173
v 53.637897 1.654581 124.968163
v 53.479614 1.654581 125.036339
v 53.320480 1.654581 125.076042
v 53.211109 1.654581 121.412071
v 53.375782 1.654581 121.435272
v 53.540215 1.654581 121.487038
v 53.697708 1.654581 121.567589
v 53.835220 1.654581 121.668579
v 53.957932 1.654581 121.793007
v 54.068920 1.654581 121.947754
v 54.198479 1.654581 122.209244
v 54.280384 1.654581 122.483841
v 54.332283 1.654581 122.819435
v 52.917130 1.654581 124.689819
v 53.018307 1.654581 124.717537
v 53.154346 1.654581 124.730766
v 53.212479 1.654581 124.727196
v 53.316906 1.654581 124.711533
v 53.410809 1.654581 124.681213
v 53.529430 1.654581 124.620972
v 52.803268 1.654581 124.636940
v 52.677338 1.654581 124.551888
v 52.592312 1.654581 124.469902
v 52.503689 1.654581 124.351471
v 52.432018 1.654581 124.217812
v 52.395721 1.654581 124.128479
v 52.340809 1.654581 123.925087
v 52.295536 1.654581 123.536995
v 52.287762 1.654581 123.250000
v 52.302078 1.654581 122.868561
v 52.337677 1.654581 122.591110
v 52.390053 1.654581 122.386986
v 52.459919 1.654581 122.224342
v 52.537086 1.654581 122.098892
v 52.621830 1.654581 121.999466
v 52.727245 1.654581 121.911148
v 52.845802 1.654581 121.841377
v 52.957619 1.654581 121.797905
v 53.055168 1.654581 121.776794
v 53.154346 1.654581 121.769234
v 53.287113 1.654581 121.781281
v 53.396542 1.654581 121.812180
v 53.501446 1.654581 121.859390
v 53.607845 1.654581 121.929245
v 53.682705 1.654581 121.995163
v 53.761822 1.654581 122.088982
v 53.835480 1.654581 122.207787
v 53.905247 1.654581 122.370094
v 53.996750 1.654581 122.723381
v 54.035538 1.654581 123.120018
v 54.037762 1.654581 123.250000
v 54.018364 1.654581 123.636055
v 53.969608 1.654581 123.928947
v 53.882488 1.654581 124.191628
v 53.800507 1.654581 124.349487
v 53.719620 1.654581 124.460739
v 53.633259 1.654581 124.546936
v 52.287762 1.554580 123.250000
v 52.295536 1.554580 123.536995
v 52.340809 1.554580 123.925087
v 52.395721 1.554580 124.128479
v 52.432018 1.554580 124.217812
v 52.503689 1.554580 124.351471
v 52.592312 1.554580 124.469902
v 52.677338 1.554580 124.551888
v 52.803268 1.554580 124.636940
v 52.917130 1.554580 124.689819
v 53.018307 1.554580 124.717537
v 53.154346 1.554580 124.730766
v 53.212479 1.554580 124.727196
v 53.316906 1.554580 124.711533
v 53.410809 1.554580 124.681213
v 53.529430 1.554580 124.620972
v 53.633259 1.554580 124.546936
v 53.719620 1.554580 124.460739
v 53.800507 1.554580 124.349487
v 53.882488 1.554580 124.191628
v 53.969608 1.554580 123.928947
v 54.018364 1.554580 123.636055
v 54.037762 1.554580 123.250000
v 54.035538 1.554580 123.120018
v 53.996750 1.554580 122.723381
v 53.905247 1.554580 122.370094
v 53.835480 1.554580 122.207787
v 53.761822 1.554580 122.088982
v 53.682705 1.554580 121.995163
v 53.607845 1.554580 121.929245
v 53.501446 1.554580 121.859390
v 53.396542 1.554580 121.812180
v 53.287113 1.554580 121.781281
v 53.154346 1.554580 121.769234
v 53.055168 1.554580 121.776794
v 52.957619 1.554580 121.797905
v 52.845802 1.554580 121.841377
v 52.727245 1.554580 121.911148
v 52.621830 1.554580 121.999466
v 52.537086 1.554580 122.098892
v 52.459919 1.554580 122.224342
v 52.390053 1.554580 122.386986
v 52.337677 1.554580 122.591110
v 52.302078 1.554580 122.868561
v 58.217247 17.454580 121.500000
v 58.217247 17.454580 124.057693
v 57.903145 17.454580 124.057693
v 57.903145 17.454580 123.613182
v 57.548378 17.454580 123.972855
v 57.623203 17.454580 123.919754
v 57.743591 17.454580 123.810829
v 57.021133 17.454580 124.102562
v 57.190041 17.454580 124.090042
v 57.354271 17.454580 124.052948
v 56.207130 17.454580 123.484879
v 56.283508 17.454580 123.669159
v 56.356327 17.454580 123.789635
v 56.422585 17.454580 123.867249
v 56.504982 17.454580 123.937279
v 56.607773 17.454580 124.001015
v 56.736935 17.454580 124.056503
v 56.868347 17.454580 124.089859
v 55.269032 17.454580 124.102562
v 55.310802 17.454580 124.100800
v 55.467133 17.454580 124.082710
v 55.608597 17.454580 124.041183
v 55.749027 17.454580 123.974892
v 55.848724 17.454580 123.910912
v 55.969982 17.454580 123.806862
v 56.098194 17.454580 123.657906
v 54.403145 17.454580 122.885414
v 54.419983 17.454580 123.237175
v 54.464931 17.454580 123.490570
v 54.512730 17.454580 123.625793
v 54.579853 17.454580 123.748611
v 54.658997 17.454580 123.849533
v 54.756721 17.454580 123.937943
v 54.865643 17.454580 124.007721
v 54.988960 17.454580 124.060089
v 55.111893 17.454580 124.090050
v 54.403145 17.454580 121.500000
v 54.717247 17.454580 121.500000
v 54.717247 17.454580 122.886818
v 55.323719 17.454580 123.788460
v 55.245892 17.454580 123.784668
v 55.149143 17.454580 123.768326
v 55.060844 17.454580 123.738052
v 54.983261 17.454580 123.697182
v 54.914356 17.454580 123.645432
v 54.858070 17.454580 123.587959
v 54.810665 17.454580 123.519913
v 54.775314 17.454580 123.445091
v 54.752487 17.454580 123.364212
v 54.734299 17.454580 123.253113
v 54.721889 17.454580 123.097961
v 56.153145 17.454580 122.494888
v 56.127968 17.454580 122.979012
v 56.088917 17.454580 123.188583
v 56.039772 17.454580 123.322975
v 55.967995 17.454580 123.447746
v 55.885094 17.454580 123.548622
v 55.792156 17.454580 123.630020
v 55.674641 17.454580 123.703705
v 55.570267 17.454580 123.748604
v 55.461079 17.454580 123.776451
v 56.153145 17.454580 121.500000
v 56.467247 17.454580 121.500000
v 56.467247 17.454580 122.800583
v 57.075821 17.454580 123.788460
v 56.977440 17.454580 123.781952
v 56.886436 17.454580 123.763092
v 56.803097 17.454580 123.731766
v 56.741306 17.454580 123.697449
v 56.671772 17.454580 123.644440
v 56.611301 17.454580 123.580589
v 56.562828 17.454580 123.508026
v 56.532299 17.454580 123.443893
v 56.507977 17.454580 123.362190
v 56.487541 17.454580 123.243469
v 56.473160 17.454580 123.062675
v 57.903145 17.454580 122.576225
v 57.883389 17.454580 122.960220
v 57.839401 17.454580 123.187500
v 57.792587 17.454580 123.316124
v 57.744694 17.454580 123.405281
v 57.664536 17.454580 123.513885
v 57.563908 17.454580 123.610519
v 57.455139 17.454580 123.685226
v 57.342930 17.454580 123.738792
v 57.228214 17.454580 123.773170
v 57.903145 17.454580 121.500000
v 62.749298 17.454580 121.500000
v 62.749298 17.454580 124.057693
v 62.435196 17.454580 124.057693
v 62.435196 17.454580 123.613182
v 62.080429 17.454580 123.972855
v 62.155254 17.454580 123.919754
v 62.275642 17.454580 123.810829
v 61.553185 17.454580 124.102562
v 61.722092 17.454580 124.090042
v 61.886322 17.454580 124.052948
v 60.739182 17.454580 123.484879
v 60.815559 17.454580 123.669159
v 60.888378 17.454580 123.789635
v 60.954636 17.454580 123.867249
v 61.037033 17.454580 123.937279
v 61.139824 17.454580 124.001015
v 61.268986 17.454580 124.056503
v 61.400398 17.454580 124.089859
v 59.801083 17.454580 124.102562
v 59.842854 17.454580 124.100800
v 59.999184 17.454580 124.082710
v 60.140648 17.454580 124.041183
v 60.281078 17.454580 123.974892
v 60.380775 17.454580 123.910912
v 60.502033 17.454580 123.806862
v 60.630245 17.454580 123.657906
v 58.935196 17.454580 122.885414
v 58.952034 17.454580 123.237175
v 58.996983 17.454580 123.490570
v 59.044781 17.454580 123.625793
v 59.111904 17.454580 123.748611
v 59.191048 17.454580 123.849533
v 59.288773 17.454580 123.937943
v 59.397694 17.454580 124.007721
v 59.521011 17.454580 124.060089
v 59.643944 17.454580 124.090050
v 58.935196 17.454580 121.500000
v 59.249298 17.454580 121.500000
v 59.249298 17.454580 122.886818
v 59.855770 17.454580 123.788460
v 59.777946 17.454580 123.784668
v 59.681194 17.454580 123.768326
v 59.592896 17.454580 123.738052
v 59.515312 17.454580 123.697182
v 59.446407 17.454580 123.645432
v 59.390121 17.454580 123.587959
v 59.342716 17.454580 123.519913
v 59.307365 17.454580 123.445091
v 59.284538 17.454580 123.364212
v 59.266350 17.454580 123.253113
v 59.253941 17.454580 123.097961
v 60.685196 17.454580 122.494888
v 60.660019 17.454580 122.979012
v 60.620968 17.454580 123.188583
v 60.571823 17.454580 123.322975
v 60.500046 17.454580 123.447746
v 60.417145 17.454580 123.548622
v 60.324207 17.454580 123.630020
v 60.206692 17.454580 123.703705
v 60.102318 17.454580 123.748604
v 59.993130 17.454580 123.776451
v 60.685196 17.454580 121.500000
v 60.999298 17.454580 121.500000
v 60.999298 17.454580 122.800583
v 61.607872 17.454580 123.788460
v 61.509491 17.454580 123.781952
v 61.418488 17.454580 123.763092
v 61.335148 17.454580 123.731766
v 61.273361 17.454580 123.697449
v 61.203823 17.454580 123.644440
v 61.143353 17.454580 123.580589
v 61.094879 17.454580 123.508026
v 61.064350 17.454580 123.443893
v 61.040028 17.454580 123.362190
v 61.019592 17.454580 123.243469
v 61.005211 17.454580 123.062675
v 62.435196 17.454580 122.576225
v 62.415440 17.454580 122.960220
v 62.371452 17.454580 123.187500
v 62.324638 17.454580 123.316124
v 62.276745 17.454580 123.405281
v 62.196587 17.454580 123.513885
v 62.095959 17.454580 123.610519
v 61.987190 17.454580 123.685226
v 61.874981 17.454580 123.738792
v 61.760265 17.454580 123.773170
v 62.435196 17.454580 121.500000
v 65.127502 17.454580 124.641029
v 64.922073 17.454580 125.000000
v 64.274940 17.454580 125.000000
v 64.274940 17.454580 121.500000
v 64.589043 17.454580 121.500000
v 64.589043 17.454580 124.641029
v 66.451225 17.454580 122.038460
v 66.500496 17.454580 122.034233
v 66.540733 17.454580 122.025482
v 66.577309 17.454580 122.011200
v 66.614914 17.454580 121.989113
v 66.653603 17.454580 121.957321
v 66.659073 17.454580 121.951889
v 66.690613 17.454580 121.914284
v 66.715363 17.454580 121.873795
v 66.729141 17.454580 121.839714
v 66.738075 17.454580 121.800720
v 66.742889 17.454580 121.746796
v 66.159554 17.454580 121.746796
v 66.162537 17.454580 121.787453
v 66.171089 17.454580 121.830902
v 66.185905 17.454580 121.870064
v 66.207962 17.454580 121.908798
v 66.241463 17.454580 121.949928
v 66.245865 17.454580 121.954399
v 66.281158 17.454580 121.984604
v 66.318817 17.454580 122.007820
v 66.358284 17.454580 122.024200
v 66.397728 17.454580 122.033630
v 66.451225 17.454580 121.455132
v 66.403694 17.454580 121.459015
v 66.364738 17.454580 121.467773
v 66.323425 17.454580 121.484207
v 66.286728 17.454580 121.505737
v 66.252159 17.454580 121.534393
v 66.215668 17.454580 121.575401
v 66.191422 17.454580 121.613792
v 66.174904 17.454580 121.652077
v 66.164536 17.454580 121.692963
v 66.737335 17.454580 121.689644
v 66.728134 17.454580 121.652161
v 66.713768 17.454580 121.618034
v 66.690300 17.454580 121.580292
v 66.656998 17.454580 121.541008
v 66.623070 17.454580 121.511124
v 66.584518 17.454580 121.486755
v 66.546135 17.454580 121.470306
v 66.504242 17.454580 121.459862
v 69.704430 17.454580 123.248596
v 69.690636 17.454580 122.857292
v 69.626343 17.454580 122.417053
v 69.539207 17.454580 122.142761
v 69.483459 17.454580 122.021797
v 69.385002 17.454580 121.858727
v 69.279465 17.454580 121.728310
v 69.161674 17.454580 121.622353
v 69.005592 17.454580 121.523041
v 68.867134 17.454580 121.463593
v 68.709206 17.454580 121.424179
v 68.534256 17.454580 121.410255
v 68.534256 17.454580 125.089745
v 68.661514 17.454580 125.082726
v 68.810860 17.454580 125.053162
v 68.968102 17.454580 124.995316
v 69.111862 17.454580 124.912941
v 69.240768 17.454580 124.809616
v 69.356369 17.454580 124.682144
v 69.469009 17.454580 124.509911
v 69.563858 17.454580 124.300972
v 69.639122 17.454580 124.032051
v 69.686523 17.454580 123.691299
v 67.443710 17.454580 124.186043
v 67.366158 17.454580 123.843643
v 67.326225 17.454580 123.248596
v 67.671783 17.454580 124.644089
v 67.551613 17.454580 124.447533
v 67.788666 17.454580 124.780960
v 67.915337 17.454580 124.889473
v 68.048447 17.454580 124.971855
v 68.202980 17.454580 125.037834
v 68.359093 17.454580 125.075607
v 68.456001 17.454580 121.412704
v 68.293159 17.454580 121.437309
v 68.144676 17.454580 121.483978
v 67.983505 17.454580 121.565208
v 67.834244 17.454580 121.676178
v 67.712509 17.454580 121.802803
v 67.593758 17.454580 121.972954
v 67.475479 17.454580 122.218346
v 67.397415 17.454580 122.483215
v 67.345833 17.454580 122.819153
v 67.708519 17.454580 123.926285
v 67.659424 17.454580 123.633759
v 68.523735 17.454580 121.769234
v 68.390549 17.454580 121.781258
v 68.286560 17.454580 121.809669
v 68.187553 17.454580 121.853546
v 68.080750 17.454580 121.921265
v 67.993248 17.454580 121.997337
v 67.913773 17.454580 122.092377
v 67.840157 17.454580 122.212509
v 67.772835 17.454580 122.370094
v 67.783127 17.454580 124.162140
v 67.837296 17.454580 124.278740
v 67.914268 17.454580 124.404602
v 67.997749 17.454580 124.503304
v 68.077950 17.454580 124.574036
v 68.199219 17.454580 124.650078
v 68.305054 17.454580 124.695335
v 68.400146 17.454580 124.719452
v 68.523735 17.454580 124.730766
v 68.657684 17.454580 124.717896
v 68.761383 17.454580 124.689705
v 68.860023 17.454580 124.645737
v 68.965775 17.454580 124.578896
v 68.983368 17.454580 124.565514
v 69.083611 17.454580 124.471771
v 69.165665 17.454580 124.365524
v 69.249001 17.454580 124.210327
v 69.273499 17.454580 124.151123
v 67.681335 17.454580 122.723381
v 67.642548 17.454580 123.120018
v 67.640327 17.454580 123.250000
v 69.332733 17.454580 123.947166
v 69.381424 17.454580 123.555603
v 69.390327 17.454580 123.250000
v 69.375969 17.454580 122.868759
v 69.340378 17.454580 122.591331
v 69.287430 17.454580 122.385941
v 69.218475 17.454580 122.225662
v 69.143745 17.454580 122.102562
v 69.059715 17.454580 122.003670
v 68.969780 17.454580 121.925499
v 68.851784 17.454580 121.851028
v 68.739700 17.454580 121.803993
v 68.643440 17.454580 121.779808
v 69.390327 17.554581 123.250000
v 69.381424 17.554581 123.555603
v 69.332733 17.554581 123.947166
v 69.273499 17.554581 124.151123
v 69.249001 17.554581 124.210327
v 69.165665 17.554581 124.365524
v 69.083611 17.554581 124.471771
v 68.983368 17.554581 124.565514
v 68.965775 17.554581 124.578896
v 68.860023 17.554581 124.645737
v 68.761383 17.554581 124.689705
v 68.657684 17.554581 124.717896
v 68.523735 17.554581 124.730766
v 68.400146 17.554581 124.719452
v 68.305054 17.554581 124.695335
v 68.199219 17.554581 124.650078
v 68.077950 17.554581 124.574036
v 67.997749 17.554581 124.503304
v 67.914268 17.554581 124.404602
v 67.837296 17.554581 124.278740
v 67.783127 17.554581 124.162140
v 67.708519 17.554581 123.926285
v 67.659424 17.554581 123.633759
v 67.640327 17.554581 123.250000
v 67.642548 17.554581 123.120018
v 67.681335 17.554581 122.723381
v 67.772835 17.554581 122.370094
v 67.840157 17.554581 122.212509
v 67.913773 17.554581 122.092377
v 67.993248 17.554581 121.997337
v 68.080750 17.554581 121.921265
v 68.187553 17.554581 121.853546
v 68.286560 17.554581 121.809669
v 68.390549 17.554581 121.781258
v 68.523735 17.554581 121.769234
v 68.643440 17.554581 121.779808
v 68.739700 17.554581 121.803993
v 68.851784 17.554581 121.851028
v 68.969780 17.554581 121.925499
v 69.059715 17.554581 122.003670
v 69.143745 17.554581 122.102562
v 69.218475 17.554581 122.225662
v 69.287430 17.554581 122.385941
v 69.340378 17.554581 122.591331
v 69.375969 17.554581 122.868759
vn -0.0899 -0.0000 -0.9959
vn -0.0000 1.0000 -0.0000
vn -0.0000 1.0000 -0.0001
vn -0.0000 1.0000 0.0001
vn -0.0000 1.0000 -0.0003
vn -0.0000 1.0000 -0.0006
vn -0.0000 1.0000 -0.0002
vn -0.0000 -1.0000 -0.0000
vn -0.0000 1.0000 0.0002
vn -0.0000 -1.0000 0.0001
vn -0.0000 -1.0000 -0.0011
vn -0.0000 -1.0000 0.0002
vn -0.0000 0.7071 -0.7071
vn -0.0000 -0.0000 1.0000
vn -0.0000 -0.0000 -1.0000
vn -0.9988 -0.0000 0.0497
vn -0.9276 -0.0000 -0.3736
vn -0.3956 -0.0000 -0.9184
vn 0.9063 -0.4226 -0.0000
vn -0.3931 -0.0000 0.9195
vn 0.8463 -0.0000 -0.5327
vn 0.7769 -0.0000 -0.6296
vn 0.8548 -0.0000 -0.5189
vn -0.8192 0.5736 -0.0000
vn -0.9883 -0.0000 0.1528
vn -0.6561 -0.0000 -0.7547
vn 0.9862 -0.0000 0.1654
vn 0.5381 -0.0000 -0.8429
vn -0.6527 -0.0000 0.7576
vn 0.7780 -0.0000 0.6283
vn -0.9962 -0.0871 -0.0000
vn -0.5343 -0.0000 0.8453
vn -0.9983 -0.0000 0.0581
vn -0.9990 -0.0000 0.0456
vn 0.9848 -0.0000 0.1736
vn 0.2588 0.9659 -0.0000
vn -1.0000 -0.0000 -0.0000
vn -0.7071 -0.7071 -0.0000
vn -0.2030 -0.0000 0.9792
vn 0.9962 -0.0000 -0.0876
vn 0.8361 -0.0000 -0.5486
vn -0.4212 -0.0000 0.9070
vn -0.6610 -0.0000 0.7504
vn 0.4226 0.9063 -0.0000
vn -0.4226 0.9063 -0.0000
vn 0.9924 -0.0000 0.1234
vn 0.9962 -0.0872 -0.0000
vn -0.1666 -0.0000 0.9860
vn -0.9063 0.4226 -0.0000
vn 0.9659 0.2588 -0.0000
vn 0.9999 -0.0000 -0.0171
vn 0.0872 -0.9962 -0.0000
vn -0.4855 -0.0000 0.8742
vn -0.7071 0.7071 -0.0000
vn 0.9297 -0.0000 0.3683
vn 0.5806 -0.0000 0.8142
vn 0.2985 -0.0000 0.9544
vn 0.6609 -0.0000 -0.7505
vn 0.6513 -0.0000 -0.7589
vn 0.4071 -0.0000 0.9134
vn -0.9264 -0.0000 0.3764
vn 0.4528 -0.0000 0.8916
vn 0.0739 -0.0000 -0.9973
vn 0.4104 -0.0000 -0.9119
vn -0.3638 -0.0000 -0.9315
vn -0.5240 -0.0000 -0.8517
vn 0.0872 0.9962 -0.0000
vn -0.9659 -0.2588 -0.0000
vn 0.9987 -0.0000 0.0502
vn -0.9712 -0.0000 0.2384
vn -0.7637 -0.0000 -0.6456
vn -0.2456 -0.0000 -0.9694
vn -0.8740 -0.0000 -0.4860
vn -0.0872 0.9962 -0.0000
vn 0.2588 -0.9659 -0.0000
vn 0.9238 -0.0000 -0.3829
vn 0.3952 -0.0000 0.9186
vn -0.8679 -0.0000 -0.4967
vn -0.2635 -0.0000 -0.9646
vn 0.9603 -0.0000 0.2789
vn -0.9814 -0.0000 -0.1918
vn -0.6422 -0.0000 -0.7665
vn 0.8883 -0.0000 0.4592
vn -0.1150 -0.0000 -0.9934
vn -0.9584 -0.0000 0.2853
vn 0.7071 -0.7071 -0.0000
vn -0.9956 -0.0000 0.0932
vn -0.5258 -0.0000 0.8506
vn -0.2643 -0.0000 0.9645
vn -0.3921 -0.0000 -0.9199
vn -0.0872 -0.9962 -0.0000
vn -0.9659 0.2588 -0.0000
vn -0.5736 -0.8192 -0.0000
vn -0.9063 -0.4226 -0.0000
vn -0.4052 -0.0000 -0.9142
vn -0.6709 -0.0000 -0.7415
vn 0.2460 -0.0000 -0.9693
vn -0.6471 -0.0000 -0.7624
vn 0.2774 -0.0000 -0.9607
vn 0.6726 -0.0000 -0.7400
vn -0.9998 -0.0000 0.0220
vn 0.3870 -0.0000 -0.9221
vn 0.8875 -0.0000 0.4609
vn 0.3672 -0.0000 -0.9302
vn 0.7595 -0.0000 -0.6505
vn 0.5736 0.8192 -0.0000
vn -0.8043 -0.0000 0.5942
vn -0.7671 -0.0000 -0.6415
vn 0.0794 -0.0000 -0.9968
vn -0.4226 -0.9063 -0.0000
vn 0.7604 -0.0000 -0.6494
vn 0.2471 -0.0000 0.9690
vn 0.5977 -0.0000 0.8017
vn 0.9990 -0.0000 0.0456
vn 1.0000 -0.0000 -0.0000
vn -0.0800 -0.0000 0.9968
vn 0.4226 -0.9063 -0.0000
vn 0.9997 -0.0000 0.0234
vn -0.5328 -0.0000 -0.8463
vn -0.9999 -0.0000 -0.0171
vn -0.0903 -0.0000 -0.9959
vn 0.6235 -0.0000 -0.7818
vn 0.5736 -0.8192 -0.0000
vn 0.9818 -0.0000 0.1900
vn 0.9962 0.0872 -0.0000
vn 0.9187 -0.0000 -0.3949
vn 0.4687 -0.0000 0.8833
vn -0.9630 -0.0000 -0.2695
vn 0.9968 -0.0000 0.0798
vn -0.8006 -0.0000 0.5991
vn -0.8192 -0.5736 -0.0000
vn -0.5401 -0.0000 -0.8416
vn -0.9960 -0.0000 -0.0889
vn 0.0417 -0.0000 -0.9991
vn -0.8588 -0.0000 -0.5123
vn -0.7697 -0.0000 0.6384
vn -0.0773 -0.0000 -0.9970
vn -0.0760 -0.0000 -0.9971
vn 0.9973 -0.0000 -0.0732
vn -0.9069 -0.0000 0.4213
vn 0.3250 -0.0000 0.9457
vn -0.9986 -0.0000 0.0526
vn 0.0829 -0.0000 -0.9966
vn -0.0792 -0.0000 -0.9969
vn -0.0660 -0.0000 0.9978
vn -0.9624 -0.0000 0.2716
vn 0.9989 -0.0000 -0.0478
vn 0.9244 -0.0000 -0.3815
vn 0.8809 -0.0000 0.4732
vn -0.9985 -0.0000 -0.0540
vn 0.3915 -0.0000 0.9202
vn -0.3891 -0.0000 -0.9212
vn 0.9397 -0.0000 0.3420
vn 0.1122 -0.0000 -0.9937
vn -0.0997 -0.0000 0.9950
vn 0.5764 -0.0000 0.8171
vn -0.8498 -0.0000 0.5270
vn 0.9392 -0.0000 0.3434
vn 0.7999 -0.0000 0.6001
vn 0.9831 -0.0000 0.1832
vn -0.5064 -0.0000 -0.8623
vn 0.6589 -0.0000 0.7522
vn -0.9855 -0.0000 0.1696
vn -0.6682 -0.0000 -0.7440
vn 0.0998 -0.0000 0.9950
vn 0.2437 -0.0000 -0.9699
vn -0.9255 -0.0000 -0.3787
vn 0.8775 -0.0000 -0.4796
vn -0.2867 -0.0000 0.9580
vn -0.4305 -0.0000 0.9026
vn 0.4487 -0.0000 0.8937
vn 0.9659 -0.2588 -0.0000
vn -0.3966 -0.0000 0.9180
vn 0.8558 -0.0000 -0.5173
vn -0.9394 -0.0000 0.3429
vn 0.6927 -0.0000 0.7213
vn 0.7106 -0.0000 0.7036
vn 0.9963 -0.0000 0.0857
vn -0.0830 -0.0000 -0.9965
vn -0.5787 -0.0000 -0.8155
vn -0.7828 -0.0000 -0.6223
vn 0.8668 -0.0000 0.4987
vn -0.9042 -0.0000 0.4272
vn 0.8191 0.5736 -0.0000
vn -0.0854 -0.0000 -0.9963
vn -0.9969 -0.0000 0.0793
vn 0.9867 -0.0000 0.1624
vn 0.7065 -0.0000 0.7078
vn -0.8740 -0.0000 -0.4859
vn 0.5394 -0.0000 -0.8420
vn -0.2371 -0.0000 -0.9715
vn -0.2126 -0.0000 -0.9771
vn -0.9188 -0.0000 -0.3947
vn -0.9029 -0.0000 0.4298
vn -0.9962 -0.0872 -0.0000
vn -0.2588 -0.9659 -0.0000
vn 0.7644 -0.0000 -0.6447
vn -0.3814 -0.0000 -0.9244
vn -0.9534 -0.0000 0.3016
vn -0.7120 -0.0000 0.7022
vn 0.0312 -0.0000 0.9995
vn -0.2817 -0.0000 -0.9595
vn -0.2518 -0.0000 0.9678
vn -0.9826 -0.0000 0.1860
vn -0.3939 -0.0000 0.9191
vn -0.9933 -0.0000 0.1159
vn 0.7605 -0.0000 -0.6493
vn -0.9966 -0.0000 -0.0823
vn -0.9968 -0.0000 0.0797
vn 0.5061 -0.0000 0.8625
vn 0.3814 -0.0000 -0.9244
vn 0.4218 -0.0000 -0.9067
vn 0.5488 -0.0000 -0.8359
vn -0.7662 -0.0000 -0.6426
vn -0.9372 -0.0000 -0.3487
vn -0.9961 -0.0000 -0.0888
vn 0.7726 -0.0000 0.6349
vn 0.9987 -0.0000 0.0519
vn -0.8532 -0.0000 -0.5215
vn 0.9492 -0.0000 0.3148
vn -0.4661 -0.0000 0.8847
vn -0.9216 -0.0000 0.3880
vn 0.5661 -0.0000 0.8243
vn 0.9978 -0.0000 -0.0670
vn -0.7762 -0.0000 -0.6305
vn 0.8210 -0.0000 0.5710
vn -0.9997 -0.0000 0.0226
vn 0.2717 -0.0000 -0.9624
vn -0.7611 -0.0000 -0.6487
vn 0.7071 0.7071 -0.0000
vn -0.8492 -0.0000 0.5280
vn -0.0486 -0.0000 0.9988
vn -0.2335 -0.0000 0.9724
vn -0.7049 -0.0000 -0.7093
vn 0.9044 -0.0000 0.4267
vn -0.6468 -0.0000 -0.7626
vn -0.9381 -0.0000 0.3464
vn -0.8596 -0.0000 -0.5110
vn 0.8471 -0.0000 -0.5314
vn 0.7869 -0.0000 -0.6171
vn -0.3856 -0.0000 -0.9226
vn -0.3243 -0.0000 0.9460
vn -0.7650 -0.0000 0.6440
vn -0.9372 -0.0000 -0.3488
vn 0.2203 -0.0000 -0.9754
vn -0.9300 -0.0000 -0.3676
vn 0.7573 -0.0000 -0.6531
vn 0.6503 -0.0000 -0.7597
vn -0.6512 -0.0000 -0.7589
vn 0.1421 -0.0000 0.9899
vn -0.5398 -0.0000 -0.8418
vn 0.3926 -0.0000 -0.9197
vn 0.6478 -0.0000 -0.7618
vn 0.8575 -0.0000 0.5145
vn -0.7145 -0.0000 0.6997
vn -0.8549 -0.0000 -0.5187
vn 0.2352 -0.0000 -0.9720
vn -0.9246 -0.0000 0.3809
vn 0.6830 -0.0000 0.7304
vn -0.0739 -0.0000 -0.9973
vn 0.6571 -0.0000 0.7538
vn -0.6941 -0.0000 0.7199
vn -0.0420 -0.0000 -0.9991
vn 0.9464 -0.0000 0.3229
vn 0.4308 -0.0000 0.9024
vn 0.7209 -0.0000 0.6931
vn -0.8960 -0.0000 0.4440
vn -0.5736 0.8192 -0.0000
vn 0.3696 -0.0000 0.9292
vn 0.9998 -0.0000 0.0220
vn 0.9428 -0.0000 -0.3333
vn 0.7120 -0.0000 -0.7022
vn -0.9686 -0.0000 -0.2485
vn -0.9962 0.0871 -0.0000
vn 0.3834 -0.0000 -0.9236
vn -0.9807 -0.0000 0.1955
vn 0.8192 -0.5736 -0.0000
vn 0.5270 -0.0000 -0.8499
vn -0.7261 -0.0000 0.6876
vn 0.9063 0.4226 -0.0000
vn -0.9740 -0.0000 -0.2264
vn 0.9812 -0.0000 -0.1931
vn 0.1736 -0.0000 0.9848
vn 0.6506 -0.0000 -0.7595
vn -0.8205 -0.0000 0.5716
vn 0.9992 -0.0000 -0.0404
vn -0.5597 -0.0000 0.8287
vn 0.7414 -0.0000 -0.6710
vn 0.6910 -0.0000 0.7228
vn 0.9884 -0.0000 0.1518
vn 0.9621 -0.0000 0.2728
vn -0.4269 -0.0000 -0.9043
vn 0.9846 -0.0000 -0.1747
vn 0.2018 -0.0000 -0.9794
vn -0.4553 -0.0000 0.8903
vn -0.8653 -0.0000 0.5013
vn -0.9381 -0.0000 0.3465
vn 0.2871 -0.0000 0.9579
vn 0.9683 -0.0000 -0.2496
vn 0.8046 -0.0000 0.5938
vn -0.7697 -0.0000 0.6385
vn 0.0957 -0.0000 0.9954
vn 0.0900 -0.0000 -0.9959
vn -0.5313 -0.0000 0.8472
vn -0.7143 -0.0000 -0.6999
vn 0.8088 -0.0000 0.5881
vn -0.8315 -0.0000 0.5555
vn 0.0612 -0.0000 0.9981
vn 0.6053 -0.0000 0.7960
vn 0.9905 -0.0000 -0.1378
vn 0.9997 -0.0000 0.0235
vn 0.9240 -0.0000 0.3823
vn -0.9919 -0.0000 -0.1273
vn 0.8191 -0.5736 -0.0000
vn -0.2115 -0.0000 -0.9774
vn 0.0904 -0.0000 -0.9959
vn -0.8820 -0.0000 0.4712
vn 0.5378 -0.0000 0.8431
vn 0.1484 -0.0000 0.9889
vn 0.7754 -0.0000 -0.6315
vn 0.5343 -0.0000 0.8453
vn -0.3519 -0.0000 0.9360
vn 0.5153 -0.0000 -0.8570
vn 0.3948 -0.0000 -0.9188
vn -0.6615 -0.0000 0.7500
vn 0.9621 -0.0000 0.2727
vn -0.9654 -0.0000 0.2607
vn -0.0968 -0.0000 0.9953
vn 0.2367 -0.0000 -0.9716
vn 0.5312 -0.0000 0.8472
vn -0.1395 -0.0000 0.9902
vn 0.3950 -0.0000 0.9187
vn -0.1942 -0.0000 -0.9810
vn 0.5278 -0.0000 0.8494
vn -0.0271 -0.0000 0.9996
vn 0.2999 -0.0000 0.9540
vn 0.1885 -0.0000 -0.9821
vn -0.9869 -0.0000 0.1616
vn 0.9475 -0.0000 0.3196
vn -0.9082 -0.0000 0.4186
vn -0.8936 -0.0000 -0.4489
vn -0.6924 -0.0000 0.7215
vn 0.9630 -0.0000 -0.2695
vn -0.2421 -0.0000 -0.9703
vn 0.5247 -0.0000 -0.8513
vn -0.2588 0.9659 -0.0000
vn 0.0493 -0.0000 0.9988
vn -0.9996 -0.0000 0.0271
vn -0.8517 -0.0000 -0.5240
vn -0.6537 -0.0000 0.7568
vn 0.0485 -0.0000 -0.9988
vn 0.3909 -0.0000 -0.9205
vn 0.9987 -0.0000 0.0514
vn 0.7620 -0.0000 -0.6475
vn 0.3426 -0.0000 -0.9395
vn 0.6709 -0.0000 -0.7415
vn 0.6381 -0.0000 0.7700
vn 0.4064 -0.5803 -0.7058
vn -0.3945 -0.0000 0.9189
vn 0.5778 -0.0000 -0.8162
vn -0.7579 -0.0000 -0.6524
vn -0.9681 -0.0000 -0.2507
vn -0.3623 -0.0000 -0.9320
vn -0.9825 -0.0000 0.1860
vn -0.4972 -0.0000 -0.8676
vn 0.1494 -0.0000 0.9888
vn -0.8526 -0.0000 -0.5225
vn 0.0814 -0.0000 0.9967
vn 0.9780 -0.0000 0.2087
vn 0.0793 -0.0000 0.9969
vn 0.9957 -0.0000 0.0922
vn -0.5355 -0.0000 -0.8445
vn 0.5966 -0.0000 0.8025
vn -0.8463 -0.0000 -0.5328
vn 0.0489 -0.0000 0.9988
vn 0.0871 -0.0000 0.9962
vn 0.0880 -0.0000 -0.9961
vn -0.3829 -0.0000 0.9238
vn 0.9753 -0.0000 -0.2209
vn -0.5919 -0.0000 0.8060
vn -0.9734 -0.0000 0.2290
vn -0.6663 -0.0000 -0.7457
vn -0.0551 -0.0000 -0.9985
vn 0.8679 -0.0000 -0.4967
vn 0.9864 -0.0000 0.1642
vn -0.9814 -0.0000 -0.1919
vn -0.6005 -0.0000 0.7996
vn 0.8499 -0.0000 -0.5269
vn 0.9353 -0.0000 -0.3539
vn -0.0000 -0.7071 -0.7071
vn 0.6910 -0.0000 0.7229
vn -0.5072 -0.0000 -0.8618
vn 0.9693 -0.0000 0.2458
vn -0.9895 -0.0000 0.1445
vn 0.6476 -0.0000 -0.7620
vn 0.2323 -0.0000 -0.9726
vn 0.9182 -0.0000 0.3962
vn -0.7781 -0.0000 -0.6281
vn -0.2277 -0.0000 -0.9737
vn 0.4501 -0.0000 0.8930
vn -0.9531 -0.0000 0.3028
vn -0.9862 -0.0000 0.1655
vn 0.9993 -0.0000 -0.0376
vn 0.0804 -0.0000 -0.9968
vn 0.8569 -0.0000 0.5156
vn -0.9993 -0.0000 -0.0375
vn -0.3452 -0.0000 -0.9385
vn -0.6062 -0.0000 0.7953
vn -1.0000 -0.0001 -0.0000
vn 0.9953 -0.0000 -0.0973
vn -0.8126 -0.0000 0.5828
vn 0.9867 -0.0000 0.1623
vn 0.9705 -0.0000 -0.2413
vn -0.6348 -0.0000 -0.7727
vn -0.2458 -0.0000 0.9693
vn 0.0791 -0.0000 -0.9969
vn -0.9756 -0.0000 -0.2195
vn -0.7773 -0.0000 0.6291
vn 0.7644 -0.0000 0.6448
vn 0.8690 -0.0000 -0.4948
vn -0.9747 -0.0000 -0.2233
vn -0.0884 -0.0000 0.9961
vn -0.2868 -0.0000 0.9580
vn -0.8561 -0.0000 0.5168
vn -0.6688 -0.0000 0.7435
vn -0.8813 -0.0000 0.4725
vn 0.2195 -0.0000 0.9756
vn 0.2457 -0.0000 0.9693
vn -0.8531 -0.0000 0.5217
vn -0.0000 1.0000 0.0008
vn 0.9008 -0.0000 0.4342
vn -0.9994 -0.0000 0.0352
vn -0.9271 -0.0000 -0.3749
vn 0.7470 -0.0000 0.6648
vn -0.5271 -0.0000 -0.8498
vn -0.0889 -0.0000 0.9960
vn -0.7726 -0.0000 -0.6350
vn -0.0793 -0.0000 0.9968
vn 0.9996 -0.0000 0.0291
vn 0.2623 -0.0000 0.9650
vn -0.8369 -0.0000 -0.5473
vn -0.2203 -0.0000 -0.9754
vn -0.6254 -0.0000 -0.7803
vn -0.9905 -0.0000 -0.1378
vn -0.2421 -0.0000 0.9703
vn 0.0885 -0.0000 0.9961
vn 0.8695 0.0910 -0.4854
vn 0.8532 -0.0000 -0.5216
vn 0.8293 -0.0000 -0.5588
vn 0.4929 -0.0000 -0.8701
vn -0.9992 -0.0000 -0.0404
vn -0.9106 -0.0000 -0.4134
vn 0.9968 -0.0000 0.0799
vn -0.7408 -0.0000 -0.6718
vn -0.2419 -0.0000 0.9703
vn 0.6699 -0.0000 0.7425
vn -0.0000 0.7071 0.7071
vn 0.9106 -0.0000 -0.4134
vn 0.8810 -0.0000 0.4731
vn -0.7628 -0.0000 0.6467
vn 0.9186 -0.0000 -0.3952
vn 0.8455 -0.0000 0.5339
vn 0.9032 -0.0000 0.4291
vn -0.9953 -0.0000 0.0967
vn 0.8200 -0.0000 0.5723
vn 0.9990 -0.0000 0.0446
vn 0.9681 -0.0000 -0.2507
vn -0.5659 -0.0000 0.8245
vn 0.7915 -0.0000 0.6112
vn 0.2443 -0.0000 0.9697
vn 0.6560 -0.0000 -0.7547
vn 0.9592 -0.0000 0.2827
vn -0.7635 -0.0000 0.6458
vn -0.5368 -0.0000 0.8437
vn -0.5381 -0.0000 0.8429
vn 0.5263 -0.0000 -0.8503
vn 0.8192 0.5736 -0.0000
vn -0.3003 -0.0000 0.9538
vn -0.9196 -0.0000 -0.3929
vn 0.3072 -0.0000 0.9516
vn -0.9583 -0.0000 0.2858
vn -0.9999 -0.0000 -0.0138
vn -0.9953 -0.0000 -0.0973
vn -0.9962 0.0872 -0.0000
vn 0.9919 -0.0000 -0.1272
vn -0.0617 -0.7058 0.7058
vn 0.1834 -0.6843 -0.7058
vn 0.2994 -0.6421 -0.7058
vn -0.4064 0.5803 -0.7058
vn -0.2994 -0.6421 0.7058
vn -0.6421 -0.2994 0.7058
vn -0.6843 -0.1834 0.7058
vn -0.7058 -0.0617 0.7058
vn -0.1834 -0.6843 0.7058
vn -0.7058 0.0617 0.7058
vn 0.5009 -0.5010 -0.7058
vn -0.5803 -0.4064 0.7058
vn 0.6421 -0.2994 0.7058
vn -0.4064 0.5803 0.7058
vn 0.2994 0.6421 0.7058
vn 0.1834 0.6843 0.7058
vn -0.0617 0.7058 0.7058
vn 0.9032 -0.0000 0.4292
vn 0.0617 0.7058 0.7058
vn -0.5803 0.4064 0.7058
vn -0.0617 0.7058 -0.7058
vn 0.0617 0.7058 -0.7058
vn 0.5010 0.5010 0.7058
vn 0.5803 -0.4063 0.7058
vn 0.6421 0.2994 0.7058
vn 0.6843 0.1834 0.7058
vn 0.5803 0.4063 0.7058
vn 0.7058 -0.0617 0.7058
vn 0.6843 -0.1834 0.7058
vn 0.7058 0.0617 0.7058
vn 0.5010 0.5010 -0.7058
vn 0.5009 -0.5010 0.7058
vn 0.4064 -0.5803 0.7058
vn 0.2994 -0.6421 0.7058
vn 0.1834 -0.6843 0.7058
vn 0.0617 -0.7058 0.7058
vn -0.2994 0.6421 0.7058
vn -0.1834 0.6843 0.7058
vn 0.6421 0.2994 -0.7058
vn -0.0617 -0.7058 -0.7058
vn -0.4064 -0.5803 0.7058
vn 0.5803 -0.4064 -0.7058
vn 0.6421 -0.2994 -0.7058
vn -0.6421 0.2994 0.7058
vn 0.7058 0.0617 -0.7058
vn 0.7058 -0.0617 -0.7058
vn -0.6843 -0.1834 -0.7058
vn -0.5010 0.5009 0.7058
vn 0.5803 0.4064 -0.7058
vn 0.6843 -0.1834 -0.7058
vn 0.4064 0.5803 -0.7058
vn 0.2994 0.6421 -0.7058
vn 0.1834 0.6843 -0.7058
vn -0.5010 -0.5010 0.7058
vn 0.5337 -0.0000 -0.8457
vn -0.0912 -0.0000 0.9958
vn 0.4064 0.5803 0.7058
vn -0.1834 0.6843 -0.7058
vn -0.2994 0.6421 -0.7058
vn 0.6843 0.1834 -0.7058
vn -0.5010 0.5009 -0.7058
vn -0.5803 0.4064 -0.7058
vn -0.6421 0.2994 -0.7058
vn -0.6843 0.1834 -0.7058
vn -0.7058 -0.0617 -0.7058
vn -0.7058 0.0617 -0.7058
vn -0.6421 -0.2994 -0.7058
vn -0.6843 0.1834 0.7058
vn -0.5803 -0.4064 -0.7058
vn -0.5010 -0.5009 -0.7058
vn -0.4064 -0.5803 -0.7058
vn -0.2994 -0.6421 -0.7058
vn -0.1834 -0.6843 -0.7058
vn 0.0617 -0.7058 -0.7058
vn -0.0000 -0.7071 0.7071
vt 0.000000 0.000000
vt 0.414919 0.254642
vt 0.407872 0.285471
vt 0.175869 0.006475
vt 0.175869 0.886012
vt 0.397945 0.531789
vt 0.402156 0.571303
vt 0.394497 0.446243
vt 0.075351 0.446243
vt 0.076878 0.369878
vt 0.598125 0.681278
vt 0.854369 0.886012
vt 0.588499 0.692562
vt 0.548706 0.886012
vt 0.578571 0.696362
vt 0.607156 0.662852
vt 0.615319 0.637845
vt 0.622366 0.607016
vt 0.622366 0.285471
vt 0.854369 0.006475
vt 0.628082 0.321185
vt 0.632293 0.360698
vt 0.454470 0.006475
vt 0.441739 0.199925
vt 0.432113 0.211209
vt 0.931371 0.163566
vt 0.941421 0.226359
vt 0.635741 0.446243
vt 0.634873 0.402811
vt 0.088818 0.666128
vt 0.081413 0.596653
vt 0.076878 0.522608
vt 0.141490 0.859490
vt 0.125610 0.827094
vt 0.395365 0.489676
vt 0.111257 0.783125
vt 0.098868 0.728921
vt 0.407872 0.607016
vt 0.414919 0.637845
vt 0.423082 0.662852
vt 0.628082 0.571303
vt 0.632293 0.531789
vt 0.871824 0.879331
vt 0.634873 0.489676
vt 0.953360 0.522608
vt 0.948826 0.596653
vt 0.941421 0.666128
vt 0.931371 0.728921
vt 0.918981 0.783125
vt 0.948826 0.295834
vt 0.953360 0.369878
vt 0.954888 0.446243
vt 0.888748 0.032996
vt 0.904628 0.065393
vt 0.423082 0.229635
vt 0.111257 0.109361
vt 0.125610 0.065393
vt 0.395365 0.402811
vt 0.158414 0.879331
vt 0.904628 0.827094
vt 0.888748 0.859490
vt 0.871824 0.013156
vt 0.918981 0.109361
vt 0.615319 0.254642
vt 0.607156 0.229635
vt 0.598125 0.211209
vt 0.588499 0.199925
vt 0.578571 0.196125
vt 0.451667 0.196125
vt 0.081413 0.295834
vt 0.088818 0.226359
vt 0.098868 0.163566
vt 0.402156 0.321185
vt 0.397945 0.360698
vt 0.158414 0.013156
vt 0.141490 0.032996
vt 0.432113 0.681278
vt 0.441739 0.692562
vt 0.451667 0.696362
s 0
usemtl 材质.003
f 1469/1/1 1392/1/1 1393/1/1 1468/1/1
f 4/1/2 5/1/2 6/1/2
f 7/1/2 8/1/2 9/1/2
f 10/1/2 11/1/2 12/1/2
f 13/1/2 14/1/2 6/1/2
f 6/1/2 14/1/2 15/1/2
f 16/1/2 17/1/2 7/1/2
f 7/1/2 17/1/2 18/1/2
f 7/1/2 18/1/2 19/1/2
f 7/1/2 9/1/2 12/1/2
f 12/1/2 9/1/2 20/1/2
f 12/1/2 20/1/2 10/1/2
f 21/1/2 22/1/2 23/1/2
f 15/1/2 24/1/2 6/1/2
f 6/1/2 24/1/2 25/1/2
f 6/1/2 25/1/2 26/1/2
f 27/1/2 28/1/2 29/1/2
f 29/1/2 28/1/2 30/1/2
f 31/1/2 32/1/2 33/1/2
f 33/1/3 32/1/3 6/1/3
f 33/1/2 6/1/2 34/1/2
f 34/1/2 6/1/2 5/1/2
f 13/1/2 35/1/2 14/1/2
f 14/1/2 35/1/2 36/1/2
f 14/1/2 36/1/2 37/1/2
f 38/1/3 39/1/3 40/1/3
f 40/1/2 39/1/2 41/1/2
f 40/1/4 41/1/4 42/1/4
f 19/1/2 43/1/2 7/1/2
f 7/1/2 43/1/2 44/1/2
f 7/1/2 44/1/2 8/1/2
f 45/1/2 46/1/2 47/1/2
f 47/1/5 46/1/5 48/1/5
f 47/1/2 48/1/2 49/1/2
f 49/1/6 48/1/6 50/1/6
f 49/1/2 50/1/2 51/1/2
f 51/1/7 50/1/7 52/1/7
f 51/1/2 52/1/2 40/1/2
f 40/1/3 52/1/3 53/1/3
f 40/1/2 53/1/2 38/1/2
f 54/1/2 55/1/2 29/1/2
f 29/1/2 55/1/2 56/1/2
f 29/1/2 56/1/2 27/1/2
f 26/1/2 57/1/2 6/1/2
f 6/1/2 57/1/2 58/1/2
f 6/1/2 58/1/2 4/1/2
f 37/1/2 59/1/2 14/1/2
f 1015/1/8 1016/1/8 1074/1/8 1073/1/8
f 60/1/3 40/1/3 42/1/3
f 11/1/2 61/1/2 12/1/2
f 12/1/2 61/1/2 62/1/2
f 12/1/2 62/1/2 63/1/2
f 30/1/2 64/1/2 29/1/2
f 29/1/2 64/1/2 65/1/2
f 29/1/2 65/1/2 66/1/2
f 63/1/2 67/1/2 12/1/2
f 12/1/2 67/1/2 68/1/2
f 12/1/2 68/1/2 69/1/2
f 66/1/2 70/1/2 29/1/2
f 29/1/2 70/1/2 71/1/2
f 1389/1/2 1372/1/2 1420/1/2 1419/1/2
f 23/1/2 72/1/2 21/1/2
f 69/1/2 73/1/2 12/1/2
f 12/1/2 73/1/2 74/1/2
f 12/1/4 74/1/4 75/1/4
f 45/1/2 76/1/2 46/1/2
f 46/1/2 76/1/2 77/1/2
f 46/1/2 77/1/2 29/1/2
f 29/1/4 77/1/4 78/1/4
f 29/1/2 78/1/2 54/1/2
f 79/1/2 80/1/2 81/1/2
f 81/1/2 80/1/2 82/1/2
f 81/1/2 82/1/2 83/1/2
f 83/1/2 82/1/2 12/1/2
f 83/1/2 12/1/2 29/1/2
f 29/1/2 12/1/2 75/1/2
f 29/1/3 75/1/3 46/1/3
f 7/1/2 84/1/2 85/1/2
f 22/1/2 86/1/2 23/1/2
f 23/1/2 86/1/2 87/1/2
f 23/1/2 87/1/2 88/1/2
f 3/1/2 89/1/2 90/1/2
f 88/1/2 91/1/2 23/1/2
f 23/1/2 91/1/2 92/1/2
f 23/1/2 92/1/2 3/1/2
f 3/1/2 92/1/2 93/1/2
f 3/1/2 93/1/2 94/1/2
f 95/1/2 96/1/2 3/1/2
f 3/1/2 96/1/2 97/1/2
f 3/1/2 97/1/2 89/1/2
f 94/1/2 98/1/2 3/1/2
f 3/1/2 98/1/2 99/1/2
f 3/1/2 99/1/2 95/1/2
f 986/1/8 951/1/8 952/1/8 985/1/8
f 32/1/2 7/1/2 100/1/2
f 100/1/2 7/1/2 85/1/2
f 90/1/2 101/1/2 3/1/2
f 81/1/2 102/1/2 103/1/2
f 104/1/4 105/1/4 1/1/4
f 103/1/2 106/1/2 107/1/2
f 104/1/3 1/1/3 108/1/3
f 109/1/2 110/1/2 111/1/2
f 111/1/2 110/1/2 1/1/2
f 111/1/2 1/1/2 112/1/2
f 112/1/2 1/1/2 105/1/2
f 109/1/2 113/1/2 110/1/2
f 110/1/2 113/1/2 114/1/2
f 110/1/2 114/1/2 115/1/2
f 116/1/2 117/1/2 83/1/2
f 107/1/2 118/1/2 103/1/2
f 103/1/2 118/1/2 119/1/2
f 103/1/2 119/1/2 120/1/2
f 120/1/2 121/1/2 103/1/2
f 103/1/2 121/1/2 122/1/2
f 103/1/2 122/1/2 81/1/2
f 123/1/2 83/1/2 124/1/2
f 124/1/2 83/1/2 110/1/2
f 124/1/2 110/1/2 125/1/2
f 125/1/2 110/1/2 115/1/2
f 126/1/2 83/1/2 127/1/2
f 127/1/2 83/1/2 123/1/2
f 149/1/2 116/1/2 150/1/2 148/1/2
f 319/1/8 320/1/8 318/1/8 317/1/8
f 132/1/2 133/1/2 102/1/2
f 102/1/2 133/1/2 134/1/2
f 102/1/2 134/1/2 135/1/2
f 135/1/2 136/1/2 102/1/2
f 102/1/2 136/1/2 137/1/2
f 102/1/2 137/1/2 138/1/2
f 122/1/2 139/1/2 140/1/2
f 140/1/2 139/1/2 141/1/2
f 140/1/2 142/1/2 143/1/2
f 143/1/2 142/1/2 144/1/2
f 143/1/2 144/1/2 145/1/2
f 129/1/2 131/1/2 130/1/2 128/1/2
f 518/1/8 539/1/8 538/1/8 537/1/8
f 151/1/2 152/1/2 153/1/2
f 153/1/2 152/1/2 154/1/2
f 153/1/2 154/1/2 144/1/2
f 144/1/2 154/1/2 155/1/2
f 144/1/2 155/1/2 145/1/2
f 156/1/2 83/1/2 157/1/2
f 157/1/2 83/1/2 126/1/2
f 448/1/8 483/1/8 482/1/8 481/1/8
f 185/1/2 192/1/2 191/1/2 186/1/2
f 160/1/2 161/1/2 162/1/2
f 150/1/2 116/1/2 83/1/2
f 150/1/2 83/1/2 163/1/2
f 163/1/2 83/1/2 156/1/2
f 163/1/2 156/1/2 164/1/2
f 164/1/2 156/1/2 102/1/2
f 164/1/2 102/1/2 165/1/2
f 165/1/2 102/1/2 138/1/2
f 141/1/2 166/1/2 140/1/2
f 140/1/2 166/1/2 167/1/2
f 140/1/2 167/1/2 142/1/2
f 122/1/2 140/1/2 81/1/2
f 81/1/2 140/1/2 168/1/2
f 81/1/5 168/1/5 169/1/5
f 170/1/2 171/1/2 172/1/2
f 172/1/2 171/1/2 173/1/2
f 172/1/2 173/1/2 174/1/2
f 174/1/2 173/1/2 175/1/2
f 176/1/2 177/1/2 178/1/2
f 178/1/2 177/1/2 179/1/2
f 178/1/2 179/1/2 180/1/2
f 180/1/2 179/1/2 171/1/2
f 180/1/2 171/1/2 181/1/2
f 181/1/2 171/1/2 170/1/2
f 178/1/2 182/1/2 81/1/2
f 81/1/9 182/1/9 183/1/9
f 81/1/2 183/1/2 102/1/2
f 102/1/3 183/1/3 184/1/3
f 102/1/4 184/1/4 132/1/4
f 185/1/2 186/1/2 187/1/2
f 131/1/2 188/1/2 130/1/2
f 130/1/2 188/1/2 189/1/2
f 130/1/2 189/1/2 190/1/2
f 801/1/8 802/1/8 815/1/8 816/1/8
f 126/1/2 159/1/2 158/1/2 157/1/2
f 117/1/2 193/1/2 83/1/2
f 83/1/2 193/1/2 194/1/2
f 83/1/2 194/1/2 81/1/2
f 81/1/2 194/1/2 195/1/2
f 81/1/2 195/1/2 196/1/2
f 197/1/2 130/1/2 198/1/2
f 198/1/2 130/1/2 199/1/2
f 197/1/2 200/1/2 130/1/2
f 130/1/2 200/1/2 201/1/2
f 130/1/2 201/1/2 202/1/2
f 130/1/2 203/1/2 204/1/2
f 146/1/2 205/1/2 147/1/2
f 147/1/2 205/1/2 206/1/2
f 147/1/2 206/1/2 207/1/2
f 196/1/2 208/1/2 209/1/2
f 190/1/2 210/1/2 130/1/2
f 130/1/2 210/1/2 211/1/2
f 130/1/2 211/1/2 199/1/2
f 202/1/2 212/1/2 130/1/2
f 130/1/2 212/1/2 213/1/2
f 130/1/2 213/1/2 203/1/2
f 160/1/2 214/1/2 215/1/2
f 216/1/2 217/1/2 218/1/2
f 219/1/2 147/1/2 220/1/2
f 220/1/2 147/1/2 221/1/2
f 219/1/2 222/1/2 147/1/2
f 147/1/2 222/1/2 223/1/2
f 147/1/2 223/1/2 224/1/2
f 147/1/2 225/1/2 226/1/2
f 209/1/2 227/1/2 196/1/2
f 196/1/2 227/1/2 228/1/2
f 196/1/2 228/1/2 229/1/2
f 229/1/2 230/1/2 196/1/2
f 196/1/2 230/1/2 231/1/2
f 196/1/2 231/1/2 81/1/2
f 81/1/2 231/1/2 232/1/2
f 81/1/2 232/1/2 178/1/2
f 178/1/2 232/1/2 233/1/2
f 178/1/2 233/1/2 176/1/2
f 162/1/2 234/1/2 160/1/2
f 160/1/2 234/1/2 235/1/2
f 160/1/2 235/1/2 236/1/2
f 215/1/2 237/1/2 160/1/2
f 160/1/2 237/1/2 238/1/2
f 160/1/2 238/1/2 239/1/2
f 239/1/2 238/1/2 240/1/2
f 207/1/2 241/1/2 147/1/2
f 147/1/2 241/1/2 242/1/2
f 147/1/2 242/1/2 221/1/2
f 224/1/2 243/1/2 147/1/2
f 147/1/2 243/1/2 244/1/2
f 147/1/2 244/1/2 225/1/2
f 185/1/2 245/1/2 246/1/2
f 247/1/2 248/1/2 249/1/2
f 204/1/2 250/1/2 130/1/2
f 130/1/2 250/1/2 251/1/2
f 130/1/2 251/1/2 252/1/2
f 252/1/3 251/1/3 253/1/3
f 236/1/2 254/1/2 160/1/2
f 160/1/2 254/1/2 255/1/2
f 160/1/2 255/1/2 214/1/2
f 240/1/2 238/1/2 218/1/2
f 218/1/2 238/1/2 256/1/2
f 218/1/2 256/1/2 216/1/2
f 217/1/2 257/1/2 218/1/2
f 218/1/4 257/1/4 258/1/4
f 218/1/2 258/1/2 259/1/2
f 187/1/2 260/1/2 185/1/2
f 185/1/2 260/1/2 261/1/2
f 185/1/2 261/1/2 262/1/2
f 246/1/2 263/1/2 185/1/2
f 185/1/2 263/1/2 264/1/2
f 185/1/2 264/1/2 265/1/2
f 265/1/2 264/1/2 266/1/2
f 226/1/2 267/1/2 147/1/2
f 147/1/2 267/1/2 268/1/2
f 147/1/2 268/1/2 269/1/2
f 269/1/3 268/1/3 270/1/3
f 262/1/2 271/1/2 185/1/2
f 185/1/2 271/1/2 272/1/2
f 185/1/2 272/1/2 245/1/2
f 266/1/2 264/1/2 249/1/2
f 249/1/2 264/1/2 273/1/2
f 249/1/2 273/1/2 247/1/2
f 248/1/2 274/1/2 249/1/2
f 249/1/4 274/1/4 275/1/4
f 249/1/2 275/1/2 276/1/2
f 101/1/2 79/1/2 3/1/2
f 3/1/2 79/1/2 81/1/2
f 1/1/2 81/1/2 169/1/2
f 1/1/4 169/1/4 108/1/4
f 277/1/8 278/1/8 279/1/8
f 279/1/8 278/1/8 280/1/8
f 280/1/8 278/1/8 281/1/8
f 280/1/8 281/1/8 282/1/8
f 282/1/8 283/1/8 280/1/8
f 280/1/8 283/1/8 284/1/8
f 280/1/8 284/1/8 285/1/8
f 286/1/8 287/1/8 279/1/8
f 286/1/8 279/1/8 288/1/8
f 289/1/8 290/1/8 291/1/8
f 292/1/8 293/1/8 291/1/8
f 291/1/8 293/1/8 294/1/8
f 291/1/8 294/1/8 295/1/8
f 287/1/8 296/1/8 279/1/8
f 279/1/8 296/1/8 297/1/8
f 279/1/8 297/1/8 277/1/8
f 298/1/8 299/1/8 300/1/8
f 300/1/8 299/1/8 301/1/8
f 300/1/8 301/1/8 302/1/8
f 303/1/8 304/1/8 305/1/8
f 306/1/8 307/1/8 280/1/8
f 280/1/8 307/1/8 308/1/8
f 280/1/8 308/1/8 309/1/8
f 309/1/8 308/1/8 310/1/8
f 309/1/8 310/1/8 311/1/8
f 291/1/8 312/1/8 279/1/8
f 279/1/8 312/1/8 313/1/8
f 313/1/8 314/1/8 279/1/8
f 279/1/8 314/1/8 315/1/8
f 279/1/8 315/1/8 288/1/8
f 316/1/8 317/1/8 318/1/8
f 1042/1/8 1043/1/8 1024/1/8 1025/1/8
f 320/1/8 319/1/8 321/1/8
f 320/1/8 321/1/8 322/1/8
f 322/1/8 321/1/8 323/1/8
f 322/1/8 323/1/8 324/1/8
f 324/1/8 323/1/8 299/1/8
f 324/1/8 299/1/8 325/1/8
f 325/1/8 299/1/8 298/1/8
f 326/1/8 327/1/8 328/1/8
f 290/1/8 329/1/8 291/1/8
f 291/1/8 329/1/8 330/1/8
f 291/1/8 330/1/8 331/1/8
f 295/1/8 332/1/8 291/1/8
f 291/1/8 332/1/8 333/1/8
f 291/1/8 333/1/8 334/1/8
f 306/1/8 280/1/8 335/1/8
f 335/1/8 280/1/8 285/1/8
f 335/1/8 285/1/8 305/1/8
f 305/1/8 285/1/8 336/1/8
f 305/1/8 336/1/8 337/1/8
f 311/1/8 338/1/8 309/1/8
f 309/1/8 338/1/8 339/1/8
f 309/1/8 339/1/8 340/1/8
f 327/1/8 341/1/8 328/1/8
f 328/1/8 341/1/8 342/1/8
f 328/1/8 342/1/8 291/1/8
f 291/1/8 342/1/8 343/1/8
f 291/1/8 343/1/8 344/1/8
f 344/1/8 345/1/8 291/1/8
f 291/1/8 345/1/8 346/1/8
f 291/1/8 346/1/8 289/1/8
f 334/1/8 347/1/8 291/1/8
f 291/1/8 347/1/8 348/1/8
f 291/1/8 348/1/8 312/1/8
f 337/1/8 349/1/8 305/1/8
f 305/1/8 349/1/8 350/1/8
f 305/1/8 350/1/8 303/1/8
f 992/1/8 993/1/8 1053/1/8 1052/1/8
f 1421/1/2 1372/1/2 1371/1/2 1391/1/2
f 353/1/8 354/1/8 355/1/8
f 355/1/8 354/1/8 356/1/8
f 355/1/8 356/1/8 304/1/8
f 304/1/8 356/1/8 357/1/8
f 304/1/8 357/1/8 305/1/8
f 340/1/8 358/1/8 309/1/8
f 309/1/8 358/1/8 359/1/8
f 309/1/8 359/1/8 360/1/8
f 361/1/8 362/1/8 328/1/8
f 328/1/8 362/1/8 363/1/8
f 328/1/8 363/1/8 326/1/8
f 331/1/8 364/1/8 291/1/8
f 291/1/8 364/1/8 302/1/8
f 291/1/8 302/1/8 292/1/8
f 292/1/8 302/1/8 301/1/8
f 360/1/8 365/1/8 309/1/8
f 71/1/2 72/1/2 23/1/2 29/1/2
f 328/1/8 366/1/8 367/1/8
f 328/1/8 367/1/8 361/1/8
f 1027/1/8 1028/1/8 1064/1/8 1063/1/8
f 371/1/8 368/1/8 279/1/8
f 279/1/8 370/1/8 291/1/8
f 291/1/8 370/1/8 372/1/8
f 291/1/8 372/1/8 373/1/8
f 374/1/8 375/1/8 376/1/8
f 376/1/8 375/1/8 377/1/8
f 376/1/8 377/1/8 378/1/8
f 379/1/8 380/1/8 381/1/8
f 381/1/8 380/1/8 382/1/8
f 383/1/8 384/1/8 385/1/8
f 385/1/8 384/1/8 386/1/8
f 385/1/8 386/1/8 387/1/8
f 388/1/8 389/1/8 390/1/8
f 382/1/8 391/1/8 381/1/8
f 381/1/8 391/1/8 392/1/8
f 381/1/8 392/1/8 393/1/8
f 394/1/8 395/1/8 388/1/8
f 388/1/8 395/1/8 396/1/8
f 388/1/8 396/1/8 389/1/8
f 378/1/8 397/1/8 376/1/8
f 376/1/8 397/1/8 398/1/8
f 376/1/8 398/1/8 399/1/8
f 399/1/8 398/1/8 400/1/8
f 399/1/8 400/1/8 401/1/8
f 376/1/8 385/1/8 388/1/8
f 390/1/8 402/1/8 388/1/8
f 388/1/8 402/1/8 403/1/8
f 1296/1/2 1297/1/2 1221/1/2 1216/1/2
f 405/1/8 406/1/8 404/1/8
f 404/1/8 406/1/8 407/1/8
f 404/1/10 407/1/10 408/1/10
f 409/1/8 410/1/8 411/1/8
f 411/1/8 410/1/8 412/1/8
f 413/1/8 414/1/8 415/1/8
f 415/1/8 414/1/8 416/1/8
f 415/1/8 416/1/8 417/1/8
f 417/1/8 416/1/8 418/1/8
f 412/1/8 419/1/8 411/1/8
f 411/1/8 419/1/8 420/1/8
f 411/1/8 420/1/8 421/1/8
f 421/1/8 420/1/8 414/1/8
f 421/1/8 414/1/8 422/1/8
f 422/1/8 414/1/8 413/1/8
f 409/1/8 411/1/8 423/1/8
f 423/1/8 411/1/8 424/1/8
f 423/1/8 424/1/8 388/1/8
f 388/1/8 424/1/8 425/1/8
f 388/1/8 425/1/8 376/1/8
f 376/1/8 425/1/8 426/1/8
f 376/1/8 426/1/8 374/1/8
f 427/1/8 428/1/8 429/1/8
f 427/1/8 430/1/8 431/1/8
f 431/1/8 430/1/8 432/1/8
f 433/1/8 434/1/8 435/1/8
f 435/1/8 434/1/8 436/1/8
f 435/1/8 436/1/8 437/1/8
f 438/1/8 439/1/8 440/1/8
f 440/1/8 439/1/8 441/1/8
f 440/1/8 441/1/8 442/1/8
f 442/1/8 441/1/8 443/1/8
f 437/1/8 444/1/8 435/1/8
f 435/1/8 444/1/8 445/1/8
f 435/1/8 445/1/8 446/1/8
f 446/1/8 445/1/8 439/1/8
f 446/1/8 439/1/8 447/1/8
f 447/1/8 439/1/8 438/1/8
f 448/1/11 404/1/11 449/1/11
f 449/1/12 404/1/12 408/1/12
f 123/1/2 129/1/2 128/1/2 127/1/2
f 1268/1/2 1269/1/2 1236/1/2 1237/1/2
f 452/1/8 453/1/8 454/1/8
f 455/1/8 456/1/8 427/1/8
f 427/1/8 456/1/8 457/1/8
f 454/1/8 458/1/8 452/1/8
f 452/1/8 458/1/8 459/1/8
f 452/1/8 459/1/8 460/1/8
f 460/1/8 461/1/8 452/1/8
f 452/1/8 461/1/8 462/1/8
f 452/1/8 462/1/8 463/1/8
f 464/1/8 465/1/8 466/1/8
f 429/1/8 467/1/8 427/1/8
f 427/1/8 467/1/8 468/1/8
f 427/1/8 468/1/8 430/1/8
f 469/1/8 470/1/8 471/1/8
f 463/1/8 472/1/8 452/1/8
f 452/1/8 472/1/8 473/1/8
f 452/1/8 473/1/8 474/1/8
f 474/1/8 475/1/8 452/1/8
f 452/1/8 475/1/8 476/1/8
f 452/1/8 476/1/8 477/1/8
f 478/1/8 479/1/8 388/1/8
f 388/1/8 479/1/8 480/1/8
f 388/1/8 480/1/8 394/1/8
f 399/1/8 404/1/8 481/1/8
f 481/1/8 404/1/8 448/1/8
f 872/1/8 873/1/8 926/1/8 927/1/8
f 1384/1/2 1385/1/2 1397/1/2 1396/1/2
f 427/1/8 484/1/8 455/1/8
f 485/1/8 486/1/8 487/1/8
f 485/1/8 488/1/8 489/1/8
f 489/1/8 488/1/8 490/1/8
f 457/1/8 491/1/8 427/1/8
f 427/1/8 491/1/8 492/1/8
f 427/1/8 492/1/8 428/1/8
f 432/1/8 430/1/8 471/1/8
f 471/1/8 430/1/8 493/1/8
f 471/1/8 493/1/8 469/1/8
f 477/1/8 494/1/8 452/1/8
f 452/1/8 494/1/8 495/1/8
f 452/1/8 495/1/8 466/1/8
f 466/1/8 495/1/8 496/1/8
f 466/1/8 496/1/8 464/1/8
f 387/1/8 497/1/8 385/1/8
f 385/1/8 497/1/8 498/1/8
f 385/1/8 498/1/8 388/1/8
f 388/1/8 498/1/8 433/1/8
f 388/1/8 433/1/8 478/1/8
f 478/1/8 433/1/8 435/1/8
f 499/1/8 500/1/8 485/1/8
f 485/1/8 500/1/8 501/1/8
f 502/1/8 503/1/8 504/1/8
f 504/1/8 503/1/8 505/1/8
f 504/1/8 505/1/8 506/1/8
f 506/1/8 507/1/8 504/1/8
f 504/1/8 507/1/8 508/1/8
f 504/1/8 508/1/8 509/1/8
f 510/1/8 511/1/8 512/1/8
f 470/1/8 513/1/8 471/1/8
f 471/1/8 513/1/8 514/1/8
f 471/1/8 514/1/8 515/1/8
f 401/1/8 516/1/8 399/1/8
f 399/1/8 516/1/8 517/1/8
f 399/1/8 517/1/8 404/1/8
f 404/1/10 517/1/10 518/1/10
f 487/1/8 519/1/8 485/1/8
f 485/1/8 519/1/8 520/1/8
f 485/1/8 520/1/8 488/1/8
f 521/1/8 522/1/8 523/1/8
f 509/1/8 524/1/8 504/1/8
f 504/1/8 524/1/8 525/1/8
f 504/1/8 525/1/8 526/1/8
f 526/1/8 527/1/8 504/1/8
f 504/1/8 527/1/8 528/1/8
f 504/1/8 528/1/8 529/1/8
f 501/1/8 530/1/8 485/1/8
f 485/1/8 530/1/8 531/1/8
f 485/1/8 531/1/8 486/1/8
f 490/1/8 488/1/8 523/1/8
f 523/1/8 488/1/8 532/1/8
f 523/1/8 532/1/8 521/1/8
f 529/1/8 533/1/8 504/1/8
f 504/1/8 533/1/8 534/1/8
f 504/1/8 534/1/8 512/1/8
f 512/1/8 534/1/8 535/1/8
f 512/1/8 535/1/8 510/1/8
f 536/1/8 404/1/8 537/1/8
f 537/1/8 404/1/8 518/1/8
f 1241/1/2 1242/1/2 1257/1/2 1258/1/2
f 451/1/8 453/1/8 452/1/8 450/1/8
f 504/1/8 540/1/8 502/1/8
f 522/1/8 541/1/8 523/1/8
f 523/1/8 541/1/8 542/1/8
f 523/1/8 542/1/8 543/1/8
f 544/1/8 404/1/8 545/1/8
f 545/1/8 404/1/8 536/1/8
f 192/1/2 193/1/2 117/1/2 191/1/2
f 483/1/8 484/1/8 427/1/8 482/1/8
f 485/1/8 548/1/8 499/1/8
f 736/1/13 732/1/13 643/1/13 642/1/13
f 279/1/8 404/1/8 371/1/8
f 371/1/8 404/1/8 544/1/8
f 1013/1/8 1014/1/8 1051/1/8 1050/1/8
f 373/1/8 550/1/8 291/1/8
f 291/1/8 550/1/8 381/1/8
f 291/1/8 381/1/8 388/1/8
f 388/1/8 381/1/8 393/1/8
f 388/1/8 393/1/8 423/1/8
f 551/2/14 552/3/14 328/4/14
f 2/5/14 553/6/14 554/7/14
f 555/8/14 556/9/14 557/10/14
f 558/11/14 23/12/14 559/13/14
f 559/13/14 23/12/14 3/14/14
f 559/13/14 3/14/14 560/15/14
f 558/11/14 561/16/14 23/12/14
f 23/12/14 561/16/14 562/17/14
f 23/12/14 562/17/14 563/18/14
f 564/19/14 388/20/14 565/21/14
f 565/21/14 388/20/14 566/22/14
f 291/23/14 567/24/14 568/25/14
f 605/26/14 606/27/14 586/28/14 595/29/14
f 571/30/14 572/31/14 555/8/14
f 555/8/14 572/31/14 573/32/14
f 555/8/14 573/32/14 556/9/14
f 574/33/14 575/34/14 569/35/14
f 569/35/14 575/34/14 576/36/14
f 569/35/14 576/36/14 570/37/14
f 554/7/14 577/38/14 2/5/14
f 2/5/14 577/38/14 578/39/14
f 2/5/14 578/39/14 579/40/14
f 563/18/14 580/41/14 23/12/14
f 23/12/14 580/41/14 581/42/14
f 23/12/14 581/42/14 582/43/14
f 582/43/14 581/42/14 583/44/14
f 584/45/14 585/46/14 586/28/14
f 995/1/8 1056/1/8 1055/1/8 994/1/8
f 583/44/14 587/47/14 588/48/14
f 583/44/14 588/48/14 589/49/14
f 590/50/14 591/51/14 586/28/14
f 586/28/14 591/51/14 592/52/14
f 586/28/14 592/52/14 584/45/14
f 593/53/14 594/54/14 595/29/14
f 291/23/14 568/25/14 328/4/14
f 328/4/14 568/25/14 596/55/14
f 328/4/14 596/55/14 551/2/14
f 597/56/14 598/57/14 599/58/14
f 553/6/14 2/5/14 569/35/14
f 569/35/14 2/5/14 600/59/14
f 569/35/14 600/59/14 574/33/14
f 589/49/14 601/60/14 583/44/14
f 583/44/14 601/60/14 602/61/14
f 583/44/14 602/61/14 582/43/14
f 566/22/14 388/20/14 595/29/14
f 595/29/14 388/20/14 603/62/14
f 595/29/14 603/62/14 593/53/14
f 594/54/14 604/63/14 595/29/14
f 595/29/14 604/63/14 605/26/14
f 650/1/15 652/1/15 651/1/15 649/1/15
f 586/28/14 606/27/14 590/50/14
f 564/19/14 607/64/14 388/20/14
f 388/20/14 607/64/14 608/65/14
f 388/20/14 608/65/14 609/66/14
f 609/66/14 610/67/14 388/20/14
f 388/20/14 610/67/14 611/68/14
f 388/20/14 611/68/14 291/23/14
f 291/23/14 611/68/14 612/69/14
f 291/23/14 612/69/14 567/24/14
f 557/10/14 613/70/14 555/8/14
f 685/1/15 672/1/15 651/1/15 684/1/15
f 599/58/14 614/71/14 615/72/14
f 599/58/14 615/72/14 597/56/14
f 552/3/14 616/73/14 328/4/14
f 328/4/14 616/73/14 617/74/14
f 328/4/14 617/74/14 618/75/14
f 618/75/14 617/74/14 599/58/14
f 618/75/14 599/58/14 619/76/14
f 619/76/14 599/58/14 598/57/14
f 579/40/14 620/77/14 2/5/14
f 2/5/14 620/77/14 621/78/14
f 2/5/14 621/78/14 3/14/14
f 3/14/14 621/78/14 622/79/14
f 3/14/14 622/79/14 560/15/14
f 623/1/15 624/1/15 29/1/15
f 29/1/15 624/1/15 625/1/15
f 29/1/15 625/1/15 626/1/15
f 627/1/15 628/1/15 110/1/15
f 110/1/15 628/1/15 629/1/15
f 630/1/15 631/1/15 632/1/15
f 632/1/15 631/1/15 633/1/15
f 632/1/15 633/1/15 634/1/15
f 635/1/15 309/1/15 636/1/15
f 636/1/15 309/1/15 637/1/15
f 638/1/15 639/1/15 640/1/15
f 641/1/15 642/1/15 280/1/15
f 280/1/15 642/1/15 643/1/15
f 280/1/15 643/1/15 549/1/15
f 549/1/15 643/1/15 644/1/15
f 549/1/15 644/1/15 645/1/15
f 645/1/15 646/1/15 549/1/15
f 549/1/15 646/1/15 647/1/15
f 549/1/15 647/1/15 648/1/15
f 797/1/8 798/1/8 821/1/8 809/1/8
f 626/1/15 653/1/15 29/1/15
f 29/1/15 653/1/15 654/1/15
f 29/1/15 654/1/15 83/1/15
f 83/1/15 654/1/15 655/1/15
f 83/1/15 655/1/15 656/1/15
f 656/1/15 657/1/15 83/1/15
f 83/1/15 657/1/15 658/1/15
f 83/1/15 658/1/15 110/1/15
f 110/1/15 658/1/15 659/1/15
f 110/1/15 659/1/15 627/1/15
f 660/1/15 661/1/15 662/1/15
f 634/1/15 663/1/15 632/1/15
f 614/71/14 599/58/14 555/8/14 613/70/14
f 660/1/15 664/1/15 665/1/15
f 660/1/15 665/1/15 661/1/15
f 637/1/15 309/1/15 638/1/15
f 638/1/15 309/1/15 666/1/15
f 638/1/15 666/1/15 639/1/15
f 640/1/15 667/1/15 638/1/15
f 638/1/15 667/1/15 668/1/15
f 570/37/14 571/30/14 555/8/14 569/35/14
f 632/1/15 669/1/15 630/1/15
f 670/1/15 671/1/15 672/1/15
f 651/1/15 673/1/15 674/1/15
f 652/1/15 675/1/15 651/1/15
f 651/1/15 675/1/15 676/1/15
f 651/1/15 676/1/15 673/1/15
f 629/1/15 677/1/15 110/1/15
f 110/1/15 677/1/15 678/1/15
f 110/1/15 678/1/15 679/1/15
f 679/1/15 678/1/15 660/1/15
f 679/1/15 660/1/15 680/1/15
f 680/1/15 660/1/15 662/1/15
f 635/1/15 681/1/15 309/1/15
f 309/1/15 681/1/15 682/1/15
f 309/1/15 682/1/15 280/1/15
f 280/1/15 682/1/15 683/1/15
f 280/1/15 683/1/15 641/1/15
f 674/1/15 684/1/15 651/1/15
f 587/47/14 583/44/14 586/28/14 585/46/14
f 672/1/15 685/1/15 686/1/15
f 672/1/15 686/1/15 670/1/15
f 623/1/15 29/1/15 649/1/15
f 649/1/15 29/1/15 687/1/15
f 649/1/15 687/1/15 688/1/15
f 648/1/15 689/1/15 549/1/15
f 549/1/15 689/1/15 690/1/15
f 549/1/15 690/1/15 691/1/15
f 691/1/15 690/1/15 672/1/15
f 691/1/15 672/1/15 692/1/15
f 692/1/15 672/1/15 671/1/15
f 688/1/15 693/1/15 649/1/15
f 649/1/15 693/1/15 694/1/15
f 649/1/15 694/1/15 650/1/15
f 1458/1/16 1421/1/16 1391/1/16 1457/1/16
f 302/1/17 1019/1/17 1018/1/17 300/1/17
f 289/1/18 1025/1/18 1024/1/18 290/1/18
f 758/1/19 760/1/19 759/1/19 757/1/19
f 1450/1/20 1406/1/20 1407/1/20 1449/1/20
f 443/1/21 781/1/21 796/1/21 442/1/21
f 383/1/22 774/1/22 777/1/22 384/1/22
f 1476/1/23 1428/1/23 1429/1/23 1475/1/23
f 720/1/24 722/1/24 721/1/24 719/1/24
f 3/1/2 81/1/2 1/1/2 2/1/2
f 322/1/25 1036/1/25 1035/1/25 320/1/25
f 1465/1/26 1396/1/26 1397/1/26 1464/1/26
f 360/1/27 994/1/27 993/1/27 365/1/27
f 413/1/28 881/1/28 880/1/28 422/1/28
f 495/1/29 828/1/29 827/1/29 496/1/29
f 339/1/30 998/1/30 997/1/30 340/1/30
f 712/1/31 714/1/31 713/1/31 711/1/31
f 52/1/32 1344/1/32 1343/1/32 53/1/32
f 427/1/33 848/1/33 847/1/33 482/1/33
f 324/1/34 1015/1/34 1036/1/34 322/1/34
f 455/1/35 845/1/35 844/1/35 456/1/35
f 738/1/36 740/1/36 739/1/36 737/1/36
f 807/1/37 407/1/37 406/1/37 797/1/37
f 704/1/38 706/1/38 705/1/38 703/1/38
f 237/1/39 1191/1/39 1190/1/39 238/1/39
f 353/1/40 961/1/40 960/1/40 351/1/40
f 363/1/41 1011/1/41 1010/1/41 326/1/41
f 1090/1/42 1037/1/42 1044/1/42 1089/1/42
f 53/1/43 1343/1/43 1342/1/43 38/1/43
f 688/1/44 602/1/44 601/1/44 693/1/44
f 726/1/45 728/1/45 727/1/45 725/1/45
f 1437/1/46 1422/1/46 1423/1/46 1436/1/46
f 754/1/47 756/1/47 755/1/47 753/1/47
f 200/1/48 1166/1/48 1165/1/48 201/1/48
f 718/1/49 720/1/49 719/1/49 717/1/49
f 675/1/50 585/1/50 584/1/50 676/1/50
f 832/1/37 449/1/37 450/1/37 822/1/37
f 1104/1/51 1073/1/51 1074/1/51 1103/1/51
f 404/1/52 549/1/52 691/1/52
f 603/1/52 388/1/52 404/1/52
f 404/1/52 691/1/52 603/1/52
f 214/1/53 1193/1/53 1192/1/53 215/1/53
f 722/1/54 724/1/54 723/1/54 721/1/54
f 684/1/19 590/1/19 606/1/19 685/1/19
f 263/1/39 1278/1/39 1277/1/39 264/1/39
f 303/1/55 985/1/55 984/1/55 304/1/55
f 1097/1/56 1080/1/56 1043/1/56 1096/1/56
f 438/1/28 794/1/28 793/1/28 447/1/28
f 519/1/57 925/1/57 924/1/57 520/1/57
f 1110/1/58 1067/1/58 1068/1/58 1109/1/58
f 440/1/59 795/1/59 794/1/59 438/1/59
f 1445/1/60 1411/1/60 1412/1/60 1444/1/60
f 1085/1/61 1048/1/61 1049/1/61 1084/1/61
f 1096/1/62 1043/1/62 1042/1/62 1095/1/62
f 393/1/63 866/1/63 865/1/63 423/1/63
f 1112/1/64 1065/1/64 1066/1/64 1111/1/64
f 5/1/65 1308/1/65 1307/1/65 34/1/65
f 437/1/66 786/1/66 785/1/66 444/1/66
f 735/1/2 731/1/2 732/1/2 736/1/2
f 29/1/67 23/1/67 582/1/67 687/1/67
f 630/1/68 613/1/68 557/1/68 631/1/68
f 1103/1/69 1074/1/69 1075/1/69 1102/1/69
f 42/1/70 1339/1/70 1338/1/70 60/1/70
f 445/1/71 784/1/71 783/1/71 439/1/71
f 770/1/52 733/1/52 734/1/52 769/1/52
f 409/1/72 875/1/72 874/1/72 410/1/72
f 397/1/73 888/1/73 887/1/73 398/1/73
f 1/1/74 110/1/74 679/1/74
f 600/1/74 2/1/74 1/1/74
f 1/1/74 679/1/74 600/1/74
f 768/1/75 770/1/75 769/1/75 767/1/75
f 173/1/76 1223/1/76 1222/1/76 175/1/76
f 695/1/8 734/1/8 733/1/8 696/1/8
f 244/1/77 1271/1/77 1270/1/77 225/1/77
f 1300/1/78 101/1/78 85/1/78 1299/1/78
f 1468/1/79 1393/1/79 1394/1/79 1467/1/79
f 415/1/59 882/1/59 881/1/59 413/1/59
f 1438/1/80 1418/1/80 1422/1/80 1437/1/80
f 549/1/8 404/1/8 279/1/8 280/1/8
f 400/1/81 886/1/81 885/1/81 401/1/81
f 1119/1/82 1058/1/82 1059/1/82 1118/1/82
f 457/1/83 843/1/83 842/1/83 491/1/83
f 140/1/84 1145/1/84 1144/1/84 168/1/84
f 260/1/85 1285/1/85 1284/1/85 261/1/85
f 762/1/86 764/1/86 763/1/86 761/1/86
f 315/1/87 962/1/87 982/1/87 288/1/87
f 277/1/88 977/1/88 976/1/88 278/1/88
f 1091/1/89 1038/1/89 1037/1/89 1090/1/89
f 436/1/90 787/1/90 786/1/90 437/1/90
f 309/1/91 328/1/91 618/1/91 666/1/91
f 716/1/92 718/1/92 717/1/92 715/1/92
f 640/1/93 598/1/93 597/1/93 667/1/93
f 708/1/94 710/1/94 709/1/94 707/1/94
f 1467/1/95 1394/1/95 1395/1/95 1466/1/95
f 1249/1/14 150/1/14 163/1/14 1248/1/14
f 107/1/96 1131/1/96 1130/1/96 118/1/96
f 485/1/33 935/1/33 934/1/33 546/1/33
f 139/1/97 1142/1/97 1141/1/97 141/1/97
f 444/1/98 785/1/98 784/1/98 445/1/98
f 446/1/99 792/1/99 791/1/99 435/1/99
f 384/1/100 777/1/100 776/1/100 386/1/100
f 129/1/101 1163/1/101 1175/1/101 131/1/101
f 1472/1/102 1432/1/102 1433/1/102 1471/1/102
f 669/1/94 614/1/94 613/1/94 630/1/94
f 1100/1/103 1077/1/103 1078/1/103 1099/1/103
f 299/1/104 954/1/104 953/1/104 301/1/104
f 442/1/105 796/1/105 795/1/105 440/1/105
f 693/1/106 601/1/106 589/1/106 694/1/106
f 543/1/107 939/1/107 938/1/107 523/1/107
f 1464/1/108 1397/1/108 1398/1/108 1463/1/108
f 169/1/109 1143/1/109 1160/1/109 108/1/109
f 665/1/54 570/1/54 576/1/54 661/1/54
f 740/1/44 742/1/44 741/1/44 739/1/44
f 639/1/110 619/1/110 598/1/110 640/1/110
f 89/1/111 1375/1/111 1373/1/111 90/1/111
f 212/1/112 1185/1/112 1184/1/112 213/1/112
f 462/1/113 815/1/113 814/1/113 463/1/113
f 35/1/114 1372/1/114 1389/1/114 36/1/114
f 834/1/115 483/1/115 448/1/115 833/1/115
f 527/1/116 897/1/116 918/1/116 528/1/116
f 766/1/117 768/1/117 767/1/117 765/1/117
f 671/1/117 594/1/117 593/1/117 692/1/117
f 483/1/118 834/1/118 846/1/118 484/1/118
f 395/1/119 804/1/119 803/1/119 396/1/119
f 920/1/14 536/1/14 537/1/14 919/1/14
f 1459/1/120 1420/1/120 1421/1/120 1458/1/120
f 421/1/99 879/1/99 878/1/99 411/1/99
f 293/1/121 951/1/121 972/1/121 294/1/121
f 327/1/122 1009/1/122 1008/1/122 341/1/122
f 670/1/123 604/1/123 594/1/123 671/1/123
f 265/1/124 1290/1/124 1289/1/124 185/1/124
f 676/1/125 584/1/125 592/1/125 673/1/125
f 1107/1/126 1070/1/126 1071/1/126 1106/1/126
f 463/1/127 814/1/127 813/1/127 472/1/127
f 21/1/128 1368/1/128 1367/1/128 22/1/128
f 453/1/129 821/1/129 820/1/129 454/1/129
f 1087/1/130 1046/1/130 1047/1/130 1086/1/130
f 706/1/131 708/1/131 707/1/131 705/1/131
f 155/1/132 1148/1/132 1147/1/132 145/1/132
f 14/1/133 1316/1/133 1315/1/133 15/1/133
f 424/1/134 877/1/134 876/1/134 425/1/134
f 414/1/135 870/1/135 869/1/135 416/1/135
f 496/1/136 827/1/136 826/1/136 464/1/136
f 663/1/49 572/1/49 571/1/49 664/1/49
f 345/1/137 1004/1/137 1026/1/137 346/1/137
f 1115/1/138 1062/1/138 1063/1/138 1114/1/138
f 10/1/139 1318/1/139 1317/1/139 11/1/139
f 1455/1/140 1401/1/140 1402/1/140 1454/1/140
f 1275/1/37 191/1/37 117/1/37 1274/1/37
f 472/1/141 813/1/141 812/1/141 473/1/141
f 808/1/14 408/1/14 407/1/14 807/1/14
f 452/1/142 823/1/142 822/1/142 450/1/142
f 122/1/143 1132/1/143 1142/1/143 139/1/143
f 667/1/38 597/1/38 615/1/38 668/1/38
f 479/1/144 789/1/144 806/1/144 480/1/144
f 809/1/115 451/1/115 408/1/115 808/1/115
f 264/1/145 1277/1/145 1276/1/145 273/1/145
f 189/1/146 1173/1/146 1172/1/146 190/1/146
f 115/1/147 1152/1/147 1151/1/147 125/1/147
f 32/1/148 1374/1/148 1370/1/148 6/1/148
f 249/1/149 1292/1/149 1291/1/149 266/1/149
f 401/1/150 885/1/150 884/1/150 516/1/150
f 285/1/151 990/1/151 989/1/151 336/1/151
f 394/1/152 805/1/152 804/1/152 395/1/152
f 634/1/92 573/1/92 572/1/92 663/1/92
f 773/1/8 772/1/8 774/1/8
f 774/1/8 772/1/8 771/1/8
f 823/1/8 824/1/8 781/1/8
f 781/1/8 824/1/8 825/1/8
f 912/1/8 913/1/8 883/1/8 868/1/8
f 799/1/8 818/1/8 819/1/8
f 784/1/8 840/1/8 841/1/8 783/1/8
f 782/1/8 842/1/8 843/1/8
f 1039/1/8 1040/1/8 1026/1/8 1004/1/8
f 833/1/8 832/1/8 822/1/8
f 827/1/8 828/1/8 795/1/8 796/1/8
f 1374/1/2 1373/1/2 1403/1/2 1402/1/2
f 887/1/8 888/1/8 903/1/8 904/1/8
f 888/1/8 889/1/8 902/1/8 903/1/8
f 862/1/8 863/1/8 941/1/8 942/1/8
f 890/1/8 891/1/8 900/1/8 901/1/8
f 857/1/8 847/1/8 771/1/8
f 771/1/8 847/1/8 848/1/8
f 771/1/8 848/1/8 774/1/8
f 774/1/8 848/1/8 849/1/8
f 774/1/8 849/1/8 850/1/8
f 781/1/8 844/1/8 845/1/8
f 781/1/8 845/1/8 846/1/8
f 813/1/8 804/1/8 805/1/8
f 159/1/2 161/1/2 160/1/2 158/1/2
f 893/1/8 876/1/8 898/1/8 899/1/8
f 1207/1/2 1208/1/2 1130/1/2 1131/1/2
f 1031/1/8 1032/1/8 1068/1/8 1067/1/8
f 1369/1/2 1347/1/2 1424/1/2 1423/1/2
f 822/1/8 823/1/8 833/1/8
f 833/1/8 823/1/8 781/1/8
f 833/1/8 781/1/8 834/1/8
f 834/1/8 781/1/8 846/1/8
f 796/1/8 826/1/8 827/1/8
f 914/1/8 915/1/8 882/1/8 883/1/8
f 1032/1/8 1033/1/8 1069/1/8 1068/1/8
f 1361/1/2 1362/1/2 1412/1/2 1411/1/2
f 793/1/8 830/1/8 792/1/8
f 1248/1/2 1238/1/2 1250/1/2 1249/1/2
f 884/1/8 885/1/8 908/1/8 896/1/8
f 821/1/8 798/1/8 820/1/8
f 871/1/8 927/1/8 928/1/8 870/1/8
f 840/1/8 784/1/8 785/1/8
f 1364/1/2 1365/1/2 1415/1/2 1414/1/2
f 873/1/8 874/1/8 925/1/8 926/1/8
f 776/1/8 777/1/8 853/1/8 854/1/8
f 1008/1/8 1009/1/8 1045/1/8 1044/1/8
f 865/1/8 866/1/8 922/1/8 923/1/8
f 1261/1/2 1239/1/2 1240/1/2 1260/1/2
f 1297/1/2 1276/1/2 1220/1/2 1221/1/2
f 1295/1/2 1296/1/2 1216/1/2 1217/1/2
f 863/1/8 864/1/8 940/1/8 941/1/8
f 864/1/8 861/1/8 939/1/8 940/1/8
f 852/1/8 774/1/8 851/1/8
f 851/1/8 774/1/8 850/1/8
f 266/1/153 1291/1/153 1290/1/153 265/1/153
f 411/1/154 878/1/154 877/1/154 424/1/154
f 493/1/155 835/1/155 856/1/155 469/1/155
f 486/1/156 927/1/156 926/1/156 487/1/156
f 287/1/157 980/1/157 979/1/157 296/1/157
f 253/1/158 1179/1/158 1178/1/158 252/1/158
f 491/1/159 842/1/159 841/1/159 492/1/159
f 252/1/160 1178/1/160 1177/1/160 130/1/160
f 4/1/161 1309/1/161 1308/1/161 5/1/161
f 204/1/162 1182/1/162 1181/1/162 250/1/162
f 209/1/96 1218/1/96 1217/1/96 227/1/96
f 162/1/163 1199/1/163 1198/1/163 234/1/163
f 919/1/37 537/1/37 538/1/37 909/1/37
f 377/1/164 890/1/164 889/1/164 378/1/164
f 273/1/165 1276/1/165 1297/1/165 247/1/165
f 1471/1/166 1433/1/166 1434/1/166 1470/1/166
f 764/1/123 766/1/123 765/1/123 763/1/123
f 416/1/167 869/1/167 868/1/167 418/1/167
f 109/1/168 1155/1/168 1154/1/168 113/1/168
f 469/1/169 856/1/169 855/1/169 470/1/169
f 470/1/170 855/1/170 854/1/170 513/1/170
f 429/1/171 839/1/171 838/1/171 467/1/171
f 756/1/172 758/1/172 757/1/172 755/1/172
f 477/1/173 830/1/173 829/1/173 494/1/173
f 171/1/174 1224/1/174 1223/1/174 173/1/174
f 861/1/37 379/1/37 381/1/37 860/1/37
f 432/1/175 850/1/175 849/1/175 431/1/175
f 275/1/176 1294/1/176 1293/1/176 276/1/176
f 461/1/177 816/1/177 815/1/177 462/1/177
f 945/1/14 370/1/14 369/1/14 950/1/14
f 548/1/178 933/1/178 932/1/178 499/1/178
f 423/1/179 865/1/179 875/1/179 409/1/179
f 227/1/180 1217/1/180 1216/1/180 228/1/180
f 441/1/167 782/1/167 781/1/167 443/1/167
f 498/1/63 779/1/63 778/1/63 433/1/63
f 420/1/71 871/1/71 870/1/71 414/1/71
f 389/1/181 802/1/181 801/1/181 390/1/181
f 251/1/182 1180/1/182 1179/1/182 253/1/182
f 190/1/183 1172/1/183 1171/1/183 210/1/183
f 522/1/170 942/1/170 941/1/170 541/1/170
f 231/1/143 1219/1/143 1229/1/143 232/1/143
f 650/1/184 588/1/184 587/1/184 652/1/184
f 33/1/185 1306/1/185 1305/1/185 31/1/185
f 161/1/186 1200/1/186 1199/1/186 162/1/186
f 534/1/29 915/1/29 914/1/29 535/1/29
f 502/1/187 907/1/187 906/1/187 503/1/187
f 1098/1/188 1079/1/188 1080/1/188 1097/1/188
f 390/1/189 801/1/189 800/1/189 402/1/189
f 508/1/113 902/1/113 901/1/113 509/1/113
f 133/1/190 1245/1/190 1244/1/190 134/1/190
f 480/1/191 806/1/191 805/1/191 394/1/191
f 34/1/192 1307/1/192 1306/1/192 33/1/192
f 1122/1/193 1055/1/193 1056/1/193 1121/1/193
f 235/1/194 1197/1/194 1196/1/194 236/1/194
f 631/1/195 557/1/195 556/1/195 633/1/195
f 896/1/115 539/1/115 518/1/115 895/1/115
f 666/1/196 618/1/196 619/1/196 639/1/196
f 1109/1/197 1068/1/197 1069/1/197 1108/1/197
f 228/1/198 1216/1/198 1221/1/198 229/1/198
f 1456/1/199 1390/1/199 1401/1/199 1455/1/199
f 354/1/200 1032/1/200 1031/1/200 356/1/200
f 77/1/201 1380/1/201 1358/1/201 78/1/201
f 180/1/202 1233/1/202 1232/1/202 178/1/202
f 528/1/203 918/1/203 917/1/203 529/1/203
f 512/1/204 911/1/204 910/1/204 504/1/204
f 50/1/205 1345/1/205 1344/1/205 52/1/205
f 439/1/135 783/1/135 782/1/135 441/1/135
f 374/1/152 892/1/152 891/1/152 375/1/152
f 1083/1/206 1050/1/206 1051/1/206 1082/1/206
f 179/1/207 1225/1/207 1224/1/207 171/1/207
f 298/1/208 1017/1/208 1016/1/208 325/1/208
f 146/1/209 1262/1/209 1261/1/209 205/1/209
f 69/1/210 1332/1/210 1331/1/210 73/1/210
f 894/1/37 517/1/37 516/1/37 884/1/37
f 245/1/53 1280/1/53 1279/1/53 246/1/53
f 387/1/211 775/1/211 780/1/211 497/1/211
f 213/1/77 1184/1/77 1183/1/77 203/1/77
f 422/1/212 880/1/212 879/1/212 421/1/212
f 1111/1/213 1066/1/213 1067/1/213 1110/1/213
f 26/1/214 1312/1/214 1311/1/214 57/1/214
f 398/1/215 887/1/215 886/1/215 400/1/215
f 435/1/154 791/1/154 790/1/154 478/1/154
f 314/1/216 963/1/216 962/1/216 315/1/216
f 206/1/146 1260/1/146 1259/1/146 207/1/146
f 250/1/217 1181/1/217 1180/1/217 251/1/217
f 1250/1/37 148/1/37 150/1/37 1249/1/37
f 147/1/218 1264/1/218 1263/1/218 149/1/218
f 860/1/8 859/1/8 861/1/8
f 861/1/8 859/1/8 858/1/8
f 910/1/8 911/1/8 868/1/8
f 868/1/8 911/1/8 912/1/8
f 993/1/8 994/1/8 1054/1/8 1053/1/8
f 886/1/8 905/1/8 906/1/8
f 782/1/8 783/1/8 841/1/8 842/1/8
f 869/1/8 929/1/8 930/1/8
f 843/1/8 844/1/8 781/1/8 782/1/8
f 920/1/8 919/1/8 909/1/8
f 820/1/8 798/1/8 799/1/8 819/1/8
f 799/1/8 800/1/8 817/1/8 818/1/8
f 1159/1/2 1160/1/2 1166/1/2 1167/1/2
f 806/1/8 789/1/8 811/1/8 812/1/8
f 802/1/8 803/1/8 814/1/8 815/1/8
f 1352/1/2 1353/1/2 1430/1/2 1429/1/2
f 944/1/8 934/1/8 858/1/8
f 858/1/8 934/1/8 935/1/8
f 858/1/8 935/1/8 861/1/8
f 861/1/8 935/1/8 936/1/8
f 861/1/8 936/1/8 937/1/8
f 868/1/8 931/1/8 932/1/8
f 868/1/8 932/1/8 933/1/8
f 900/1/8 891/1/8 892/1/8
f 805/1/8 806/1/8 812/1/8 813/1/8
f 1194/1/2 1138/1/2 1139/1/2 1193/1/2
f 789/1/8 790/1/8 810/1/8 811/1/8
f 790/1/8 791/1/8 831/1/8 810/1/8
f 792/1/8 830/1/8 831/1/8 791/1/8
f 909/1/8 910/1/8 920/1/8
f 920/1/8 910/1/8 868/1/8
f 920/1/8 868/1/8 921/1/8
f 921/1/8 868/1/8 933/1/8
f 883/1/8 913/1/8 914/1/8
f 778/1/8 779/1/8 835/1/8 836/1/8
f 828/1/8 829/1/8 794/1/8 795/1/8
f 829/1/8 830/1/8 793/1/8 794/1/8
f 880/1/8 917/1/8 879/1/8
f 1161/1/2 1151/1/2 1163/1/2 1162/1/2
f 1350/1/2 1428/1/2 1427/1/2 1349/1/2
f 908/1/8 885/1/8 907/1/8
f 1247/1/2 1230/1/2 1252/1/2 1253/1/2
f 927/1/8 871/1/8 872/1/8
f 785/1/8 786/1/8 839/1/8 840/1/8
f 1378/1/2 1379/1/2 1408/1/2 1407/1/2
f 787/1/8 788/1/8 837/1/8 838/1/8
f 788/1/8 778/1/8 836/1/8 837/1/8
f 879/1/8 917/1/8 918/1/8 878/1/8
f 779/1/8 780/1/8 856/1/8 835/1/8
f 780/1/8 775/1/8 855/1/8 856/1/8
f 775/1/8 776/1/8 854/1/8 855/1/8
f 1030/1/8 1031/1/8 1067/1/8 1066/1/8
f 1147/1/2 1183/1/2 1184/1/2 1146/1/2
f 939/1/8 861/1/8 938/1/8
f 938/1/8 861/1/8 937/1/8
f 222/1/48 1253/1/48 1252/1/48 223/1/48
f 25/1/219 1313/1/219 1312/1/219 26/1/219
f 475/1/116 810/1/116 831/1/116 476/1/116
f 1101/1/220 1076/1/220 1077/1/220 1100/1/220
f 220/1/221 1255/1/221 1254/1/221 219/1/221
f 860/1/15 381/1/15 550/1/15 859/1/15
f 949/1/8 948/1/8 950/1/8
f 950/1/8 948/1/8 947/1/8
f 950/1/8 947/1/8 945/1/8
f 945/1/8 947/1/8 946/1/8
f 41/1/222 1340/1/222 1339/1/222 42/1/222
f 257/1/223 1208/1/223 1207/1/223 258/1/223
f 1372/1/224 35/1/224 13/1/224 1371/1/224
f 347/1/225 967/1/225 966/1/225 348/1/225
f 130/1/218 1177/1/218 1176/1/218 128/1/218
f 460/1/226 817/1/226 816/1/226 461/1/226
f 1127/1/15 103/1/15 102/1/15 1126/1/15
f 191/1/227 1275/1/227 1287/1/227 186/1/227
f 1113/1/228 1064/1/228 1065/1/228 1112/1/228
f 1120/1/229 1057/1/229 1058/1/229 1119/1/229
f 692/1/75 593/1/75 603/1/75 691/1/75
f 744/1/230 746/1/230 745/1/230 743/1/230
f 950/1/115 369/1/115 368/1/115 949/1/115
f 39/1/231 1341/1/231 1340/1/231 41/1/231
f 201/1/232 1165/1/232 1164/1/232 202/1/232
f 530/1/159 929/1/159 928/1/159 531/1/159
f 243/1/112 1272/1/112 1271/1/112 244/1/112
f 281/1/233 975/1/233 974/1/233 282/1/233
f 57/1/234 1311/1/234 1310/1/234 58/1/234
f 358/1/235 996/1/235 995/1/235 359/1/235
f 333/1/236 969/1/236 968/1/236 334/1/236
f 465/1/237 825/1/237 824/1/237 466/1/237
f 348/1/238 966/1/238 965/1/238 312/1/238
f 187/1/163 1286/1/163 1285/1/163 260/1/163
f 317/1/239 958/1/239 957/1/239 319/1/239
f 111/1/240 1156/1/240 1155/1/240 109/1/240
f 1248/1/115 163/1/115 164/1/115 1238/1/115
f 295/1/241 971/1/241 970/1/241 332/1/241
f 219/1/242 1254/1/242 1253/1/242 222/1/242
f 296/1/243 979/1/243 978/1/243 297/1/243
f 402/1/244 800/1/244 799/1/244 403/1/244
f 497/1/245 780/1/245 779/1/245 498/1/245
f 312/1/246 965/1/246 964/1/246 313/1/246
f 319/1/247 957/1/247 956/1/247 321/1/247
f 198/1/221 1168/1/221 1167/1/221 197/1/221
f 19/1/248 1324/1/248 1323/1/248 43/1/248
f 154/1/249 1149/1/249 1148/1/249 155/1/249
f 520/1/250 924/1/250 923/1/250 488/1/250
f 290/1/251 1024/1/251 1023/1/251 329/1/251
f 95/1/252 1378/1/252 1377/1/252 96/1/252
f 1163/1/37 129/1/37 123/1/37 1162/1/37
f 982/1/8 962/1/8 986/1/8
f 986/1/8 962/1/8 963/1/8
f 986/1/8 963/1/8 964/1/8
f 964/1/8 965/1/8 986/1/8
f 986/1/8 965/1/8 966/1/8
f 986/1/8 966/1/8 967/1/8
f 984/1/8 985/1/8 952/1/8
f 85/1/2 101/1/2 90/1/2 100/1/2
f 979/1/8 980/1/8 986/1/8
f 986/1/8 980/1/8 981/1/8
f 986/1/8 981/1/8 982/1/8
f 967/1/8 968/1/8 986/1/8
f 986/1/8 968/1/8 969/1/8
f 986/1/8 969/1/8 970/1/8
f 955/1/8 956/1/8 983/1/8
f 970/1/8 971/1/8 986/1/8
f 986/1/8 971/1/8 972/1/8
f 986/1/8 972/1/8 951/1/8
f 955/1/8 983/1/8 954/1/8
f 958/1/8 959/1/8 960/1/8
f 973/1/8 974/1/8 991/1/8
f 991/1/8 974/1/8 990/1/8
f 976/1/8 977/1/8 986/1/8
f 986/1/8 977/1/8 978/1/8
f 986/1/8 978/1/8 979/1/8
f 956/1/8 957/1/8 983/1/8
f 983/1/8 957/1/8 958/1/8
f 983/1/8 958/1/8 961/1/8
f 961/1/8 958/1/8 960/1/8
f 987/1/8 988/1/8 974/1/8
f 974/1/8 988/1/8 989/1/8
f 974/1/8 989/1/8 990/1/8
f 987/1/8 974/1/8 986/1/8
f 986/1/8 974/1/8 975/1/8
f 986/1/8 975/1/8 976/1/8
f 984/1/8 952/1/8 983/1/8
f 983/1/8 952/1/8 953/1/8
f 983/1/8 953/1/8 954/1/8
f 895/1/14 518/1/14 517/1/14 894/1/14
f 504/1/142 910/1/142 909/1/142 538/1/142
f 321/1/253 956/1/253 955/1/253 323/1/253
f 350/1/254 986/1/254 985/1/254 303/1/254
f 242/1/255 1257/1/255 1256/1/255 221/1/255
f 331/1/256 1021/1/256 1020/1/256 364/1/256
f 99/1/257 1379/1/257 1378/1/257 95/1/257
f 1128/1/115 106/1/115 103/1/115 1127/1/115
f 286/1/258 981/1/258 980/1/258 287/1/258
f 1442/1/259 1414/1/259 1415/1/259 1441/1/259
f 121/1/260 1133/1/260 1132/1/260 122/1/260
f 148/1/101 1250/1/101 1262/1/101 146/1/101
f 337/1/261 988/1/261 987/1/261 349/1/261
f 1088/1/262 1045/1/262 1046/1/262 1087/1/262
f 168/1/263 1144/1/263 1143/1/263 169/1/263
f 359/1/264 995/1/264 994/1/264 360/1/264
f 217/1/265 1209/1/265 1208/1/265 257/1/265
f 742/1/106 744/1/106 743/1/106 741/1/106
f 51/1/266 1385/1/266 1384/1/266 49/1/266
f 1187/1/14 126/1/14 127/1/14 1186/1/14
f 484/1/178 846/1/178 845/1/178 455/1/178
f 318/1/267 1034/1/267 1033/1/267 352/1/267
f 661/1/268 576/1/268 575/1/268 662/1/268
f 467/1/57 838/1/57 837/1/57 468/1/57
f 73/1/269 1331/1/269 1330/1/269 74/1/269
f 451/1/270 809/1/270 821/1/270 453/1/270
f 223/1/232 1252/1/232 1251/1/232 224/1/232
f 750/1/50 752/1/50 751/1/50 749/1/50
f 137/1/271 1241/1/271 1240/1/271 138/1/271
f 316/1/126 959/1/126 958/1/126 317/1/126
f 833/1/14 448/1/14 449/1/14 832/1/14
f 772/1/115 376/1/115 399/1/115 771/1/115
f 43/1/272 1323/1/272 1322/1/272 44/1/272
f 417/1/105 883/1/105 882/1/105 415/1/105
f 506/1/226 904/1/226 903/1/226 507/1/226
f 1123/1/273 1054/1/273 1055/1/273 1122/1/273
f 714/1/274 716/1/274 715/1/274 713/1/274
f 426/1/191 893/1/191 892/1/191 374/1/191
f 17/1/275 1326/1/275 1325/1/275 18/1/275
f 489/1/276 936/1/276 935/1/276 485/1/276
f 760/1/277 762/1/277 761/1/277 759/1/277
f 166/1/278 1140/1/278 1139/1/278 167/1/278
f 271/1/279 1282/1/279 1281/1/279 272/1/279
f 748/1/280 750/1/280 749/1/280 747/1/280
f 300/1/281 1018/1/281 1017/1/281 298/1/281
f 664/1/15 660/1/15 632/1/15 663/1/15
f 1377/1/2 1378/1/2 1407/1/2 1406/1/2
f 1007/1/8 1008/1/8 1044/1/8 1037/1/8
f 1026/1/8 1040/1/8 1041/1/8
f 1351/1/2 1352/1/2 1429/1/2 1428/1/2
f 1232/1/2 1233/1/2 1271/1/2 1272/1/2
f 1037/1/8 1006/1/8 1007/1/8
f 1191/1/2 1192/1/2 1140/1/2 1141/1/2
f 1376/1/2 1377/1/2 1406/1/2 1405/1/2
f 1038/1/8 1039/1/8 1004/1/8 1005/1/8
f 875/1/8 865/1/8 923/1/8 924/1/8
f 869/1/8 870/1/8 928/1/8 929/1/8
f 1048/1/8 1012/1/8 1049/1/8
f 1041/1/8 1042/1/8 1025/1/8 1026/1/8
f 352/1/8 354/1/8 353/1/8 351/1/8
f 1033/1/8 1034/1/8 1071/1/8 1070/1/8
f 1373/1/2 1375/1/2 1404/1/2 1403/1/2
f 1371/1/2 1370/1/2 1401/1/2 1390/1/2
f 1054/1/8 994/1/8 1055/1/8
f 1012/1/8 1013/1/8 1050/1/8 1049/1/8
f 1056/1/8 995/1/8 996/1/8
f 1375/1/2 1376/1/2 1405/1/2 1404/1/2
f 408/1/8 451/1/8 450/1/8 449/1/8
f 1359/1/2 1360/1/2 1410/1/2 1409/1/2
f 876/1/8 877/1/8 897/1/8 898/1/8
f 1009/1/8 1010/1/8 1046/1/8 1045/1/8
f 1353/1/2 1354/1/2 1431/1/2 1430/1/2
f 1366/1/2 1367/1/2 1417/1/2 1416/1/2
f 1063/1/8 1003/1/8 1027/1/8
f 1010/1/8 1011/1/8 1047/1/8 1046/1/8
f 786/1/8 787/1/8 838/1/8 839/1/8
f 279/1/8 368/1/8 369/1/8 370/1/8
f 1379/1/2 1359/1/2 1409/1/2 1408/1/2
f 1383/1/2 1384/1/2 1396/1/2 1395/1/2
f 1156/1/2 1157/1/2 1168/1/2 1169/1/2
f 1069/1/8 1033/1/8 1070/1/8
f 1348/1/2 1349/1/2 1426/1/2 1425/1/2
f 40/1/2 60/1/2 14/1/2 59/1/2
f 1072/1/8 1035/1/8 1036/1/8
f 1016/1/8 1017/1/8 1075/1/8 1074/1/8
f 825/1/8 826/1/8 796/1/8 781/1/8
f 16/1/2 7/1/2 32/1/2 31/1/2
f 1075/1/8 1017/1/8 1076/1/8
f 366/1/8 328/1/8 309/1/8 365/1/8
f 1077/1/8 1018/1/8 1019/1/8
f 1293/1/2 1294/1/2 1218/1/2 1215/1/2
f 1385/1/2 1386/1/2 1398/1/2 1397/1/2
f 803/1/8 804/1/8 813/1/8 814/1/8
f 930/1/8 931/1/8 868/1/8 869/1/8
f 1043/1/8 1023/1/8 1024/1/8
f 1212/1/14 194/1/14 193/1/14 1298/1/14
f 153/1/76 1136/1/76 1135/1/76 151/1/76
f 20/1/282 1319/1/282 1318/1/282 10/1/282
f 525/1/283 899/1/283 898/1/283 526/1/283
f 97/1/284 1376/1/284 1375/1/284 89/1/284
f 210/1/285 1171/1/285 1170/1/285 211/1/285
f 366/1/286 992/1/286 1014/1/286 367/1/286
f 1125/1/14 156/1/14 157/1/14 1211/1/14
f 226/1/162 1269/1/162 1268/1/162 267/1/162
f 1089/1/287 1044/1/287 1045/1/287 1088/1/287
f 326/1/288 1010/1/288 1009/1/288 327/1/288
f 492/1/289 841/1/289 840/1/289 428/1/289
f 36/1/290 1389/1/290 1388/1/290 37/1/290
f 509/1/127 901/1/127 900/1/127 524/1/127
f 503/1/291 906/1/291 905/1/291 505/1/291
f 145/1/292 1147/1/292 1146/1/292 143/1/292
f 686/1/86 605/1/86 604/1/86 670/1/86
f 114/1/293 1153/1/293 1152/1/293 115/1/293
f 301/1/294 953/1/294 952/1/294 292/1/294
f 357/1/295 1030/1/295 1029/1/295 305/1/295
f 464/1/296 826/1/296 825/1/296 465/1/296
f 674/1/172 591/1/172 590/1/172 684/1/172
f 511/1/297 912/1/297 911/1/297 512/1/297
f 216/1/298 1210/1/298 1209/1/298 217/1/298
f 144/1/174 1137/1/174 1136/1/174 153/1/174
f 207/1/183 1259/1/183 1258/1/183 241/1/183
f 142/1/207 1138/1/207 1137/1/207 144/1/207
f 1478/1/299 1426/1/299 1427/1/299 1477/1/299
f 276/1/300 1293/1/300 1292/1/300 249/1/300
f 539/1/270 896/1/270 908/1/270 540/1/270
f 535/1/301 914/1/301 913/1/301 510/1/301
f 119/1/198 1129/1/198 1134/1/198 120/1/198
f 1447/1/302 1409/1/302 1410/1/302 1446/1/302
f 859/1/115 550/1/115 544/1/115 858/1/115
f 267/1/217 1268/1/217 1267/1/217 268/1/217
f 507/1/177 903/1/177 902/1/177 508/1/177
f 31/1/303 1305/1/303 1327/1/303 16/1/303
f 1451/1/304 1405/1/304 1406/1/304 1450/1/304
f 431/1/276 849/1/276 848/1/276 427/1/276
f 334/1/305 968/1/305 967/1/305 347/1/305
f 694/1/230 589/1/230 588/1/230 650/1/230
f 1099/1/306 1078/1/306 1079/1/306 1098/1/306
f 118/1/180 1130/1/180 1129/1/180 119/1/180
f 378/1/181 889/1/181 888/1/181 397/1/181
f 1123/1/8 1105/1/8 1124/1/8
f 1479/1/2 1460/1/2 1459/1/2 1435/1/2
f 1104/1/8 1103/1/8 1081/1/8
f 1081/1/8 1103/1/8 1102/1/8
f 1081/1/8 1102/1/8 1101/1/8
f 1093/1/8 1081/1/8 1094/1/8
f 1094/1/8 1081/1/8 1095/1/8
f 1092/1/8 1086/1/8 1093/1/8
f 1093/1/8 1086/1/8 1085/1/8
f 1093/1/8 1085/1/8 1084/1/8
f 1084/1/8 1083/1/8 1093/1/8
f 1093/1/8 1083/1/8 1082/1/8
f 1093/1/8 1082/1/8 1081/1/8
f 1101/1/8 1100/1/8 1081/1/8
f 1081/1/8 1100/1/8 1099/1/8
f 1081/1/8 1099/1/8 1098/1/8
f 1098/1/8 1097/1/8 1081/1/8
f 1081/1/8 1097/1/8 1096/1/8
f 1081/1/8 1096/1/8 1095/1/8
f 1123/1/8 1122/1/8 1105/1/8
f 1105/1/8 1122/1/8 1121/1/8
f 1105/1/8 1121/1/8 1120/1/8
f 1089/1/8 1092/1/8 1090/1/8
f 1090/1/8 1092/1/8 1091/1/8
f 1117/1/8 1116/1/8 1105/1/8
f 1105/1/8 1116/1/8 1115/1/8
f 1105/1/8 1115/1/8 1114/1/8
f 1111/1/8 1110/1/8 1105/1/8
f 1105/1/8 1110/1/8 1109/1/8
f 1109/1/8 1108/1/8 1105/1/8
f 1105/1/8 1108/1/8 1107/1/8
f 1105/1/8 1107/1/8 1106/1/8
f 1089/1/8 1088/1/8 1092/1/8
f 1092/1/8 1088/1/8 1087/1/8
f 1092/1/8 1087/1/8 1086/1/8
f 1114/1/8 1113/1/8 1105/1/8
f 1105/1/8 1113/1/8 1112/1/8
f 1105/1/8 1112/1/8 1111/1/8
f 1120/1/8 1119/1/8 1105/1/8
f 1105/1/8 1119/1/8 1118/1/8
f 1105/1/8 1118/1/8 1117/1/8
f 236/1/307 1196/1/307 1195/1/307 254/1/307
f 858/1/14 544/1/14 545/1/14 944/1/14
f 1093/1/308 1040/1/308 1039/1/308 1092/1/308
f 1443/1/309 1413/1/309 1414/1/309 1442/1/309
f 774/1/37 383/1/37 385/1/37 773/1/37
f 947/1/15 373/1/15 372/1/15 946/1/15
f 165/1/147 1239/1/147 1238/1/147 164/1/147
f 256/1/165 1189/1/165 1210/1/165 216/1/165
f 367/1/310 1014/1/310 1013/1/310 361/1/310
f 547/1/311 921/1/311 933/1/311 548/1/311
f 1439/1/312 1417/1/312 1418/1/312 1438/1/312
f 1124/1/313 1053/1/313 1054/1/313 1123/1/313
f 685/1/314 606/1/314 605/1/314 686/1/314
f 1116/1/315 1061/1/315 1062/1/315 1115/1/315
f 410/1/90 874/1/90 873/1/90 412/1/90
f 478/1/134 790/1/134 789/1/134 479/1/134
f 396/1/164 803/1/164 802/1/164 389/1/164
f 1114/1/316 1063/1/316 1064/1/316 1113/1/316
f 773/1/15 385/1/15 376/1/15 772/1/15
f 412/1/66 873/1/66 872/1/66 419/1/66
f 523/1/317 938/1/317 937/1/317 490/1/317
f 668/1/131 615/1/131 614/1/131 669/1/131
f 311/1/318 1000/1/318 999/1/318 338/1/318
f 1094/1/319 1041/1/319 1040/1/319 1093/1/319
f 143/1/202 1146/1/202 1145/1/202 140/1/202
f 710/1/68 712/1/68 711/1/68 709/1/68
f 428/1/156 840/1/156 839/1/156 429/1/156
f 211/1/255 1170/1/255 1169/1/255 199/1/255
f 434/1/72 788/1/72 787/1/72 436/1/72
f 1303/1/14 12/1/14 82/1/14 1302/1/14
f 44/1/320 1322/1/320 1321/1/320 8/1/320
f 1444/1/321 1412/1/321 1413/1/321 1443/1/321
f 1186/1/115 127/1/115 128/1/115 1176/1/115
f 215/1/322 1192/1/322 1191/1/322 237/1/322
f 323/1/323 955/1/323 954/1/323 299/1/323
f 141/1/324 1141/1/324 1140/1/324 166/1/324
f 468/1/250 837/1/250 836/1/250 430/1/250
f 1452/1/325 1404/1/325 1405/1/325 1451/1/325
f 458/1/326 819/1/326 818/1/326 459/1/326
f 1084/1/327 1049/1/327 1050/1/327 1083/1/327
f 379/1/22 861/1/22 864/1/22 380/1/22
f 1092/1/328 1039/1/328 1038/1/328 1091/1/328
f 108/1/329 1160/1/329 1159/1/329 104/1/329
f 203/1/330 1183/1/330 1182/1/330 204/1/330
f 335/1/331 1028/1/331 1027/1/331 306/1/331
f 310/1/332 1001/1/332 1000/1/332 311/1/332
f 93/1/333 1361/1/333 1360/1/333 94/1/333
f 336/1/334 989/1/334 988/1/334 337/1/334
f 306/1/335 1027/1/335 1003/1/335 307/1/335
f 45/1/336 1382/1/336 1381/1/336 76/1/336
f 343/1/337 1006/1/337 1005/1/337 344/1/337
f 188/1/338 1174/1/338 1173/1/338 189/1/338
f 515/1/107 852/1/107 851/1/107 471/1/107
f 1214/1/15 196/1/15 195/1/15 1213/1/15
f 380/1/100 864/1/100 863/1/100 382/1/100
f 392/1/245 867/1/245 866/1/245 393/1/245
f 949/1/14 368/1/14 371/1/14 948/1/14
f 197/1/242 1167/1/242 1166/1/242 200/1/242
f 456/1/339 844/1/339 843/1/339 457/1/339
f 540/1/129 908/1/129 907/1/129 502/1/129
f 64/1/340 1351/1/340 1350/1/340 65/1/340
f 364/1/341 1020/1/341 1019/1/341 302/1/341
f 542/1/342 940/1/342 939/1/342 543/1/342
f 254/1/279 1195/1/279 1194/1/279 255/1/279
f 419/1/98 872/1/98 871/1/98 420/1/98
f 361/1/343 1013/1/343 1012/1/343 362/1/343
f 346/1/344 1026/1/344 1025/1/344 289/1/344
f 18/1/345 1325/1/345 1324/1/345 19/1/345
f 270/1/158 1266/1/158 1265/1/158 269/1/158
f 680/1/346 574/1/346 600/1/346 679/1/346
f 526/1/347 898/1/347 897/1/347 527/1/347
f 1082/1/348 1051/1/348 1052/1/348 1081/1/348
f 159/1/227 1188/1/227 1200/1/227 161/1/227
f 1121/1/349 1056/1/349 1057/1/349 1120/1/349
f 297/1/350 978/1/350 977/1/350 277/1/350
f 344/1/351 1005/1/351 1004/1/351 345/1/351
f 274/1/223 1295/1/223 1294/1/223 275/1/223
f 104/1/352 1159/1/352 1158/1/352 105/1/352
f 532/1/155 922/1/155 943/1/155 521/1/155
f 185/1/353 1289/1/353 1288/1/353 192/1/353
f 1475/1/354 1429/1/354 1430/1/354 1474/1/354
f 698/1/196 700/1/196 699/1/196 697/1/196
f 342/1/355 1007/1/355 1006/1/355 343/1/355
f 112/1/356 1157/1/356 1156/1/356 111/1/356
f 68/1/357 1333/1/357 1332/1/357 69/1/357
f 238/1/145 1190/1/145 1189/1/145 256/1/145
f 1161/1/115 124/1/115 125/1/115 1151/1/115
f 1127/1/2 1126/1/2 1128/1/2
f 1128/1/2 1126/1/2 1125/1/2
f 1187/1/2 1186/1/2 1176/1/2
f 1177/1/2 1178/1/2 1135/1/2
f 1135/1/2 1178/1/2 1179/1/2
f 1266/1/2 1267/1/2 1237/1/2 1222/1/2
f 1153/1/2 1172/1/2 1173/1/2
f 1014/1/8 992/1/8 1052/1/8 1051/1/8
f 1222/1/2 1223/1/2 1283/1/2 1284/1/2
f 1028/1/8 1029/1/8 1065/1/8 1064/1/8
f 1323/1/2 1341/1/2 1342/1/2 1322/1/2
f 1211/1/2 1201/1/2 1125/1/2
f 1125/1/2 1201/1/2 1202/1/2
f 1125/1/2 1202/1/2 1128/1/2
f 1128/1/2 1202/1/2 1203/1/2
f 1128/1/2 1203/1/2 1204/1/2
f 1204/1/2 1205/1/2 1128/1/2
f 1128/1/2 1205/1/2 1206/1/2
f 777/1/8 774/1/8 852/1/8 853/1/8
f 1294/1/2 1295/1/2 1217/1/2 1218/1/2
f 318/1/8 352/1/8 351/1/8 316/1/8
f 867/1/8 862/1/8 942/1/8 943/1/8
f 1370/1/2 1374/1/2 1402/1/2 1401/1/2
f 1278/1/2 1279/1/2 1227/1/2 1228/1/2
f 1197/1/2 1198/1/2 1135/1/2
f 1135/1/2 1198/1/2 1199/1/2
f 1135/1/2 1199/1/2 1200/1/2
f 1229/1/2 1219/1/2 1276/1/2 1277/1/2
f 1362/1/2 1363/1/2 1413/1/2 1412/1/2
f 1189/1/2 1132/1/2 1133/1/2
f 1176/1/2 1177/1/2 1187/1/2
f 1187/1/2 1177/1/2 1135/1/2
f 1187/1/2 1135/1/2 1188/1/2
f 1188/1/2 1135/1/2 1200/1/2
f 1347/1/2 1348/1/2 1425/1/2 1424/1/2
f 1238/1/2 1239/1/2 1262/1/2 1250/1/2
f 1175/1/2 1152/1/2 1174/1/2
f 1021/1/8 1022/1/8 1080/1/8 1079/1/8
f 915/1/8 916/1/8 881/1/8 882/1/8
f 892/1/8 893/1/8 899/1/8 900/1/8
f 1243/1/2 1244/1/2 1255/1/2 1256/1/2
f 1005/1/8 1006/1/8 1037/1/8 1038/1/8
f 1281/1/2 1225/1/2 1226/1/2 1280/1/2
f 1168/1/2 1157/1/2 1158/1/2
f 996/1/8 997/1/8 1057/1/8 1056/1/8
f 1246/1/2 1247/1/2 1253/1/2 1254/1/2
f 886/1/8 887/1/8 904/1/8 905/1/8
f 628/1/358 627/1/358 766/1/358 764/1/358
f 1182/1/2 1183/1/2 1148/1/2 1149/1/2
f 1386/1/2 1387/1/2 1400/1/2 1399/1/2
f 1234/1/2 1270/1/2 1271/1/2 1233/1/2
f 1150/1/2 1180/1/2 1181/1/2
f 147/1/2 149/1/2 148/1/2 146/1/2
f 1269/1/2 1270/1/2 1235/1/2 1236/1/2
f 1148/1/2 1183/1/2 1147/1/2
f 55/1/359 1356/1/359 1355/1/359 56/1/359
f 510/1/296 913/1/296 912/1/296 511/1/296
f 132/1/352 1246/1/352 1245/1/352 133/1/352
f 131/1/209 1175/1/209 1174/1/209 188/1/209
f 382/1/360 863/1/360 862/1/360 391/1/360
f 152/1/361 1150/1/361 1149/1/361 154/1/361
f 1461/1/362 1400/1/362 1419/1/362 1460/1/362
f 1117/1/363 1060/1/363 1061/1/363 1116/1/363
f 172/1/249 1236/1/249 1235/1/249 170/1/249
f 466/1/364 824/1/364 823/1/364 452/1/364
f 490/1/175 937/1/175 936/1/175 489/1/175
f 529/1/173 917/1/173 916/1/173 533/1/173
f 91/1/365 1363/1/365 1362/1/365 92/1/365
f 76/1/366 1381/1/366 1380/1/366 77/1/366
f 225/1/330 1270/1/330 1269/1/330 226/1/330
f 176/1/278 1227/1/278 1226/1/278 177/1/278
f 1463/1/367 1398/1/367 1399/1/367 1462/1/367
f 75/1/368 1329/1/368 1328/1/368 46/1/368
f 752/1/125 754/1/125 753/1/125 751/1/125
f 304/1/369 984/1/369 983/1/369 355/1/369
f 307/1/370 1003/1/370 1002/1/370 308/1/370
f 178/1/84 1232/1/84 1231/1/84 182/1/84
f 921/1/115 547/1/115 536/1/115 920/1/115
f 11/1/371 1317/1/371 1337/1/371 61/1/371
f 524/1/141 900/1/141 899/1/141 525/1/141
f 205/1/338 1261/1/338 1260/1/338 206/1/338
f 1213/1/37 195/1/37 194/1/37 1212/1/37
f 1466/1/372 1395/1/372 1396/1/372 1465/1/372
f 49/1/373 1384/1/373 1383/1/373 47/1/373
f 175/1/374 1222/1/374 1237/1/374 174/1/374
f 174/1/361 1237/1/361 1236/1/361 172/1/361
f 181/1/292 1234/1/292 1233/1/292 180/1/292
f 488/1/375 923/1/375 922/1/375 532/1/375
f 136/1/168 1242/1/168 1241/1/168 137/1/168
f 202/1/376 1164/1/376 1185/1/376 212/1/376
f 1470/1/377 1434/1/377 1392/1/377 1469/1/377
f 278/1/378 976/1/378 975/1/378 281/1/378
f 1371/1/379 13/1/379 6/1/379 1370/1/379
f 356/1/380 1031/1/380 1030/1/380 357/1/380
f 944/1/37 545/1/37 546/1/37 934/1/37
f 433/1/179 778/1/179 788/1/179 434/1/179
f 288/1/381 982/1/381 981/1/381 286/1/381
f 662/1/45 575/1/45 574/1/45 680/1/45
f 329/1/382 1023/1/382 1022/1/382 330/1/382
f 94/1/383 1360/1/383 1359/1/383 98/1/383
f 239/1/124 1203/1/124 1202/1/124 160/1/124
f 946/1/384 372/1/384 370/1/384 945/1/384
f 425/1/144 876/1/144 893/1/144 426/1/144
f 234/1/85 1198/1/85 1197/1/85 235/1/85
f 1102/1/385 1075/1/385 1076/1/385 1101/1/385
f 403/1/386 799/1/386 798/1/386 405/1/386
f 221/1/387 1256/1/387 1255/1/387 220/1/387
f 134/1/356 1244/1/356 1243/1/356 135/1/356
f 1215/1/115 208/1/115 196/1/115 1214/1/115
f 1108/1/388 1069/1/388 1070/1/388 1107/1/388
f 9/1/389 1320/1/389 1319/1/389 20/1/389
f 501/1/83 930/1/83 929/1/83 530/1/83
f 1126/1/37 102/1/37 156/1/37 1125/1/37
f 657/1/390 656/1/390 696/1/390 733/1/390
f 232/1/97 1229/1/97 1228/1/97 233/1/97
f 531/1/391 928/1/391 927/1/391 486/1/391
f 1118/1/392 1059/1/392 1060/1/392 1117/1/392
f 61/1/393 1337/1/393 1336/1/393 62/1/393
f 66/1/394 1349/1/394 1348/1/394 70/1/394
f 167/1/395 1139/1/395 1138/1/395 142/1/395
f 182/1/263 1231/1/263 1230/1/263 183/1/263
f 386/1/360 776/1/360 775/1/360 387/1/360
f 16/1/396 1327/1/396 1326/1/396 17/1/396
f 487/1/171 926/1/171 925/1/171 519/1/171
f 62/1/397 1336/1/397 1335/1/397 63/1/397
f 1273/1/115 116/1/115 149/1/115 1263/1/115
f 106/1/398 1128/1/398 1131/1/398 107/1/398
f 294/1/399 972/1/399 971/1/399 295/1/399
f 47/1/400 1383/1/400 1382/1/400 45/1/400
f 65/1/401 1350/1/401 1349/1/401 66/1/401
f 1457/1/402 1391/1/402 1390/1/402 1456/1/402
f 230/1/260 1220/1/260 1219/1/260 231/1/260
f 1162/1/14 123/1/14 124/1/14 1161/1/14
f 430/1/375 836/1/375 835/1/375 493/1/375
f 1435/1/403 1424/1/403 1425/1/403 1479/1/403
f 418/1/21 868/1/21 883/1/21 417/1/21
f 151/1/374 1135/1/374 1150/1/374 152/1/374
f 98/1/404 1359/1/404 1379/1/404 99/1/404
f 340/1/405 997/1/405 996/1/405 358/1/405
f 1081/1/406 1052/1/406 1053/1/406 1124/1/406
f 92/1/407 1362/1/407 1361/1/407 93/1/407
f 183/1/109 1230/1/109 1247/1/109 184/1/109
f 1214/1/2 1213/1/2 1215/1/2
f 1215/1/2 1213/1/2 1212/1/2
f 1274/1/2 1273/1/2 1263/1/2
f 1264/1/2 1265/1/2 1222/1/2
f 1222/1/2 1265/1/2 1266/1/2
f 1018/1/8 1077/1/8 1076/1/8 1017/1/8
f 1240/1/2 1259/1/2 1260/1/2
f 1174/1/2 1152/1/2 1153/1/2 1173/1/2
f 1363/1/2 1364/1/2 1414/1/2 1413/1/2
f 1136/1/2 1137/1/2 1195/1/2 1196/1/2
f 1138/1/2 1194/1/2 1195/1/2 1137/1/2
f 1298/1/2 1288/1/2 1212/1/2
f 1212/1/2 1288/1/2 1289/1/2
f 1212/1/2 1289/1/2 1215/1/2
f 1215/1/2 1289/1/2 1290/1/2
f 1215/1/2 1290/1/2 1291/1/2
f 1291/1/2 1292/1/2 1215/1/2
f 1215/1/2 1292/1/2 1293/1/2
f 1206/1/2 1207/1/2 1131/1/2 1128/1/2
f 1104/1/8 1081/1/8 1124/1/8 1105/1/8
f 1208/1/2 1209/1/2 1129/1/2 1130/1/2
f 1209/1/2 1210/1/2 1134/1/2 1129/1/2
f 1210/1/2 1189/1/2 1133/1/2 1134/1/2
f 916/1/8 917/1/8 880/1/8 881/1/8
f 1284/1/2 1285/1/2 1222/1/2
f 1222/1/2 1285/1/2 1286/1/2
f 1222/1/2 1286/1/2 1287/1/2
f 1141/1/2 1142/1/2 1190/1/2 1191/1/2
f 1142/1/2 1132/1/2 1189/1/2 1190/1/2
f 1276/1/2 1219/1/2 1220/1/2
f 1263/1/2 1264/1/2 1274/1/2
f 1274/1/2 1264/1/2 1222/1/2
f 1274/1/2 1222/1/2 1275/1/2
f 1275/1/2 1222/1/2 1287/1/2
f 894/1/8 884/1/8 896/1/8 895/1/8
f 1019/1/8 1020/1/8 1078/1/8 1077/1/8
f 1262/1/2 1239/1/2 1261/1/2
f 1153/1/2 1154/1/2 1171/1/2 1172/1/2
f 1154/1/2 1155/1/2 1170/1/2 1171/1/2
f 1155/1/2 1156/1/2 1169/1/2 1170/1/2
f 889/1/8 890/1/8 901/1/8 902/1/8
f 1193/1/2 1139/1/2 1140/1/2 1192/1/2
f 997/1/8 998/1/8 1058/1/8 1057/1/8
f 1255/1/2 1244/1/2 1245/1/2
f 1158/1/2 1159/1/2 1167/1/2 1168/1/2
f 1011/1/8 1012/1/8 1048/1/8 1047/1/8
f 1160/1/2 1143/1/2 1165/1/2 1166/1/2
f 1143/1/2 1144/1/2 1164/1/2 1165/1/2
f 1144/1/2 1145/1/2 1185/1/2 1164/1/2
f 1145/1/2 1146/1/2 1184/1/2 1185/1/2
f 403/1/8 405/1/8 404/1/8 388/1/8
f 1237/1/2 1267/1/2 1268/1/2
f 1181/1/2 1182/1/2 1149/1/2 1150/1/2
f 800/1/8 801/1/8 816/1/8 817/1/8
f 1235/1/2 1270/1/2 1234/1/2
f 499/1/35 932/1/35 931/1/35 500/1/35
f 664/1/24 571/1/24 570/1/24 665/1/24
f 79/1/115 1301/1/115 80/1/115
f 80/1/115 1301/1/115 1302/1/115
f 80/1/115 1302/1/115 82/1/115
f 255/1/408 1194/1/408 1193/1/408 214/1/408
f 12/1/37 1303/1/37 7/1/37
f 7/1/409 1303/1/409 1304/1/409
f 7/1/37 1304/1/37 84/1/37
f 1105/1/410 1072/1/410 1073/1/410 1104/1/410
f 1303/1/2 1302/1/2 1304/1/2
f 1304/1/2 1302/1/2 1301/1/2
f 1304/1/2 1301/1/2 1299/1/2
f 1299/1/2 1301/1/2 1300/1/2
f 352/1/411 1033/1/411 1032/1/411 354/1/411
f 268/1/182 1267/1/182 1266/1/182 270/1/182
f 454/1/412 820/1/412 819/1/412 458/1/412
f 771/1/14 399/1/14 481/1/14 857/1/14
f 218/1/149 1205/1/149 1204/1/149 240/1/149
f 351/1/413 960/1/413 959/1/413 316/1/413
f 58/1/414 1310/1/414 1309/1/414 4/1/414
f 700/1/110 702/1/110 701/1/110 699/1/110
f 1449/1/415 1407/1/415 1408/1/415 1448/1/415
f 292/1/416 952/1/416 951/1/416 293/1/416
f 233/1/324 1228/1/324 1227/1/324 176/1/324
f 476/1/203 831/1/203 830/1/203 477/1/203
f 391/1/211 862/1/211 867/1/211 392/1/211
f 313/1/417 964/1/417 963/1/417 314/1/417
f 28/1/418 1353/1/418 1352/1/418 30/1/418
f 240/1/153 1204/1/153 1203/1/153 239/1/153
f 349/1/419 987/1/419 986/1/419 350/1/419
f 948/1/37 371/1/37 373/1/37 947/1/37
f 199/1/387 1169/1/387 1168/1/387 198/1/387
f 135/1/240 1243/1/240 1242/1/240 136/1/240
f 8/1/420 1321/1/420 1320/1/420 9/1/420
f 15/1/421 1315/1/421 1314/1/421 24/1/421
f 282/1/422 974/1/422 973/1/422 283/1/422
f 186/1/186 1287/1/186 1286/1/186 187/1/186
f 728/1/346 730/1/346 729/1/346 727/1/346
f 687/1/36 582/1/36 602/1/36 688/1/36
f 1299/1/14 85/1/14 84/1/14 1304/1/14
f 521/1/423 943/1/423 942/1/423 522/1/423
f 247/1/298 1297/1/298 1296/1/298 248/1/298
f 30/1/424 1352/1/424 1351/1/424 64/1/424
f 1301/1/15 79/1/15 101/1/15 1300/1/15
f 27/1/425 1354/1/425 1353/1/425 28/1/425
f 1086/1/426 1047/1/426 1048/1/426 1085/1/426
f 673/1/47 592/1/47 591/1/47 674/1/47
f 74/1/427 1330/1/427 1329/1/427 75/1/427
f 284/1/428 991/1/428 990/1/428 285/1/428
f 262/1/307 1283/1/307 1282/1/307 271/1/307
f 261/1/194 1284/1/194 1283/1/194 262/1/194
f 248/1/265 1296/1/265 1295/1/265 274/1/265
f 471/1/317 851/1/317 850/1/317 432/1/317
f 1298/1/115 193/1/115 192/1/115 1288/1/115
f 1454/1/429 1402/1/429 1403/1/429 1453/1/429
f 1319/1/2 1320/1/2 1342/1/2
f 1310/1/2 1311/1/2 1323/1/2
f 1323/1/2 1311/1/2 1312/1/2
f 1320/1/2 1321/1/2 1342/1/2
f 1342/1/2 1321/1/2 1322/1/2
f 1355/1/2 1356/1/2 1433/1/2 1432/1/2
f 1323/1/2 1306/1/2 1307/1/2
f 1312/1/2 1313/1/2 1323/1/2
f 1323/1/3 1313/1/3 1314/1/3
f 1323/1/4 1314/1/4 1315/1/4
f 1315/1/2 1316/1/2 1323/1/2
f 1323/1/2 1316/1/2 1338/1/2
f 1323/1/2 1338/1/2 1339/1/2
f 1476/1/2 1461/1/2 1460/1/2 1477/1/2
f 1318/1/2 1343/1/2 1344/1/2
f 1328/1/2 1329/1/2 1318/1/2
f 1318/1/2 1329/1/2 1330/1/2
f 1330/1/2 1331/1/2 1318/1/2
f 1318/1/2 1331/1/2 1332/1/2
f 1318/1/2 1332/1/2 1333/1/2
f 1335/1/4 1336/1/4 1337/1/4
f 1325/1/430 1326/1/430 1324/1/430
f 1324/1/3 1326/1/3 1327/1/3
f 1324/1/5 1327/1/5 1323/1/5
f 1323/1/4 1327/1/4 1305/1/4
f 1323/1/2 1305/1/2 1306/1/2
f 1307/1/2 1308/1/2 1323/1/2
f 1323/1/2 1308/1/2 1309/1/2
f 1323/1/2 1309/1/2 1310/1/2
f 1339/1/4 1340/1/4 1323/1/4
f 1323/1/2 1340/1/2 1341/1/2
f 1344/1/2 1345/1/2 1318/1/2
f 1318/1/2 1345/1/2 1346/1/2
f 1318/1/2 1346/1/2 1328/1/2
f 1333/1/2 1334/1/2 1318/1/2
f 1318/1/2 1334/1/2 1335/1/2
f 1318/1/2 1335/1/2 1317/1/2
f 1317/1/2 1335/1/2 1337/1/2
f 59/1/431 1387/1/431 1386/1/431 40/1/431
f 447/1/212 793/1/212 792/1/212 446/1/212
f 1274/1/14 117/1/14 116/1/14 1273/1/14
f 224/1/376 1251/1/376 1272/1/376 243/1/376
f 70/1/432 1348/1/432 1347/1/432 71/1/432
f 24/1/433 1314/1/433 1313/1/433 25/1/433
f 67/1/434 1334/1/434 1333/1/434 68/1/434
f 208/1/398 1215/1/398 1218/1/398 209/1/398
f 332/1/435 970/1/435 969/1/435 333/1/435
f 46/1/436 1328/1/436 1346/1/436 48/1/436
f 330/1/437 1022/1/437 1021/1/437 331/1/437
f 78/1/438 1358/1/438 1357/1/438 54/1/438
f 269/1/160 1265/1/160 1264/1/160 147/1/160
f 730/1/74 732/1/74 731/1/74 729/1/74
f 1211/1/115 157/1/115 158/1/115 1201/1/115
f 1436/1/439 1423/1/439 1424/1/439 1435/1/439
f 138/1/293 1240/1/293 1239/1/293 165/1/293
f 1446/1/440 1410/1/440 1411/1/440 1445/1/440
f 86/1/441 1366/1/441 1365/1/441 87/1/441
f 229/1/442 1221/1/442 1220/1/442 230/1/442
f 88/1/443 1364/1/443 1363/1/443 91/1/443
f 170/1/132 1235/1/132 1234/1/132 181/1/132
f 72/1/444 1369/1/444 1368/1/444 21/1/444
f 54/1/445 1357/1/445 1356/1/445 55/1/445
f 283/1/446 973/1/446 991/1/446 284/1/446
f 100/1/447 1373/1/447 32/1/447
f 32/1/448 1373/1/448 1374/1/448
f 100/1/449 90/1/449 1373/1/449
f 724/1/268 726/1/268 725/1/268 723/1/268
f 341/1/450 1008/1/450 1007/1/450 342/1/450
f 160/1/353 1202/1/353 1201/1/353 158/1/353
f 71/1/451 1347/1/451 1369/1/451 72/1/451
f 22/1/452 1367/1/452 1366/1/452 86/1/452
f 272/1/408 1281/1/408 1280/1/408 245/1/408
f 355/1/453 983/1/453 961/1/453 353/1/453
f 184/1/329 1247/1/329 1246/1/329 132/1/329
f 259/1/300 1206/1/300 1205/1/300 218/1/300
f 87/1/454 1365/1/454 1364/1/454 88/1/454
f 48/1/455 1346/1/455 1345/1/455 50/1/455
f 338/1/456 999/1/456 998/1/456 339/1/456
f 731/1/457 735/1/457 612/1/457 611/1/457
f 362/1/458 1012/1/458 1011/1/458 363/1/458
f 857/1/37 481/1/37 482/1/37 847/1/37
f 1440/1/459 1416/1/459 1417/1/459 1439/1/459
f 38/1/460 1342/1/460 1341/1/460 39/1/460
f 1371/1/2 1390/1/2 1391/1/2
f 1231/1/2 1232/1/2 1272/1/2 1251/1/2
f 1000/1/8 1001/1/8 1061/1/8 1060/1/8
f 1367/1/2 1368/1/2 1422/1/2 1418/1/2
f 1380/1/2 1381/1/2 1393/1/2 1392/1/2
f 1242/1/2 1243/1/2 1256/1/2 1257/1/2
f 1280/1/2 1226/1/2 1227/1/2 1279/1/2
f 1398/1/2 1386/1/2 1399/1/2
f 1135/1/2 1136/1/2 1196/1/2 1197/1/2
f 1388/1/2 1419/1/2 1400/1/2 1387/1/2
f 1179/1/2 1180/1/2 1150/1/2 1135/1/2
f 866/1/8 867/1/8 943/1/8 922/1/8
f 547/1/8 548/1/8 485/1/8 546/1/8
f 1240/1/2 1241/1/2 1258/1/2 1259/1/2
f 1360/1/2 1361/1/2 1411/1/2 1410/1/2
f 1458/1/2 1436/1/2 1435/1/2 1459/1/2
f 1357/1/2 1358/1/2 1392/1/2 1434/1/2
f 1356/1/2 1357/1/2 1434/1/2 1433/1/2
f 1381/1/2 1382/1/2 1394/1/2 1393/1/2
f 1230/1/2 1231/1/2 1251/1/2 1252/1/2
f 1022/1/8 1023/1/8 1043/1/8 1080/1/8
f 1020/1/8 1021/1/8 1079/1/8 1078/1/8
f 539/1/8 540/1/8 504/1/8 538/1/8
f 907/1/8 885/1/8 886/1/8 906/1/8
f 1223/1/2 1224/1/2 1282/1/2 1283/1/2
f 877/1/8 878/1/8 918/1/8 897/1/8
f 1365/1/2 1366/1/2 1416/1/2 1415/1/2
f 1417/1/2 1367/1/2 1418/1/2
f 1342/1/2 1343/1/2 1318/1/2 1319/1/2
f 1419/1/2 1388/1/2 1389/1/2
f 1036/1/8 1015/1/8 1073/1/8 1072/1/8
f 1420/1/2 1372/1/2 1421/1/2
f 1001/1/8 1002/1/8 1062/1/8 1061/1/8
f 1151/1/2 1152/1/2 1175/1/2 1163/1/2
f 1368/1/2 1369/1/2 1423/1/2 1422/1/2
f 1225/1/2 1281/1/2 1282/1/2 1224/1/2
f 668/1/15 669/1/15 632/1/15 638/1/15
f 1426/1/2 1349/1/2 1427/1/2
f 544/1/8 550/1/8 373/1/8 371/1/8
f 1428/1/2 1350/1/2 1351/1/2
f 1228/1/2 1229/1/2 1277/1/2 1278/1/2
f 1245/1/2 1246/1/2 1254/1/2 1255/1/2
f 1002/1/8 1003/1/8 1063/1/8 1062/1/8
f 999/1/8 1000/1/8 1060/1/8 1059/1/8
f 998/1/8 999/1/8 1059/1/8 1058/1/8
f 1029/1/8 1030/1/8 1066/1/8 1065/1/8
f 536/1/8 547/1/8 546/1/8 545/1/8
f 1392/1/2 1358/1/2 1380/1/2
f 1477/1/461 1427/1/461 1428/1/461 1476/1/461
f 63/1/462 1335/1/462 1334/1/462 67/1/462
f 505/1/463 905/1/463 904/1/463 506/1/463
f 120/1/442 1134/1/442 1133/1/442 121/1/442
f 60/1/464 1338/1/464 1316/1/464 14/1/464
f 40/1/465 1386/1/465 1385/1/465 51/1/465
f 696/1/91 698/1/91 697/1/91 695/1/91
f 246/1/322 1279/1/322 1278/1/322 263/1/322
f 474/1/347 811/1/347 810/1/347 475/1/347
f 365/1/466 993/1/466 992/1/466 366/1/466
f 241/1/285 1258/1/285 1257/1/285 242/1/285
f 1106/1/467 1071/1/467 1072/1/467 1105/1/467
f 513/1/468 854/1/468 853/1/468 514/1/468
f 1441/1/469 1415/1/469 1416/1/469 1440/1/469
f 308/1/470 1002/1/470 1001/1/470 310/1/470
f 1188/1/37 159/1/37 126/1/37 1187/1/37
f 105/1/190 1158/1/190 1157/1/190 112/1/190
f 652/1/280 587/1/280 585/1/280 675/1/280
f 473/1/283 812/1/283 811/1/283 474/1/283
f 405/1/150 798/1/150 797/1/150 406/1/150
f 375/1/119 891/1/119 890/1/119 377/1/119
f 807/1/8 797/1/8 809/1/8 808/1/8
f 1474/1/471 1430/1/471 1431/1/471 1473/1/471
f 37/1/472 1388/1/472 1387/1/472 59/1/472
f 1453/1/473 1403/1/473 1404/1/473 1452/1/473
f 177/1/395 1226/1/395 1225/1/395 179/1/395
f 56/1/474 1355/1/474 1354/1/474 27/1/474
f 500/1/339 931/1/339 930/1/339 501/1/339
f 494/1/475 829/1/475 828/1/475 495/1/475
f 514/1/342 853/1/342 852/1/342 515/1/342
f 96/1/476 1377/1/476 1376/1/476 97/1/476
f 746/1/477 748/1/477 747/1/477 745/1/477
f 305/1/478 1029/1/478 1028/1/478 335/1/478
f 533/1/475 916/1/475 915/1/475 534/1/475
f 1462/1/479 1399/1/479 1400/1/479 1461/1/479
f 1095/1/480 1042/1/480 1041/1/480 1094/1/480
f 541/1/468 941/1/468 940/1/468 542/1/468
f 320/1/481 1035/1/481 1034/1/481 318/1/481
f 736/1/67 738/1/67 737/1/67 735/1/67
f 325/1/482 1016/1/482 1015/1/482 324/1/482
f 702/1/93 704/1/93 703/1/93 701/1/93
f 1460/1/483 1419/1/483 1420/1/483 1459/1/483
f 113/1/271 1154/1/271 1153/1/271 114/1/271
f 633/1/484 556/1/484 573/1/484 634/1/484
f 1479/1/485 1425/1/485 1426/1/485 1478/1/485
f 1444/1/2 1443/1/2 1454/1/2
f 1382/1/2 1383/1/2 1395/1/2 1394/1/2
f 874/1/8 875/1/8 924/1/8 925/1/8
f 1460/1/2 1479/1/2 1478/1/2
f 1457/1/2 1456/1/2 1443/1/2
f 1443/1/2 1456/1/2 1455/1/2
f 1443/1/2 1455/1/2 1454/1/2
f 1457/1/2 1443/1/2 1458/1/2
f 1458/1/2 1443/1/2 1442/1/2
f 1458/1/2 1442/1/2 1441/1/2
f 1438/1/2 1437/1/2 1458/1/2
f 1458/1/2 1437/1/2 1436/1/2
f 1441/1/2 1440/1/2 1458/1/2
f 1458/1/2 1440/1/2 1439/1/2
f 1458/1/2 1439/1/2 1438/1/2
f 1478/1/2 1477/1/2 1460/1/2
f 1035/1/8 1072/1/8 1071/1/8 1034/1/8
f 1461/1/2 1476/1/2 1462/1/2
f 1454/1/2 1453/1/2 1444/1/2
f 1444/1/2 1453/1/2 1452/1/2
f 1444/1/2 1452/1/2 1445/1/2
f 1445/1/2 1452/1/2 1451/1/2
f 1445/1/2 1451/1/2 1450/1/2
f 1450/1/2 1449/1/2 1445/1/2
f 1445/1/2 1449/1/2 1448/1/2
f 1445/1/2 1448/1/2 1446/1/2
f 1446/1/2 1448/1/2 1447/1/2
f 1465/1/2 1464/1/2 1476/1/2
f 1476/1/2 1464/1/2 1463/1/2
f 1476/1/2 1463/1/2 1462/1/2
f 1475/1/2 1467/1/2 1476/1/2
f 1476/1/2 1467/1/2 1466/1/2
f 1476/1/2 1466/1/2 1465/1/2
f 1475/1/2 1474/1/2 1467/1/2
f 1467/1/2 1474/1/2 1473/1/2
f 1467/1/2 1473/1/2 1472/1/2
f 1472/1/2 1471/1/2 1467/1/2
f 1467/1/2 1471/1/2 1470/1/2
f 1467/1/2 1470/1/2 1468/1/2
f 1468/1/2 1470/1/2 1469/1/2
f 559/1/486 560/1/486 695/1/486 697/1/486
f 659/1/487 658/1/487 770/1/487 768/1/487
f 627/1/488 659/1/488 768/1/488 766/1/488
f 647/1/489 646/1/489 726/1/489 724/1/489
f 561/1/490 558/1/490 699/1/490 701/1/490
f 1354/1/2 1355/1/2 1432/1/2 1431/1/2
f 581/1/491 580/1/491 707/1/491 709/1/491
f 583/1/492 581/1/492 709/1/492 711/1/492
f 586/1/493 583/1/493 711/1/493 713/1/493
f 558/1/494 559/1/494 697/1/494 699/1/494
f 595/1/495 586/1/495 713/1/495 715/1/495
f 629/1/496 628/1/496 764/1/496 762/1/496
f 580/1/497 563/1/497 705/1/497 707/1/497
f 554/1/498 553/1/498 757/1/498 759/1/498
f 608/1/499 607/1/499 723/1/499 725/1/499
f 596/1/500 568/1/500 739/1/500 741/1/500
f 568/1/501 567/1/501 737/1/501 739/1/501
f 611/1/502 610/1/502 729/1/502 731/1/502
f 258/1/176 1207/1/176 1206/1/176 259/1/176
f 459/1/503 818/1/503 817/1/503 460/1/503
f 567/1/504 612/1/504 735/1/504 737/1/504
f 564/1/505 565/1/505 719/1/505 721/1/505
f 644/1/506 643/1/506 732/1/506 730/1/506
f 642/1/507 641/1/507 738/1/507 736/1/507
f 552/1/508 551/1/508 743/1/508 745/1/508
f 577/1/509 554/1/509 759/1/509 761/1/509
f 617/1/510 616/1/510 747/1/510 749/1/510
f 599/1/511 617/1/511 749/1/511 751/1/511
f 616/1/512 552/1/512 745/1/512 747/1/512
f 569/1/513 555/1/513 753/1/513 755/1/513
f 553/1/514 569/1/514 755/1/514 757/1/514
f 555/1/515 599/1/515 751/1/515 753/1/515
f 681/1/516 635/1/516 746/1/516 744/1/516
f 578/1/517 577/1/517 761/1/517 763/1/517
f 579/1/518 578/1/518 763/1/518 765/1/518
f 620/1/519 579/1/519 765/1/519 767/1/519
f 621/1/520 620/1/520 767/1/520 769/1/520
f 622/1/521 621/1/521 769/1/521 734/1/521
f 609/1/522 608/1/522 725/1/522 727/1/522
f 610/1/523 609/1/523 727/1/523 729/1/523
f 636/1/524 637/1/524 750/1/524 748/1/524
f 656/1/525 655/1/525 698/1/525 696/1/525
f 562/1/526 561/1/526 701/1/526 703/1/526
f 677/1/527 629/1/527 762/1/527 760/1/527
f 678/1/528 677/1/528 760/1/528 758/1/528
f 565/1/529 566/1/529 717/1/529 719/1/529
f 638/1/530 632/1/530 754/1/530 752/1/530
f 632/1/531 660/1/531 756/1/531 754/1/531
f 623/1/532 649/1/532 712/1/532 710/1/532
f 607/1/533 564/1/533 721/1/533 723/1/533
f 635/1/534 636/1/534 748/1/534 746/1/534
f 660/1/535 678/1/535 758/1/535 756/1/535
f 682/1/536 681/1/536 744/1/536 742/1/536
f 683/1/537 682/1/537 742/1/537 740/1/537
f 641/1/538 683/1/538 740/1/538 738/1/538
f 563/1/539 562/1/539 703/1/539 705/1/539
f 1473/1/540 1431/1/540 1432/1/540 1472/1/540
f 1448/1/541 1408/1/541 1409/1/541 1447/1/541
f 551/1/542 596/1/542 741/1/542 743/1/542
f 645/1/543 644/1/543 730/1/543 728/1/543
f 646/1/544 645/1/544 728/1/544 726/1/544
f 637/1/545 638/1/545 752/1/545 750/1/545
f 648/1/546 647/1/546 724/1/546 722/1/546
f 689/1/547 648/1/547 722/1/547 720/1/547
f 690/1/548 689/1/548 720/1/548 718/1/548
f 672/1/549 690/1/549 718/1/549 716/1/549
f 649/1/550 651/1/550 714/1/550 712/1/550
f 651/1/551 672/1/551 716/1/551 714/1/551
f 624/1/552 623/1/552 710/1/552 708/1/552
f 566/1/553 595/1/553 715/1/553 717/1/553
f 625/1/554 624/1/554 708/1/554 706/1/554
f 626/1/555 625/1/555 706/1/555 704/1/555
f 653/1/556 626/1/556 704/1/556 702/1/556
f 654/1/557 653/1/557 702/1/557 700/1/557
f 655/1/558 654/1/558 700/1/558 698/1/558
f 658/1/559 657/1/559 733/1/559 770/1/559
f 560/1/560 622/1/560 734/1/560 695/1/560
