# Blender 5.0.1
# www.blender.org
mtllib g0802_obj.mtl
o g0802
v 88.127502 119.554581 124.115387
v 88.127502 119.554581 124.192307
v 88.589043 119.554581 124.192307
v 92.839043 119.554581 131.500000
v 92.109253 119.554581 124.341919
v 92.004211 119.554581 124.425385
v 91.881592 119.554581 124.495712
v 91.746765 119.554581 124.545410
v 91.618698 119.554581 124.570847
v 91.225166 119.554581 124.532433
v 91.092705 119.554581 124.475876
v 91.509117 119.554581 124.576920
v 91.358971 119.554581 124.564804
v 90.978615 119.554581 124.405266
v 88.412964 119.554581 124.500000
v 87.204430 119.554581 131.500000
v 87.858276 119.554581 124.500000
v 87.204430 119.554581 124.115387
v 87.858276 119.554581 124.115387
v 87.858276 119.554581 121.500000
v 88.127502 119.554581 121.500000
v 92.839043 119.554581 116.500000
v 87.204430 119.554581 116.500000
v 90.870041 119.554581 124.312256
v 90.769852 119.554581 124.194931
v 90.717697 119.554581 124.117538
v 90.666847 119.554581 124.026451
v 90.574364 119.554581 123.802322
v 89.769104 119.554581 121.465599
v 89.805016 119.554581 121.474548
v 89.837914 119.554581 121.488647
v 89.870956 119.554581 121.509537
v 91.045883 119.554581 121.550514
v 90.915833 119.554581 121.645119
v 89.973656 119.554581 121.711540
v 91.794441 119.554581 121.468796
v 91.913124 119.554581 121.519745
v 92.453865 119.554581 123.681114
v 92.388206 119.554581 123.910049
v 89.610168 119.554581 121.935280
v 89.577888 119.554581 121.915375
v 89.483543 119.554581 121.783630
v 89.496246 119.554581 121.817200
v 89.515144 119.554581 121.850395
v 89.961876 119.554581 121.791183
v 89.950066 119.554581 121.820396
v 90.605385 119.554581 122.105896
v 92.046906 119.554581 121.604874
v 92.147865 119.554581 121.695694
v 92.238327 119.554581 121.807480
v 92.305786 119.554581 124.088028
v 92.208778 119.554581 124.233963
v 89.723656 119.554581 121.961540
v 89.677803 119.554581 121.957397
v 89.643997 119.554581 121.949318
v 89.476212 119.554581 121.746384
v 89.473656 119.554581 121.711540
v 89.477928 119.554581 121.665398
v 89.486809 119.554581 121.630348
v 89.500977 119.554581 121.597534
v 89.521751 119.554581 121.564629
v 91.183372 119.554581 121.483032
v 91.311714 119.554581 121.444199
v 91.451324 119.554581 121.424637
v 89.547638 119.554581 121.889481
v 89.543861 119.554581 121.885658
v 89.649529 119.554581 121.472374
v 89.682915 119.554581 121.464874
v 89.723656 119.554581 121.461540
v 89.900040 119.554581 121.535149
v 89.928581 119.554581 121.568825
v 89.948700 119.554581 121.601173
v 89.961014 119.554581 121.630424
v 89.968903 119.554581 121.662552
v 90.537361 119.554581 122.330498
v 91.509117 119.554581 121.423080
v 91.659073 119.554581 121.435013
v 92.322716 119.554581 121.947250
v 92.370499 119.554581 122.050934
v 92.445190 119.554581 122.286041
v 89.553032 119.554581 121.529480
v 89.582664 119.554581 121.504921
v 89.614120 119.554581 121.486465
v 89.969528 119.554581 121.757759
v 90.709480 119.554581 121.894569
v 90.811401 119.554581 121.751625
v 89.765892 119.554581 121.957916
v 89.800385 119.554581 121.950417
v 90.507889 119.554581 123.508835
v 89.831734 119.554581 121.938171
v 90.473976 119.554581 123.025078
v 89.863968 119.554581 121.919243
v 90.473656 119.554581 122.998795
v 90.490463 119.554581 122.630699
v 92.500305 119.554581 122.663391
v 92.512123 119.554581 122.998795
v 92.496773 119.554581 123.378258
v 89.928856 119.554581 121.855095
v 89.901810 119.554581 121.887329
v 89.897133 119.554581 121.891991
v 82.665962 119.554581 123.692307
v 82.396736 119.554581 123.692307
v 78.839043 119.554581 124.115387
v 79.396736 119.554581 121.500000
v 79.665962 119.554581 121.500000
v 79.898865 119.554581 123.694359
v 79.793159 119.554581 123.649475
v 80.004234 119.554581 123.720047
v 79.699799 119.554581 123.589668
v 79.616035 119.554581 123.513885
v 79.548195 119.554581 123.427383
v 79.490662 119.554581 123.322105
v 79.449692 119.554581 123.206207
v 79.411171 119.554581 122.989006
v 84.781349 119.554581 121.500000
v 85.050583 119.554581 121.500000
v 82.396736 119.554581 123.311295
v 82.259972 119.554581 123.480705
v 82.156784 119.554581 123.574074
v 82.092651 119.554581 123.619591
v 81.165962 119.554581 121.500000
v 80.896736 119.554581 121.500000
v 80.896736 119.554581 122.352768
v 79.665962 119.554581 122.688705
v 80.875153 119.554581 122.767723
v 79.669945 119.554581 122.869682
v 83.888847 119.554581 123.720047
v 83.783478 119.554581 123.694359
v 83.677780 119.554581 123.649475
v 83.584412 119.554581 123.589668
v 83.500648 119.554581 123.513885
v 83.432816 119.554581 123.427383
v 83.375282 119.554581 123.322105
v 83.334312 119.554581 123.206207
v 80.308723 119.554581 123.713745
v 81.127686 119.554581 123.529068
v 80.429977 119.554581 123.678154
v 81.070892 119.554581 123.462547
v 80.550346 119.554581 123.621338
v 79.396736 119.554581 122.687500
v 78.839043 119.554581 116.500000
v 83.554558 119.554581 122.869682
v 84.759773 119.554581 122.767723
v 83.550583 119.554581 122.688705
v 84.781349 119.554581 122.352768
v 83.550583 119.554581 121.500000
v 80.943008 119.554581 123.201324
v 80.849632 119.554581 123.349640
v 81.008476 119.554581 123.359276
v 80.739738 119.554581 123.477310
v 80.635803 119.554581 123.566498
v 80.174728 119.554581 123.729256
v 80.138924 119.554581 123.730766
v 82.665962 119.554581 121.500000
v 82.396736 119.554581 121.500000
v 82.396736 119.554581 122.422478
v 81.165962 119.554581 122.614784
v 82.379799 119.554581 122.751617
v 81.171036 119.554581 122.839432
v 81.183357 119.554581 122.994400
v 83.281349 119.554581 121.500000
v 83.281349 119.554581 122.687500
v 83.295784 119.554581 122.989006
v 81.397125 119.554581 123.691292
v 81.286415 119.554581 123.643723
v 81.198311 119.554581 123.589096
v 81.926270 119.554581 123.688240
v 81.785500 119.554581 123.720032
v 81.640724 119.554581 123.730766
v 81.509766 119.554581 123.719879
v 84.520416 119.554581 123.566498
v 84.955505 119.554581 123.462547
v 84.624352 119.554581 123.477310
v 84.893089 119.554581 123.359276
v 84.734253 119.554581 123.349640
v 84.827621 119.554581 123.201324
v 85.171028 119.554581 123.643723
v 85.082924 119.554581 123.589096
v 84.193336 119.554581 123.713745
v 85.012299 119.554581 123.529068
v 84.314598 119.554581 123.678154
v 84.434967 119.554581 123.621338
v 84.023537 119.554581 123.730766
v 84.059341 119.554581 123.729256
v 86.264412 119.554581 122.751617
v 85.055649 119.554581 122.839432
v 85.067978 119.554581 122.994400
v 79.680580 119.554581 123.002663
v 79.696167 119.554581 123.097900
v 79.715736 119.554581 123.167221
v 85.050583 119.554581 122.614784
v 86.281349 119.554581 122.422478
v 86.281349 119.554581 121.500000
v 86.550583 119.554581 121.500000
v 86.550583 119.554581 123.692307
v 86.281349 119.554581 123.692307
v 79.960480 119.554581 123.418327
v 79.893974 119.554581 123.383301
v 79.834915 119.554581 123.338943
v 80.036163 119.554581 123.444275
v 80.119087 119.554581 123.458282
v 80.185799 119.554581 123.461540
v 80.486588 119.554581 123.388893
v 80.587318 119.554581 123.325729
v 83.565201 119.554581 123.002663
v 83.580788 119.554581 123.097900
v 83.600349 119.554581 123.167221
v 86.281349 119.554581 123.311295
v 86.144592 119.554581 123.480705
v 79.746040 119.554581 123.231354
v 79.786667 119.554581 123.289680
v 80.303535 119.554581 123.451248
v 80.397125 119.554581 123.427376
v 81.400871 119.554581 123.383522
v 81.453835 119.554581 123.412941
v 81.818222 119.554581 123.448433
v 81.916550 119.554581 123.418968
v 82.260918 119.554581 123.133095
v 83.845093 119.554581 123.418327
v 83.778587 119.554581 123.383301
v 83.719528 119.554581 123.338943
v 83.920776 119.554581 123.444275
v 84.003708 119.554581 123.458282
v 84.070412 119.554581 123.461540
v 84.371201 119.554581 123.388893
v 84.471931 119.554581 123.325729
v 86.041397 119.554581 123.574074
v 85.977264 119.554581 123.619591
v 85.810890 119.554581 123.688240
v 85.670120 119.554581 123.720032
v 85.525337 119.554581 123.730766
v 85.394379 119.554581 123.719879
v 85.281738 119.554581 123.691292
v 81.200874 119.554581 123.096161
v 81.221725 119.554581 123.166191
v 81.247894 119.554581 123.221161
v 81.525269 119.554581 123.439796
v 81.603271 119.554581 123.455956
v 82.342094 119.554581 122.946434
v 82.301971 119.554581 123.056679
v 83.630653 119.554581 123.231354
v 83.671288 119.554581 123.289680
v 84.188148 119.554581 123.451248
v 84.281738 119.554581 123.427376
v 85.285492 119.554581 123.383522
v 85.338448 119.554581 123.412941
v 85.702835 119.554581 123.448433
v 85.801163 119.554581 123.418968
v 86.145531 119.554581 123.133095
v 80.666977 119.554581 123.255959
v 80.738037 119.554581 123.169502
v 80.841682 119.554581 122.947357
v 80.799561 119.554581 123.062546
v 81.289444 119.554581 123.283363
v 81.341270 119.554581 123.338089
v 81.687599 119.554581 123.461540
v 82.012726 119.554581 123.373055
v 82.105957 119.554581 123.309013
v 82.192215 119.554581 123.226189
v 85.085487 119.554581 123.096161
v 85.106339 119.554581 123.166191
v 85.132507 119.554581 123.221161
v 85.409889 119.554581 123.439796
v 85.487892 119.554581 123.455956
v 86.226715 119.554581 122.946434
v 86.186584 119.554581 123.056679
v 84.551590 119.554581 123.255959
v 84.622650 119.554581 123.169502
v 84.726295 119.554581 122.947357
v 84.684174 119.554581 123.062546
v 85.174057 119.554581 123.283363
v 85.225883 119.554581 123.338089
v 85.572212 119.554581 123.461540
v 85.897346 119.554581 123.373055
v 85.990578 119.554581 123.309013
v 86.076828 119.554581 123.226189
v 78.839043 119.554581 131.500000
v 82.389786 103.554581 121.509117
v 82.354622 103.554581 121.487396
v 82.915962 103.554581 121.480766
v 82.288002 103.554581 121.465546
v 82.242889 103.554581 121.461540
v 82.915962 103.554581 116.500000
v 82.321098 103.554581 121.473488
v 80.787285 103.554581 121.484909
v 80.660286 103.554581 121.445404
v 80.521881 103.554581 121.425011
v 78.839043 103.554581 116.500000
v 80.457428 103.554581 121.423080
v 82.480743 103.554581 121.631935
v 82.468819 103.554581 121.602982
v 82.488533 103.554581 121.665047
v 82.016899 103.554581 121.604149
v 82.003769 103.554581 121.637306
v 82.005905 103.554581 121.793533
v 82.019997 103.554581 121.826317
v 81.358093 103.554581 122.099594
v 82.915962 103.554581 131.500000
v 82.242889 103.554581 121.961540
v 82.288773 103.554581 121.957382
v 82.446152 103.554581 121.566437
v 82.419563 103.554581 121.534851
v 80.307503 103.554581 121.434998
v 80.170280 103.554581 121.469574
v 80.052635 103.554581 121.520164
v 82.322823 103.554581 121.949417
v 82.357025 103.554581 121.935120
v 82.387291 103.554581 121.916344
v 82.469940 103.554581 121.819092
v 82.481567 103.554581 121.789688
v 82.488777 103.554581 121.757652
v 82.492889 103.554581 121.711540
v 78.839043 103.554581 131.500000
v 80.219879 103.554581 124.545395
v 80.360260 103.554581 124.572243
v 80.745247 103.554581 124.531151
v 80.880920 103.554581 124.472710
v 80.999870 103.554581 124.396431
v 81.112076 103.554581 124.296173
v 82.197456 103.554581 121.465576
v 82.162148 103.554581 121.474525
v 82.129692 103.554581 121.488327
v 82.094414 103.554581 121.510262
v 79.918633 103.554581 121.605652
v 79.817741 103.554581 121.696671
v 79.727310 103.554581 121.808662
v 79.760368 103.554581 124.237152
v 79.858360 103.554581 124.343185
v 80.457428 103.554581 124.576920
v 80.608849 103.554581 124.565178
v 81.429138 103.554581 122.332382
v 82.040627 103.554581 121.859207
v 81.476105 103.554581 122.630943
v 82.066238 103.554581 121.534828
v 82.039429 103.554581 121.566605
v 81.996925 103.554581 121.757423
v 81.245903 103.554581 121.876556
v 81.992889 103.554581 121.711540
v 81.149956 103.554581 121.744942
v 81.995880 103.554581 121.674263
v 81.043777 103.554581 121.639076
v 80.925087 103.554581 121.553551
v 82.418579 103.554581 121.889816
v 82.423744 103.554581 121.884537
v 82.450943 103.554581 121.851051
v 79.512680 103.554581 123.681122
v 79.578354 103.554581 123.910080
v 79.660782 103.554581 124.088058
v 79.962364 103.554581 124.425278
v 80.092979 103.554581 124.499207
v 82.065918 103.554581 121.888535
v 82.099487 103.554581 121.917084
v 81.492889 103.554581 122.998795
v 82.131599 103.554581 121.936386
v 81.491806 103.554581 123.077629
v 79.640251 103.554581 121.953362
v 79.603439 103.554581 122.031372
v 79.530937 103.554581 122.243912
v 81.206505 103.554581 124.181282
v 81.295303 103.554581 124.034927
v 81.306381 103.554581 124.012871
v 82.168503 103.554581 121.950951
v 81.395042 103.554581 123.792786
v 81.453514 103.554581 123.541267
v 82.205475 103.554581 121.958580
v 79.472588 103.554581 122.591843
v 79.454430 103.554581 122.998795
v 79.469772 103.554581 123.378281
v 84.069809 103.554581 121.500000
v 83.800583 103.554581 121.500000
v 83.339043 103.554581 124.192307
v 83.800583 103.554581 124.192307
v 83.515121 103.554581 124.500000
v 84.069809 103.554581 124.500000
v 92.839043 103.554581 131.500000
v 89.531349 103.554581 123.692307
v 89.531349 103.554581 123.311295
v 89.668396 103.554581 123.480415
v 92.128891 103.554581 123.651970
v 92.225952 103.554581 123.590858
v 85.646736 103.554581 123.311295
v 85.783783 103.554581 123.480415
v 85.646736 103.554581 123.692307
v 85.887856 103.554581 123.575012
v 85.950821 103.554581 123.619591
v 86.117195 103.554581 123.688240
v 89.262115 103.554581 123.692307
v 88.425560 103.554581 123.515228
v 88.142975 103.554581 123.694763
v 88.244270 103.554581 123.651970
v 88.341339 103.554581 123.590858
v 92.027588 103.554581 123.694763
v 92.839043 103.554581 121.480766
v 92.531349 103.554581 121.500000
v 92.262123 103.554581 121.500000
v 90.756721 103.554581 122.844826
v 89.551834 103.554581 122.774300
v 90.762115 103.554581 122.614784
v 89.531349 103.554581 122.422478
v 90.762115 103.554581 121.500000
v 92.310173 103.554581 123.515228
v 92.378548 103.554581 123.429222
v 92.433411 103.554581 123.330551
v 88.493927 103.554581 123.429222
v 88.548790 103.554581 123.330551
v 89.262115 103.554581 121.500000
v 88.589531 103.554581 123.221077
v 88.628731 103.554581 123.020523
v 86.533844 103.554581 123.719849
v 86.645279 103.554581 123.691612
v 86.913673 103.554581 123.530952
v 86.975388 103.554581 123.457962
v 90.142586 103.554581 123.720032
v 90.287361 103.554581 123.730766
v 90.418457 103.554581 123.719849
v 90.529892 103.554581 123.691612
v 90.798294 103.554581 123.530952
v 90.860001 103.554581 123.457962
v 89.531349 103.554581 121.500000
v 88.646736 103.554581 122.687500
v 88.646736 103.554581 121.500000
v 88.377502 103.554581 121.500000
v 86.257965 103.554581 123.720032
v 86.402740 103.554581 123.730766
v 87.869728 103.554581 123.729309
v 87.904549 103.554581 123.730766
v 88.039307 103.554581 123.720062
v 89.772469 103.554581 123.575012
v 89.835434 103.554581 123.619591
v 90.001816 103.554581 123.688240
v 91.754341 103.554581 123.729309
v 91.789162 103.554581 123.730766
v 91.923927 103.554581 123.720062
v 92.474144 103.554581 123.221077
v 92.513344 103.554581 123.020523
v 92.531349 103.554581 122.687500
v 91.031349 103.554581 121.500000
v 91.031349 103.554581 122.352768
v 92.262123 103.554581 122.688705
v 91.053467 103.554581 122.772369
v 92.258148 103.554581 122.869453
v 92.247520 103.554581 123.002327
v 90.573326 103.554581 123.348923
v 90.513931 103.554581 123.390823
v 90.294083 103.554581 123.458916
v 89.586304 103.554581 122.947189
v 89.626122 103.554581 123.056259
v 86.753609 103.554581 123.645439
v 86.845139 103.554581 123.589119
v 87.406662 103.554581 123.565178
v 87.300285 103.554581 123.473892
v 87.039291 103.554581 123.350838
v 87.193687 103.554581 123.349442
v 87.100464 103.554581 123.201324
v 87.497406 103.554581 123.623116
v 87.620598 103.554581 123.680428
v 87.738579 103.554581 123.714500
v 90.638222 103.554581 123.645439
v 90.729752 103.554581 123.589119
v 91.291275 103.554581 123.565178
v 91.184898 103.554581 123.473892
v 90.923904 103.554581 123.350838
v 91.078300 103.554581 123.349442
v 90.985077 103.554581 123.201324
v 91.382019 103.554581 123.623116
v 91.505219 103.554581 123.680428
v 91.623199 103.554581 123.714500
v 86.877502 103.554581 121.500000
v 87.146736 103.554581 121.500000
v 87.146736 103.554581 122.352768
v 88.377502 103.554581 122.688705
v 87.168854 103.554581 122.772369
v 88.373535 103.554581 122.869453
v 88.362900 103.554581 123.002327
v 90.743179 103.554581 123.002235
v 90.724663 103.554581 123.107254
v 90.700127 103.554581 123.179993
v 92.231796 103.554581 123.097870
v 92.212151 103.554581 123.167145
v 92.181442 103.554581 123.231789
v 92.139969 103.554581 123.291412
v 92.091293 103.554581 123.340576
v 92.033218 103.554581 123.383881
v 91.191292 103.554581 123.171280
v 91.129501 103.554581 123.064621
v 91.087013 103.554581 122.949577
v 90.447433 103.554581 123.424210
v 90.372452 103.554581 123.447662
v 90.110023 103.554581 123.448463
v 90.011711 103.554581 123.419037
v 89.667244 103.554581 123.133247
v 91.968582 103.554581 123.418167
v 91.894897 103.554581 123.443497
v 91.812126 103.554581 123.458084
v 91.742287 103.554581 123.461540
v 91.628166 103.554581 123.452370
v 91.529259 103.554581 123.426636
v 86.872108 103.554581 122.844826
v 85.667221 103.554581 122.774300
v 86.877502 103.554581 122.614784
v 85.646736 103.554581 122.422478
v 85.646736 103.554581 121.500000
v 85.377502 103.554581 121.500000
v 86.688713 103.554581 123.348923
v 86.629311 103.554581 123.390823
v 86.409470 103.554581 123.458916
v 85.701691 103.554581 122.947189
v 85.741508 103.554581 123.056259
v 90.668343 103.554581 123.241486
v 90.624275 103.554581 123.300232
v 90.240486 103.554581 123.461540
v 91.433189 103.554581 123.385132
v 91.345390 103.554581 123.329071
v 91.264046 103.554581 123.258987
v 86.858566 103.554581 123.002235
v 86.840050 103.554581 123.107254
v 86.815514 103.554581 123.179993
v 88.347176 103.554581 123.097870
v 88.327538 103.554581 123.167145
v 88.296822 103.554581 123.231789
v 88.255356 103.554581 123.291412
v 88.206680 103.554581 123.340576
v 88.148605 103.554581 123.383881
v 87.306679 103.554581 123.171280
v 87.244888 103.554581 123.064621
v 87.202400 103.554581 122.949577
v 89.915558 103.554581 123.373169
v 89.822311 103.554581 123.309166
v 89.736038 103.554581 123.226364
v 86.562813 103.554581 123.424210
v 86.487839 103.554581 123.447662
v 86.225410 103.554581 123.448463
v 86.127098 103.554581 123.419037
v 85.782623 103.554581 123.133247
v 88.083969 103.554581 123.418167
v 88.010284 103.554581 123.443497
v 87.927505 103.554581 123.458084
v 87.857674 103.554581 123.461540
v 87.743553 103.554581 123.452370
v 87.644646 103.554581 123.426636
v 86.783730 103.554581 123.241486
v 86.739655 103.554581 123.300232
v 86.355865 103.554581 123.461540
v 87.548576 103.554581 123.385132
v 87.460777 103.554581 123.329071
v 87.379433 103.554581 123.258987
v 86.030945 103.554581 123.373169
v 85.937698 103.554581 123.309166
v 85.851418 103.554581 123.226364
v 92.839043 103.554581 116.500000
v 85.377502 103.554581 123.692307
v 88.845116 108.139023 131.500000
v 88.224640 107.680122 131.500000
v 100.780716 110.590286 131.500000
v 100.839043 111.554581 131.500000
v 90.389046 111.554581 131.500000
v 87.535538 107.332687 131.500000
v 86.797630 107.106705 131.500000
v 86.032150 107.008682 131.500000
v 85.261108 107.041435 131.500000
v 94.753571 103.787048 131.500000
v 95.675880 104.074448 131.500000
v 89.379105 108.696182 131.500000
v 96.556824 104.470932 131.500000
v 89.811256 109.335571 131.500000
v 97.383560 104.970711 131.500000
v 90.129135 110.038795 131.500000
v 98.144020 105.566498 131.500000
v 98.827126 106.249596 131.500000
v 84.506699 107.204025 131.500000
v 83.790619 107.491768 131.500000
v 83.133461 107.896393 131.500000
v 77.874748 103.612907 131.500000
v 82.554146 108.406258 131.500000
v 76.924515 103.787048 131.500000
v 82.069321 109.006699 131.500000
v 76.002205 104.074448 131.500000
v 75.121254 104.470932 131.500000
v 74.294525 104.970711 131.500000
v 81.692955 109.680428 131.500000
v 73.534058 105.566498 131.500000
v 72.850960 106.249596 131.500000
v 81.435860 110.408081 131.500000
v 72.255173 107.010063 131.500000
v 72.255173 116.099098 131.500000
v 71.755394 115.272369 131.500000
v 81.435860 112.701080 131.500000
v 71.358910 114.391418 131.500000
v 81.305435 111.940445 131.500000
v 76.002205 119.034714 131.500000
v 75.121254 118.638229 131.500000
v 82.069321 114.102463 131.500000
v 74.294525 118.138451 131.500000
v 81.692955 113.428734 131.500000
v 73.534058 117.542664 131.500000
v 72.850960 116.859566 131.500000
v 99.422913 107.010063 131.500000
v 99.922691 107.836792 131.500000
v 90.323593 110.785629 131.500000
v 100.319176 108.717743 131.500000
v 100.606575 109.640053 131.500000
v 93.803337 103.612907 131.500000
v 86.032150 116.100479 131.500000
v 86.797630 116.002457 131.500000
v 87.535538 115.776474 131.500000
v 81.305435 111.168716 131.500000
v 71.358910 108.717743 131.500000
v 71.755394 107.836792 131.500000
v 71.071510 113.469109 131.500000
v 70.897369 112.518875 131.500000
v 81.289040 111.554581 131.500000
v 83.133461 115.212769 131.500000
v 82.554146 114.702904 131.500000
v 77.874748 119.496254 131.500000
v 76.924515 119.322113 131.500000
v 83.790619 115.617393 131.500000
v 84.506699 115.905136 131.500000
v 85.261108 116.067726 131.500000
v 70.839043 111.554581 131.500000
v 70.897369 110.590286 131.500000
v 71.071510 109.640053 131.500000
v 99.422913 116.099098 131.500000
v 90.129135 113.070366 131.500000
v 99.922691 115.272369 131.500000
v 90.323593 112.323532 131.500000
v 100.780716 112.518875 131.500000
v 100.606575 113.469109 131.500000
v 100.319176 114.391418 131.500000
v 88.224640 115.429039 131.500000
v 88.845116 114.970139 131.500000
v 93.803337 119.496254 131.500000
v 89.379105 114.412979 131.500000
v 94.753571 119.322113 131.500000
v 89.811256 113.773590 131.500000
v 96.556824 118.638229 131.500000
v 95.675880 119.034714 131.500000
v 98.827126 116.859566 131.500000
v 98.144020 117.542664 131.500000
v 97.383560 118.138451 131.500000
v 84.142548 107.332687 116.500000
v 84.880455 107.106705 116.500000
v 70.897369 110.590286 116.500000
v 70.839043 111.554581 116.500000
v 81.289040 111.554581 116.500000
v 83.453445 107.680122 116.500000
v 82.832970 108.139023 116.500000
v 76.924515 103.787048 116.500000
v 76.002205 104.074448 116.500000
v 82.298981 108.696182 116.500000
v 75.121254 104.470932 116.500000
v 81.866829 109.335571 116.500000
v 74.294525 104.970711 116.500000
v 81.548950 110.038795 116.500000
v 73.534058 105.566498 116.500000
v 72.850960 106.249596 116.500000
v 87.171387 107.204025 116.500000
v 86.416977 107.041435 116.500000
v 85.645935 107.008682 116.500000
v 72.255173 107.010063 116.500000
v 71.755394 107.836792 116.500000
v 81.354492 110.785629 116.500000
v 71.358910 108.717743 116.500000
v 71.071510 109.640053 116.500000
v 93.803337 119.496254 116.500000
v 89.123940 114.702904 116.500000
v 72.255173 116.099098 116.500000
v 81.548950 113.070366 116.500000
v 71.755394 115.272369 116.500000
v 81.354492 112.323532 116.500000
v 77.874748 103.612907 116.500000
v 100.780716 110.590286 116.500000
v 90.372650 111.168716 116.500000
v 100.839043 111.554581 116.500000
v 90.372650 111.940445 116.500000
v 100.780716 112.518875 116.500000
v 89.608765 114.102463 116.500000
v 94.753571 119.322113 116.500000
v 95.675880 119.034714 116.500000
v 84.142548 115.776474 116.500000
v 84.880455 116.002457 116.500000
v 85.645935 116.100479 116.500000
v 86.416977 116.067726 116.500000
v 70.897369 112.518875 116.500000
v 71.071510 113.469109 116.500000
v 71.358910 114.391418 116.500000
v 87.887466 107.491768 116.500000
v 88.544624 107.896393 116.500000
v 93.803337 103.612907 116.500000
v 89.123940 108.406258 116.500000
v 94.753571 103.787048 116.500000
v 89.608765 109.006699 116.500000
v 95.675880 104.074448 116.500000
v 99.922691 107.836792 116.500000
v 90.242226 110.408081 116.500000
v 100.319176 108.717743 116.500000
v 100.606575 109.640053 116.500000
v 88.544624 115.212769 116.500000
v 87.887466 115.617393 116.500000
v 87.171387 115.905136 116.500000
v 83.453445 115.429039 116.500000
v 82.832970 114.970139 116.500000
v 77.874748 119.496254 116.500000
v 82.298981 114.412979 116.500000
v 76.924515 119.322113 116.500000
v 81.866829 113.773590 116.500000
v 75.121254 118.638229 116.500000
v 76.002205 119.034714 116.500000
v 89.985130 109.680428 116.500000
v 97.383560 104.970711 116.500000
v 96.556824 104.470932 116.500000
v 72.850960 116.859566 116.500000
v 73.534058 117.542664 116.500000
v 74.294525 118.138451 116.500000
v 99.422913 107.010063 116.500000
v 98.827126 106.249596 116.500000
v 98.144020 105.566498 116.500000
v 99.422913 116.099098 116.500000
v 99.922691 115.272369 116.500000
v 90.242226 112.701080 116.500000
v 100.319176 114.391418 116.500000
v 100.606575 113.469109 116.500000
v 96.556824 118.638229 116.500000
v 97.383560 118.138451 116.500000
v 89.985130 113.428734 116.500000
v 98.144020 117.542664 116.500000
v 98.827126 116.859566 116.500000
v 82.331642 109.529579 117.000000
v 82.331642 109.529579 131.000000
v 82.483582 109.286682 131.000000
v 82.687996 109.010292 117.000000
v 82.736565 108.951294 131.000000
v 82.736565 108.951294 117.000000
v 82.915123 108.752228 131.000000
v 83.163307 108.514359 117.000000
v 83.235756 108.452103 131.000000
v 83.235756 108.452103 117.000000
v 83.430779 108.298393 131.000000
v 83.715599 108.105888 117.000000
v 83.814041 108.047180 131.000000
v 83.814041 108.047180 117.000000
v 84.015717 107.938232 131.000000
v 84.328972 107.796631 117.000000
v 84.453857 107.748825 131.000000
v 84.453857 107.748825 117.000000
v 84.653107 107.682106 131.000000
v 84.985794 107.595482 117.000000
v 85.135765 107.566109 131.000000
v 85.135765 107.566109 117.000000
v 85.324623 107.537384 131.000000
v 85.667152 107.508232 117.000000
v 85.839043 107.504578 131.000000
v 85.839043 107.504578 117.000000
v 86.010933 107.508232 131.000000
v 86.353462 107.537384 117.000000
v 86.542320 107.566109 131.000000
v 86.542320 107.566109 117.000000
v 86.692291 107.595482 131.000000
v 87.024971 107.682106 117.000000
v 87.224220 107.748825 131.000000
v 87.224220 107.748825 117.000000
v 87.349113 107.796631 131.000000
v 87.662369 107.938232 117.000000
v 87.864044 108.047180 131.000000
v 87.864044 108.047180 117.000000
v 87.962486 108.105888 131.000000
v 88.247307 108.298393 117.000000
v 88.442329 108.452103 131.000000
v 88.442329 108.452103 117.000000
v 88.514778 108.514359 131.000000
v 88.762962 108.752228 117.000000
v 88.941521 108.951294 131.000000
v 88.941521 108.951294 117.000000
v 88.990089 109.010292 131.000000
v 89.194504 109.286682 117.000000
v 89.346443 109.529579 131.000000
v 89.346443 109.529579 117.000000
v 82.033287 110.169395 117.000000
v 82.033287 110.169395 131.000000
v 82.148567 109.886383 131.000000
v 82.303337 109.579414 117.000000
v 81.850571 110.851303 117.000000
v 81.850571 110.851303 131.000000
v 81.919724 110.534073 131.000000
v 82.020386 110.205368 117.000000
v 89.529518 109.886383 117.000000
v 89.374748 109.579414 131.000000
v 89.644798 110.169395 117.000000
v 89.644798 110.169395 131.000000
v 89.758362 110.534073 117.000000
v 89.657700 110.205368 131.000000
v 89.827515 110.851303 117.000000
v 89.827515 110.851303 131.000000
v 89.874451 111.211113 117.000000
v 89.830788 110.870125 131.000000
v 89.889046 111.554581 117.000000
v 89.889046 111.554581 131.000000
v 89.874451 111.898048 117.000000
v 89.830788 112.239037 131.000000
v 89.827515 112.257858 117.000000
v 89.827515 112.257858 131.000000
v 89.758362 112.575089 117.000000
v 89.657700 112.903793 131.000000
v 89.644798 112.939766 117.000000
v 89.644798 112.939766 131.000000
v 89.529518 113.222778 117.000000
v 89.374748 113.529747 131.000000
v 89.346443 113.579582 117.000000
v 89.346443 113.579582 131.000000
v 89.194504 113.822479 117.000000
v 88.990089 114.098869 131.000000
v 88.941521 114.157867 117.000000
v 88.941521 114.157867 131.000000
v 88.762962 114.356934 117.000000
v 88.514778 114.594803 131.000000
v 88.442329 114.657059 117.000000
v 88.442329 114.657059 131.000000
v 88.247307 114.810768 117.000000
v 87.962486 115.003273 131.000000
v 87.864044 115.061981 117.000000
v 87.864044 115.061981 131.000000
v 87.662369 115.170929 117.000000
v 87.349113 115.312531 131.000000
v 87.224220 115.360336 117.000000
v 87.224220 115.360336 131.000000
v 87.024971 115.427055 117.000000
v 86.692291 115.513680 131.000000
v 86.542320 115.543053 117.000000
v 86.542320 115.543053 131.000000
v 86.353462 115.571777 117.000000
v 86.010933 115.600929 131.000000
v 85.839043 115.604584 117.000000
v 85.839043 115.604584 131.000000
v 85.667152 115.600929 117.000000
v 85.324623 115.571777 131.000000
v 85.135765 115.543053 117.000000
v 85.135765 115.543053 131.000000
v 84.985794 115.513680 117.000000
v 84.653107 115.427055 131.000000
v 84.453857 115.360336 117.000000
v 84.453857 115.360336 131.000000
v 84.328972 115.312531 117.000000
v 84.015717 115.170929 131.000000
v 83.814041 115.061981 117.000000
v 83.814041 115.061981 131.000000
v 83.715599 115.003273 117.000000
v 83.430779 114.810768 131.000000
v 83.235756 114.657059 117.000000
v 83.235756 114.657059 131.000000
v 83.163307 114.594803 117.000000
v 82.915123 114.356934 131.000000
v 82.736565 114.157867 117.000000
v 82.736565 114.157867 131.000000
v 82.687996 114.098869 117.000000
v 82.483582 113.822479 131.000000
v 82.331642 113.579582 117.000000
v 82.331642 113.579582 131.000000
v 82.303337 113.529747 117.000000
v 82.148567 113.222778 131.000000
v 82.033287 112.939766 117.000000
v 82.033287 112.939766 131.000000
v 82.020386 112.903793 117.000000
v 81.919724 112.575089 131.000000
v 81.850571 112.257858 117.000000
v 81.850571 112.257858 131.000000
v 81.847298 112.239037 117.000000
v 81.803635 111.898048 131.000000
v 81.789040 111.554581 117.000000
v 81.789040 111.554581 131.000000
v 81.803635 111.211113 131.000000
v 81.847298 110.870125 117.000000
v 89.262115 103.654579 121.500000
v 89.262115 103.654579 123.692307
v 89.531349 103.654579 123.692307
v 89.531349 103.654579 123.311295
v 89.835434 103.654579 123.619591
v 89.772469 103.654579 123.575012
v 89.668396 103.654579 123.480415
v 90.287361 103.654579 123.730766
v 90.142586 103.654579 123.720032
v 90.001816 103.654579 123.688240
v 90.985077 103.654579 123.201324
v 90.923904 103.654579 123.350838
v 90.860001 103.654579 123.457962
v 90.798294 103.654579 123.530952
v 90.729752 103.654579 123.589119
v 90.638222 103.654579 123.645439
v 90.529892 103.654579 123.691612
v 90.418457 103.654579 123.719849
v 91.789162 103.654579 123.730766
v 91.754341 103.654579 123.729309
v 91.623199 103.654579 123.714500
v 91.505219 103.654579 123.680428
v 91.382019 103.654579 123.623116
v 91.291275 103.654579 123.565178
v 91.184898 103.654579 123.473892
v 91.078300 103.654579 123.349442
v 92.531349 103.654579 122.687500
v 92.513344 103.654579 123.020523
v 92.474144 103.654579 123.221077
v 92.433411 103.654579 123.330551
v 92.378548 103.654579 123.429222
v 92.310173 103.654579 123.515228
v 92.225952 103.654579 123.590858
v 92.128891 103.654579 123.651970
v 92.027588 103.654579 123.694763
v 91.923927 103.654579 123.720062
v 92.531349 103.654579 121.500000
v 92.262123 103.654579 121.500000
v 92.262123 103.654579 122.688705
v 91.742287 103.654579 123.461540
v 91.812126 103.654579 123.458084
v 91.894897 103.654579 123.443497
v 91.968582 103.654579 123.418167
v 92.033218 103.654579 123.383881
v 92.091293 103.654579 123.340576
v 92.139969 103.654579 123.291412
v 92.181442 103.654579 123.231789
v 92.212151 103.654579 123.167145
v 92.231796 103.654579 123.097870
v 92.247520 103.654579 123.002327
v 92.258148 103.654579 122.869453
v 91.031349 103.654579 122.352768
v 91.053467 103.654579 122.772369
v 91.087013 103.654579 122.949577
v 91.129501 103.654579 123.064621
v 91.191292 103.654579 123.171280
v 91.264046 103.654579 123.258987
v 91.345390 103.654579 123.329071
v 91.433189 103.654579 123.385132
v 91.529259 103.654579 123.426636
v 91.628166 103.654579 123.452370
v 91.031349 103.654579 121.500000
v 90.762115 103.654579 121.500000
v 90.762115 103.654579 122.614784
v 90.240486 103.654579 123.461540
v 90.294083 103.654579 123.458916
v 90.372452 103.654579 123.447662
v 90.447433 103.654579 123.424210
v 90.513931 103.654579 123.390823
v 90.573326 103.654579 123.348923
v 90.624275 103.654579 123.300232
v 90.668343 103.654579 123.241486
v 90.700127 103.654579 123.179993
v 90.724663 103.654579 123.107254
v 90.743179 103.654579 123.002235
v 90.756721 103.654579 122.844826
v 89.531349 103.654579 122.422478
v 89.551834 103.654579 122.774300
v 89.586304 103.654579 122.947189
v 89.626122 103.654579 123.056259
v 89.667244 103.654579 123.133247
v 89.736038 103.654579 123.226364
v 89.822311 103.654579 123.309166
v 89.915558 103.654579 123.373169
v 90.011711 103.654579 123.419037
v 90.110023 103.654579 123.448463
v 89.531349 103.654579 121.500000
v 85.377502 103.654579 121.500000
v 85.377502 103.654579 123.692307
v 85.646736 103.654579 123.692307
v 85.646736 103.654579 123.311295
v 85.950821 103.654579 123.619591
v 85.887856 103.654579 123.575012
v 85.783783 103.654579 123.480415
v 86.402740 103.654579 123.730766
v 86.257965 103.654579 123.720032
v 86.117195 103.654579 123.688240
v 87.100464 103.654579 123.201324
v 87.039291 103.654579 123.350838
v 86.975388 103.654579 123.457962
v 86.913673 103.654579 123.530952
v 86.845139 103.654579 123.589119
v 86.753609 103.654579 123.645439
v 86.645279 103.654579 123.691612
v 86.533844 103.654579 123.719849
v 87.904549 103.654579 123.730766
v 87.869728 103.654579 123.729309
v 87.738579 103.654579 123.714500
v 87.620598 103.654579 123.680428
v 87.497406 103.654579 123.623116
v 87.406662 103.654579 123.565178
v 87.300285 103.654579 123.473892
v 87.193687 103.654579 123.349442
v 88.646736 103.654579 122.687500
v 88.628731 103.654579 123.020523
v 88.589531 103.654579 123.221077
v 88.548790 103.654579 123.330551
v 88.493927 103.654579 123.429222
v 88.425560 103.654579 123.515228
v 88.341339 103.654579 123.590858
v 88.244270 103.654579 123.651970
v 88.142975 103.654579 123.694763
v 88.039307 103.654579 123.720062
v 88.646736 103.654579 121.500000
v 88.377502 103.654579 121.500000
v 88.377502 103.654579 122.688705
v 87.857674 103.654579 123.461540
v 87.927505 103.654579 123.458084
v 88.010284 103.654579 123.443497
v 88.083969 103.654579 123.418167
v 88.148605 103.654579 123.383881
v 88.206680 103.654579 123.340576
v 88.255356 103.654579 123.291412
v 88.296822 103.654579 123.231789
v 88.327538 103.654579 123.167145
v 88.347176 103.654579 123.097870
v 88.362900 103.654579 123.002327
v 88.373535 103.654579 122.869453
v 87.146736 103.654579 122.352768
v 87.168854 103.654579 122.772369
v 87.202400 103.654579 122.949577
v 87.244888 103.654579 123.064621
v 87.306679 103.654579 123.171280
v 87.379433 103.654579 123.258987
v 87.460777 103.654579 123.329071
v 87.548576 103.654579 123.385132
v 87.644646 103.654579 123.426636
v 87.743553 103.654579 123.452370
v 87.146736 103.654579 121.500000
v 86.877502 103.654579 121.500000
v 86.877502 103.654579 122.614784
v 86.355865 103.654579 123.461540
v 86.409470 103.654579 123.458916
v 86.487839 103.654579 123.447662
v 86.562813 103.654579 123.424210
v 86.629311 103.654579 123.390823
v 86.688713 103.654579 123.348923
v 86.739655 103.654579 123.300232
v 86.783730 103.654579 123.241486
v 86.815514 103.654579 123.179993
v 86.840050 103.654579 123.107254
v 86.858566 103.654579 123.002235
v 86.872108 103.654579 122.844826
v 85.646736 103.654579 122.422478
v 85.667221 103.654579 122.774300
v 85.701691 103.654579 122.947189
v 85.741508 103.654579 123.056259
v 85.782623 103.654579 123.133247
v 85.851418 103.654579 123.226364
v 85.937698 103.654579 123.309166
v 86.030945 103.654579 123.373169
v 86.127098 103.654579 123.419037
v 86.225410 103.654579 123.448463
v 85.646736 103.654579 121.500000
v 83.339043 103.654579 124.192307
v 83.515121 103.654579 124.500000
v 84.069809 103.654579 124.500000
v 84.069809 103.654579 121.500000
v 83.800583 103.654579 121.500000
v 83.800583 103.654579 124.192307
v 82.242889 103.654579 121.961540
v 82.205475 103.654579 121.958580
v 82.168503 103.654579 121.950951
v 82.131599 103.654579 121.936386
v 82.099487 103.654579 121.917084
v 82.065918 103.654579 121.888535
v 82.040627 103.654579 121.859207
v 82.019997 103.654579 121.826317
v 82.005905 103.654579 121.793533
v 81.996925 103.654579 121.757423
v 81.992889 103.654579 121.711540
v 82.492889 103.654579 121.711540
v 82.488777 103.654579 121.757652
v 82.481567 103.654579 121.789688
v 82.469940 103.654579 121.819092
v 82.450943 103.654579 121.851051
v 82.423744 103.654579 121.884537
v 82.418579 103.654579 121.889816
v 82.387291 103.654579 121.916344
v 82.357025 103.654579 121.935120
v 82.322823 103.654579 121.949417
v 82.288773 103.654579 121.957382
v 82.242889 103.654579 121.461540
v 82.288002 103.654579 121.465546
v 82.321098 103.654579 121.473488
v 82.354622 103.654579 121.487396
v 82.389786 103.654579 121.509117
v 82.419563 103.654579 121.534851
v 82.446152 103.654579 121.566437
v 82.468819 103.654579 121.602982
v 82.480743 103.654579 121.631935
v 82.488533 103.654579 121.665047
v 81.995880 103.654579 121.674263
v 82.003769 103.654579 121.637306
v 82.016899 103.654579 121.604149
v 82.039429 103.654579 121.566605
v 82.066238 103.654579 121.534828
v 82.094414 103.654579 121.510262
v 82.129692 103.654579 121.488327
v 82.162148 103.654579 121.474525
v 82.197456 103.654579 121.465576
v 79.454430 103.654579 122.998795
v 79.472588 103.654579 122.591843
v 79.530937 103.654579 122.243912
v 79.603439 103.654579 122.031372
v 79.640251 103.654579 121.953362
v 79.727310 103.654579 121.808662
v 79.817741 103.654579 121.696671
v 79.918633 103.654579 121.605652
v 80.052635 103.654579 121.520164
v 80.170280 103.654579 121.469574
v 80.307503 103.654579 121.434998
v 80.457428 103.654579 121.423080
v 80.457428 103.654579 124.576920
v 80.360260 103.654579 124.572243
v 80.219879 103.654579 124.545395
v 80.092979 103.654579 124.499207
v 79.962364 103.654579 124.425278
v 79.858360 103.654579 124.343185
v 79.760368 103.654579 124.237152
v 79.660782 103.654579 124.088058
v 79.578354 103.654579 123.910080
v 79.512680 103.654579 123.681122
v 79.469772 103.654579 123.378281
v 81.492889 103.654579 122.998795
v 81.491806 103.654579 123.077629
v 81.453514 103.654579 123.541267
v 81.395042 103.654579 123.792786
v 81.306381 103.654579 124.012871
v 81.295303 103.654579 124.034927
v 81.206505 103.654579 124.181282
v 81.112076 103.654579 124.296173
v 80.999870 103.654579 124.396431
v 80.880920 103.654579 124.472710
v 80.745247 103.654579 124.531151
v 80.608849 103.654579 124.565178
v 80.521881 103.654579 121.425011
v 80.660286 103.654579 121.445404
v 80.787285 103.654579 121.484909
v 80.925087 103.654579 121.553551
v 81.043777 103.654579 121.639076
v 81.149956 103.654579 121.744942
v 81.245903 103.654579 121.876556
v 81.358093 103.654579 122.099594
v 81.429138 103.654579 122.332382
v 81.476105 103.654579 122.630943
v 80.263115 103.654579 124.234131
v 80.349838 103.654579 124.257889
v 80.466446 103.654579 124.269234
v 80.516273 103.654579 124.266167
v 80.605782 103.654579 124.252747
v 80.686272 103.654579 124.226753
v 80.787949 103.654579 124.175117
v 80.165520 103.654579 124.188805
v 80.057579 103.654579 124.115906
v 79.984703 103.654579 124.045631
v 79.908737 103.654579 123.944122
v 79.847305 103.654579 123.829552
v 79.816200 103.654579 123.752983
v 79.769127 103.654579 123.578644
v 79.730324 103.654579 123.245995
v 79.723656 103.654579 123.000000
v 79.735931 103.654579 122.673050
v 79.766441 103.654579 122.435242
v 79.811340 103.654579 122.260269
v 79.871223 103.654579 122.120865
v 79.937363 103.654579 122.013336
v 80.010002 103.654579 121.928108
v 80.100357 103.654579 121.852417
v 80.201981 103.654579 121.792610
v 80.297821 103.654579 121.755348
v 80.381439 103.654579 121.737251
v 80.466446 103.654579 121.730766
v 80.580246 103.654579 121.741104
v 80.674042 103.654579 121.767586
v 80.763962 103.654579 121.808044
v 80.855156 103.654579 121.867928
v 80.919327 103.654579 121.924423
v 80.987137 103.654579 122.004837
v 81.050270 103.654579 122.106674
v 81.110077 103.654579 122.245796
v 81.188507 103.654579 122.548607
v 81.221756 103.654579 122.888588
v 81.223656 103.654579 123.000000
v 81.207031 103.654579 123.330902
v 81.165245 103.654579 123.581955
v 81.090569 103.654579 123.807106
v 81.020294 103.654579 123.942421
v 80.950966 103.654579 124.037773
v 80.876938 103.654579 124.111656
v 79.723656 103.554581 123.000000
v 79.730324 103.554581 123.245995
v 79.769127 103.554581 123.578644
v 79.816200 103.554581 123.752983
v 79.847305 103.554581 123.829552
v 79.908737 103.554581 123.944122
v 79.984703 103.554581 124.045631
v 80.057579 103.554581 124.115906
v 80.165520 103.554581 124.188805
v 80.263115 103.554581 124.234131
v 80.349838 103.554581 124.257889
v 80.466446 103.554581 124.269234
v 80.516273 103.554581 124.266167
v 80.605782 103.554581 124.252747
v 80.686272 103.554581 124.226753
v 80.787949 103.554581 124.175117
v 80.876938 103.554581 124.111656
v 80.950966 103.554581 124.037773
v 81.020294 103.554581 123.942421
v 81.090569 103.554581 123.807106
v 81.165245 103.554581 123.581955
v 81.207031 103.554581 123.330902
v 81.223656 103.554581 123.000000
v 81.221756 103.554581 122.888588
v 81.188507 103.554581 122.548607
v 81.110077 103.554581 122.245796
v 81.050270 103.554581 122.106674
v 80.987137 103.554581 122.004837
v 80.919327 103.554581 121.924423
v 80.855156 103.554581 121.867928
v 80.763962 103.554581 121.808044
v 80.674042 103.554581 121.767586
v 80.580246 103.554581 121.741104
v 80.466446 103.554581 121.730766
v 80.381439 103.554581 121.737251
v 80.297821 103.554581 121.755348
v 80.201981 103.554581 121.792610
v 80.100357 103.554581 121.852417
v 80.010002 103.554581 121.928108
v 79.937363 103.554581 122.013336
v 79.871223 103.554581 122.120865
v 79.811340 103.554581 122.260269
v 79.766441 103.554581 122.435242
v 79.735931 103.554581 122.673050
v 92.512123 119.454582 122.998795
v 92.500305 119.454582 122.663391
v 92.445190 119.454582 122.286041
v 92.370499 119.454582 122.050934
v 92.322716 119.454582 121.947250
v 92.238327 119.454582 121.807480
v 92.147865 119.454582 121.695694
v 92.046906 119.454582 121.604874
v 91.913124 119.454582 121.519745
v 91.794441 119.454582 121.468796
v 91.659073 119.454582 121.435013
v 91.509117 119.454582 121.423080
v 91.509117 119.454582 124.576920
v 91.618698 119.454582 124.570847
v 91.746765 119.454582 124.545410
v 91.881592 119.454582 124.495712
v 92.004211 119.454582 124.425385
v 92.109253 119.454582 124.341919
v 92.208778 119.454582 124.233963
v 92.305786 119.454582 124.088028
v 92.388206 119.454582 123.910049
v 92.453865 119.454582 123.681114
v 92.496773 119.454582 123.378258
v 90.574364 119.454582 123.802322
v 90.507889 119.454582 123.508835
v 90.473976 119.454582 123.025078
v 90.473656 119.454582 122.998795
v 90.769852 119.454582 124.194931
v 90.666847 119.454582 124.026451
v 90.870041 119.454582 124.312256
v 90.978615 119.454582 124.405266
v 91.092705 119.454582 124.475876
v 91.225166 119.454582 124.532433
v 91.358971 119.454582 124.564804
v 91.451324 119.454582 121.424637
v 91.311714 119.454582 121.444199
v 91.183372 119.454582 121.483032
v 91.045883 119.454582 121.550514
v 90.915833 119.454582 121.645119
v 90.811401 119.454582 121.751625
v 90.709480 119.454582 121.894569
v 90.605385 119.454582 122.105896
v 90.537361 119.454582 122.330498
v 90.490463 119.454582 122.630699
v 90.865295 119.454582 123.781830
v 91.500099 119.454582 121.730766
v 91.385941 119.454582 121.741081
v 91.296806 119.454582 121.765434
v 91.211945 119.454582 121.803040
v 91.120392 119.454582 121.861084
v 91.045395 119.454582 121.926285
v 90.977272 119.454582 122.007751
v 90.914169 119.454582 122.110718
v 90.856468 119.454582 122.245796
v 90.911720 119.454582 123.881775
v 90.977699 119.454582 123.989662
v 91.049255 119.454582 124.074257
v 91.117996 119.454582 124.134888
v 91.221939 119.454582 124.200066
v 91.312653 119.454582 124.238853
v 91.394165 119.454582 124.259529
v 91.500099 119.454582 124.269234
v 91.614914 119.454582 124.258202
v 91.703796 119.454582 124.234032
v 91.788345 119.454582 124.196350
v 91.878990 119.454582 124.139053
v 91.894066 119.454582 124.127579
v 91.979988 119.454582 124.047234
v 92.050323 119.454582 123.956169
v 92.121758 119.454582 123.823135
v 92.142754 119.454582 123.772392
v 90.801346 119.454582 123.579674
v 90.759254 119.454582 123.328934
v 90.742889 119.454582 123.000000
v 90.744797 119.454582 122.888588
v 90.778038 119.454582 122.548607
v 92.193520 119.454582 123.597572
v 92.235260 119.454582 123.261948
v 92.242889 119.454582 123.000000
v 92.230583 119.454582 122.673225
v 92.200081 119.454582 122.435425
v 92.154694 119.454582 122.259377
v 92.095589 119.454582 122.121994
v 92.031540 119.454582 122.016479
v 91.959511 119.454582 121.931717
v 91.882416 119.454582 121.864716
v 91.781281 119.454582 121.800880
v 91.685211 119.454582 121.760567
v 91.602707 119.454582 121.739838
v 92.242889 119.554581 123.000000
v 92.235260 119.554581 123.261948
v 92.193520 119.554581 123.597572
v 92.142754 119.554581 123.772392
v 92.121758 119.554581 123.823135
v 92.050323 119.554581 123.956169
v 91.979988 119.554581 124.047234
v 91.894066 119.554581 124.127579
v 91.878990 119.554581 124.139053
v 91.788345 119.554581 124.196350
v 91.703796 119.554581 124.234032
v 91.614914 119.554581 124.258202
v 91.500099 119.554581 124.269234
v 91.394165 119.554581 124.259529
v 91.312653 119.554581 124.238853
v 91.221939 119.554581 124.200066
v 91.117996 119.554581 124.134888
v 91.049255 119.554581 124.074257
v 90.977699 119.554581 123.989662
v 90.911720 119.554581 123.881775
v 90.865295 119.554581 123.781830
v 90.801346 119.554581 123.579674
v 90.759254 119.554581 123.328934
v 90.742889 119.554581 123.000000
v 90.744797 119.554581 122.888588
v 90.778038 119.554581 122.548607
v 90.856468 119.554581 122.245796
v 90.914169 119.554581 122.110718
v 90.977272 119.554581 122.007751
v 91.045395 119.554581 121.926285
v 91.120392 119.554581 121.861084
v 91.211945 119.554581 121.803040
v 91.296806 119.554581 121.765434
v 91.385941 119.554581 121.741081
v 91.500099 119.554581 121.730766
v 91.602707 119.554581 121.739838
v 91.685211 119.554581 121.760567
v 91.781281 119.554581 121.800880
v 91.882416 119.554581 121.864716
v 91.959511 119.554581 121.931717
v 92.031540 119.554581 122.016479
v 92.095589 119.554581 122.121994
v 92.154694 119.554581 122.259377
v 92.200081 119.554581 122.435425
v 92.230583 119.554581 122.673225
v 89.723656 119.454582 121.961540
v 89.765892 119.454582 121.957916
v 89.800385 119.454582 121.950417
v 89.831734 119.454582 121.938171
v 89.863968 119.454582 121.919243
v 89.897133 119.454582 121.891991
v 89.901810 119.454582 121.887329
v 89.928856 119.454582 121.855095
v 89.950066 119.454582 121.820396
v 89.961876 119.454582 121.791183
v 89.969528 119.454582 121.757759
v 89.973656 119.454582 121.711540
v 89.473656 119.454582 121.711540
v 89.476212 119.454582 121.746384
v 89.483543 119.454582 121.783630
v 89.496246 119.454582 121.817200
v 89.515144 119.454582 121.850395
v 89.543861 119.454582 121.885658
v 89.547638 119.454582 121.889481
v 89.577888 119.454582 121.915375
v 89.610168 119.454582 121.935280
v 89.643997 119.454582 121.949318
v 89.677803 119.454582 121.957397
v 89.723656 119.454582 121.461540
v 89.682915 119.454582 121.464874
v 89.649529 119.454582 121.472374
v 89.614120 119.454582 121.486465
v 89.582664 119.454582 121.504921
v 89.553032 119.454582 121.529480
v 89.521751 119.454582 121.564629
v 89.500977 119.454582 121.597534
v 89.486809 119.454582 121.630348
v 89.477928 119.454582 121.665398
v 89.968903 119.454582 121.662552
v 89.961014 119.454582 121.630424
v 89.948700 119.454582 121.601173
v 89.928581 119.454582 121.568825
v 89.900040 119.454582 121.535149
v 89.870956 119.454582 121.509537
v 89.837914 119.454582 121.488647
v 89.805016 119.454582 121.474548
v 89.769104 119.454582 121.465599
v 88.589043 119.454582 124.192307
v 88.412964 119.454582 124.500000
v 87.858276 119.454582 124.500000
v 87.858276 119.454582 121.500000
v 88.127502 119.454582 121.500000
v 88.127502 119.454582 124.192307
v 86.550583 119.454582 121.500000
v 86.550583 119.454582 123.692307
v 86.281349 119.454582 123.692307
v 86.281349 119.454582 123.311295
v 85.977264 119.454582 123.619591
v 86.041397 119.454582 123.574074
v 86.144592 119.454582 123.480705
v 85.525337 119.454582 123.730766
v 85.670120 119.454582 123.720032
v 85.810890 119.454582 123.688240
v 84.827621 119.454582 123.201324
v 84.893089 119.454582 123.359276
v 84.955505 119.454582 123.462547
v 85.012299 119.454582 123.529068
v 85.082924 119.454582 123.589096
v 85.171028 119.454582 123.643723
v 85.281738 119.454582 123.691292
v 85.394379 119.454582 123.719879
v 84.023537 119.454582 123.730766
v 84.059341 119.454582 123.729256
v 84.193336 119.454582 123.713745
v 84.314598 119.454582 123.678154
v 84.434967 119.454582 123.621338
v 84.520416 119.454582 123.566498
v 84.624352 119.454582 123.477310
v 84.734253 119.454582 123.349640
v 83.281349 119.454582 122.687500
v 83.295784 119.454582 122.989006
v 83.334312 119.454582 123.206207
v 83.375282 119.454582 123.322105
v 83.432816 119.454582 123.427383
v 83.500648 119.454582 123.513885
v 83.584412 119.454582 123.589668
v 83.677780 119.454582 123.649475
v 83.783478 119.454582 123.694359
v 83.888847 119.454582 123.720047
v 83.281349 119.454582 121.500000
v 83.550583 119.454582 121.500000
v 83.550583 119.454582 122.688705
v 84.070412 119.454582 123.461540
v 84.003708 119.454582 123.458282
v 83.920776 119.454582 123.444275
v 83.845093 119.454582 123.418327
v 83.778587 119.454582 123.383301
v 83.719528 119.454582 123.338943
v 83.671288 119.454582 123.289680
v 83.630653 119.454582 123.231354
v 83.600349 119.454582 123.167221
v 83.580788 119.454582 123.097900
v 83.565201 119.454582 123.002663
v 83.554558 119.454582 122.869682
v 84.781349 119.454582 122.352768
v 84.759773 119.454582 122.767723
v 84.726295 119.454582 122.947357
v 84.684174 119.454582 123.062546
v 84.622650 119.454582 123.169502
v 84.551590 119.454582 123.255959
v 84.471931 119.454582 123.325729
v 84.371201 119.454582 123.388893
v 84.281738 119.454582 123.427376
v 84.188148 119.454582 123.451248
v 84.781349 119.454582 121.500000
v 85.050583 119.454582 121.500000
v 85.050583 119.454582 122.614784
v 85.572212 119.454582 123.461540
v 85.487892 119.454582 123.455956
v 85.409889 119.454582 123.439796
v 85.338448 119.454582 123.412941
v 85.285492 119.454582 123.383522
v 85.225883 119.454582 123.338089
v 85.174057 119.454582 123.283363
v 85.132507 119.454582 123.221161
v 85.106339 119.454582 123.166191
v 85.085487 119.454582 123.096161
v 85.067978 119.454582 122.994400
v 85.055649 119.454582 122.839432
v 86.281349 119.454582 122.422478
v 86.264412 119.454582 122.751617
v 86.226715 119.454582 122.946434
v 86.186584 119.454582 123.056679
v 86.145531 119.454582 123.133095
v 86.076828 119.454582 123.226189
v 85.990578 119.454582 123.309013
v 85.897346 119.454582 123.373055
v 85.801163 119.454582 123.418968
v 85.702835 119.454582 123.448433
v 86.281349 119.454582 121.500000
v 82.665962 119.454582 121.500000
v 82.665962 119.454582 123.692307
v 82.396736 119.454582 123.692307
v 82.396736 119.454582 123.311295
v 82.092651 119.454582 123.619591
v 82.156784 119.454582 123.574074
v 82.259972 119.454582 123.480705
v 81.640724 119.454582 123.730766
v 81.785500 119.454582 123.720032
v 81.926270 119.454582 123.688240
v 80.943008 119.454582 123.201324
v 81.008476 119.454582 123.359276
v 81.070892 119.454582 123.462547
v 81.127686 119.454582 123.529068
v 81.198311 119.454582 123.589096
v 81.286415 119.454582 123.643723
v 81.397125 119.454582 123.691292
v 81.509766 119.454582 123.719879
v 80.138924 119.454582 123.730766
v 80.174728 119.454582 123.729256
v 80.308723 119.454582 123.713745
v 80.429977 119.454582 123.678154
v 80.550346 119.454582 123.621338
v 80.635803 119.454582 123.566498
v 80.739738 119.454582 123.477310
v 80.849632 119.454582 123.349640
v 79.396736 119.454582 122.687500
v 79.411171 119.454582 122.989006
v 79.449692 119.454582 123.206207
v 79.490662 119.454582 123.322105
v 79.548195 119.454582 123.427383
v 79.616035 119.454582 123.513885
v 79.699799 119.454582 123.589668
v 79.793159 119.454582 123.649475
v 79.898865 119.454582 123.694359
v 80.004234 119.454582 123.720047
v 79.396736 119.454582 121.500000
v 79.665962 119.454582 121.500000
v 79.665962 119.454582 122.688705
v 80.185799 119.454582 123.461540
v 80.119087 119.454582 123.458282
v 80.036163 119.454582 123.444275
v 79.960480 119.454582 123.418327
v 79.893974 119.454582 123.383301
v 79.834915 119.454582 123.338943
v 79.786667 119.454582 123.289680
v 79.746040 119.454582 123.231354
v 79.715736 119.454582 123.167221
v 79.696167 119.454582 123.097900
v 79.680580 119.454582 123.002663
v 79.669945 119.454582 122.869682
v 80.896736 119.454582 122.352768
v 80.875153 119.454582 122.767723
v 80.841682 119.454582 122.947357
v 80.799561 119.454582 123.062546
v 80.738037 119.454582 123.169502
v 80.666977 119.454582 123.255959
v 80.587318 119.454582 123.325729
v 80.486588 119.454582 123.388893
v 80.397125 119.454582 123.427376
v 80.303535 119.454582 123.451248
v 80.896736 119.454582 121.500000
v 81.165962 119.454582 121.500000
v 81.165962 119.454582 122.614784
v 81.687599 119.454582 123.461540
v 81.603271 119.454582 123.455956
v 81.525269 119.454582 123.439796
v 81.453835 119.454582 123.412941
v 81.400871 119.454582 123.383522
v 81.341270 119.454582 123.338089
v 81.289444 119.454582 123.283363
v 81.247894 119.454582 123.221161
v 81.221725 119.454582 123.166191
v 81.200874 119.454582 123.096161
v 81.183357 119.454582 122.994400
v 81.171036 119.454582 122.839432
v 82.396736 119.454582 122.422478
v 82.379799 119.454582 122.751617
v 82.342094 119.454582 122.946434
v 82.301971 119.454582 123.056679
v 82.260918 119.454582 123.133095
v 82.192215 119.454582 123.226189
v 82.105957 119.454582 123.309013
v 82.012726 119.454582 123.373055
v 81.916550 119.454582 123.418968
v 81.818222 119.454582 123.448433
v 82.396736 119.454582 121.500000
vn -0.0000 1.0000 -0.0000
vn -0.2726 -0.6594 -0.7006
vn -0.0000 1.0000 0.0001
vn -0.0000 1.0000 -0.0001
vn -0.0000 1.0000 0.0002
vn -0.0000 1.0000 -0.0003
vn -0.0000 1.0000 -0.0002
vn -0.0000 1.0000 -0.0004
vn -0.0000 1.0000 0.0003
vn -0.0000 1.0000 -0.0006
vn -0.0000 1.0000 0.0004
vn -0.0000 1.0000 -0.0005
vn -0.0000 -1.0000 -0.0000
vn 0.7063 0.1118 0.6991
vn -0.0000 1.0000 -0.0020
vn -0.0000 1.0000 0.0023
vn -0.0000 1.0000 -0.0007
vn -0.0000 1.0000 -0.0045
vn -0.0000 1.0000 -0.0008
vn 0.9831 -0.0000 0.1832
vn -0.0000 1.0000 0.0008
vn -0.0000 -1.0000 -0.0001
vn -0.0000 -1.0000 0.0001
vn -0.0000 -1.0000 -0.0004
vn -0.0000 -1.0000 0.0006
vn -0.0000 -1.0000 0.0002
vn -0.0000 -1.0000 -0.0005
vn -0.0000 -1.0000 0.0008
vn -0.0000 -1.0000 -0.0002
vn -0.0000 -1.0000 0.0010
vn -0.0000 -1.0000 0.0003
vn -0.0000 -1.0000 0.0004
vn -0.0000 -1.0000 -0.0007
vn -0.0000 -1.0000 0.0024
vn -0.0000 -1.0000 -0.0074
vn -0.0000 -1.0000 -0.0026
vn -0.0000 -1.0000 0.0059
vn -0.0000 -1.0000 -0.0003
vn -0.0000 -1.0000 -0.0006
vn 0.0363 0.7119 0.7014
vn -0.0000 -0.0000 1.0000
vn -0.0000 -0.9998 -0.0192
vn -0.0000 -1.0000 -0.0008
vn -0.6348 -0.0000 -0.7727
vn -0.0000 -1.0000 0.0049
vn -0.0000 -0.0000 -1.0000
vn -0.6282 0.7780 -0.0000
vn -0.6770 -0.2297 -0.6992
vn -0.8320 -0.5548 -0.0006
vn 0.7983 0.6022 -0.0002
vn -0.7507 -0.6607 -0.0000
vn -0.7022 -0.7120 -0.0004
vn -0.6282 -0.7780 -0.0000
vn 0.5851 0.8109 0.0008
vn -0.5411 -0.8410 0.0003
vn -0.4484 -0.8938 -0.0005
vn 0.4484 0.8938 0.0005
vn 0.2882 -0.9576 0.0005
vn 0.3883 -0.9215 -0.0003
vn -0.1194 -0.9928 -0.0004
vn -0.0531 -0.9986 0.0004
vn 0.0531 -0.9986 -0.0004
vn 0.1194 -0.9928 0.0004
vn -0.2240 -0.9746 0.0004
vn 0.2239 -0.9746 -0.0004
vn -0.3883 -0.9216 0.0003
vn 0.4484 -0.8938 0.0005
vn 0.5411 -0.8410 -0.0003
vn -0.5851 0.8109 -0.0008
vn 0.6282 0.7780 -0.0000
vn 0.7022 0.7120 0.0004
vn 0.7507 -0.6607 -0.0000
vn -0.7983 0.6022 0.0002
vn 0.9148 0.4038 0.0006
vn -0.9148 -0.4038 -0.0006
vn -0.8873 0.4612 0.0002
vn 0.9706 -0.2408 0.0007
vn -0.9536 -0.3010 0.0001
vn -0.8873 -0.4612 0.0002
vn 0.9148 -0.4038 0.0006
vn 0.9536 -0.3010 -0.0001
vn 0.8320 0.5548 0.0006
vn 0.9913 -0.1314 -0.0001
vn 0.9975 -0.0707 0.0007
vn 0.9975 0.0707 0.0007
vn -0.9536 0.3010 0.0001
vn 0.9706 0.2408 0.0007
vn 0.8873 -0.4612 -0.0002
vn -0.9148 0.4038 -0.0006
vn -0.7022 0.7120 -0.0004
vn 0.8320 -0.5548 0.0006
vn -0.7983 -0.6022 0.0002
vn -0.7507 0.6607 -0.0000
vn 0.7022 -0.7120 0.0004
vn 0.6282 -0.7780 -0.0000
vn -0.5851 -0.8109 -0.0008
vn -0.3883 0.9216 0.0003
vn -0.4484 0.8938 -0.0005
vn -0.9913 0.1314 0.0001
vn -0.2882 0.9576 -0.0005
vn -0.5411 0.8410 0.0003
vn -0.1194 0.9928 -0.0004
vn -0.9975 -0.0707 -0.0007
vn 0.0531 0.9986 -0.0004
vn 0.2882 0.9576 0.0005
vn 0.2239 0.9746 -0.0004
vn -0.2240 0.9746 0.0004
vn 0.3883 0.9215 -0.0003
vn 0.1194 0.9928 0.0004
vn 0.5411 0.8410 -0.0003
vn 0.5851 -0.8109 0.0008
vn 0.7507 0.6607 -0.0000
vn -0.0531 0.9986 0.0004
vn 0.7983 -0.6022 -0.0002
vn -0.8320 0.5548 -0.0006
vn 0.8873 0.4612 -0.0002
vn -0.2882 -0.9576 -0.0005
vn 0.9536 0.3010 -0.0001
vn -0.9706 0.2408 -0.0007
vn 0.9913 0.1314 -0.0001
vn -0.9706 -0.2408 -0.0007
vn -0.9975 0.0707 -0.0007
vn -0.9913 -0.1314 0.0001
vn 0.7726 -0.0000 0.6349
vn 0.3814 -0.0000 -0.9244
vn -0.9042 -0.0000 0.4272
vn -0.5354 -0.0000 -0.8446
vn 0.4686 -0.0000 0.8834
vn 0.1878 -0.0000 -0.9822
vn -0.9547 0.2975 -0.0000
vn 0.6926 -0.0000 0.7213
vn 0.9492 -0.0000 0.3148
vn 0.2203 -0.0000 -0.9754
vn -0.2519 -0.0000 0.9678
vn -0.8561 -0.0000 0.5169
vn -0.8043 -0.0000 0.5942
vn 0.0899 -0.0000 -0.9960
vn -0.3891 -0.0000 -0.9212
vn 0.9846 -0.0000 -0.1746
vn -0.9255 -0.0000 -0.3787
vn -0.2456 -0.0000 -0.9694
vn -1.0000 -0.0000 -0.0000
vn -0.0890 -0.0000 0.9960
vn 0.9989 -0.0000 -0.0478
vn -0.9999 -0.0000 -0.0171
vn -0.9547 -0.2975 -0.0000
vn -0.1803 0.9836 -0.0000
vn 0.2460 -0.0000 -0.9693
vn 0.9836 0.1803 -0.0000
vn 0.4406 -0.0000 0.8977
vn -0.9299 -0.0000 -0.3677
vn -0.5240 -0.0000 -0.8517
vn -0.6941 -0.0000 0.7199
vn -0.7637 -0.0000 -0.6456
vn -0.2867 -0.0000 0.9580
vn 0.8558 -0.0000 -0.5172
vn -0.9998 -0.0000 0.0220
vn 0.8463 -0.0000 -0.5327
vn 0.9953 -0.0000 -0.0973
vn -0.9985 -0.0000 -0.0540
vn 1.0000 -0.0000 -0.0000
vn -0.0830 -0.0000 -0.9965
vn 0.4104 -0.9119 -0.0000
vn 0.5381 -0.0000 -0.8429
vn -0.2334 -0.0000 0.9724
vn -0.7071 -0.7071 -0.0000
vn 0.9186 -0.0000 -0.3952
vn 0.5978 -0.0000 0.8017
vn -0.0855 -0.0000 -0.9963
vn 0.9033 -0.0000 0.4291
vn 0.7064 -0.0000 0.7078
vn -0.5312 -0.0000 0.8472
vn -0.9381 -0.0000 0.3465
vn -0.0487 -0.0000 0.9988
vn 0.2437 -0.0000 -0.9698
vn -0.5788 -0.0000 -0.8155
vn -0.3945 -0.0000 0.9189
vn -0.6422 -0.0000 -0.7665
vn -0.8206 -0.0000 0.5716
vn 0.7872 0.6167 -0.0000
vn -0.9825 -0.0000 0.1860
vn 0.1736 -0.0000 0.9848
vn 0.1803 -0.9836 -0.0000
vn 0.9753 -0.0000 -0.2209
vn -0.2816 -0.0000 -0.9595
vn -0.7697 -0.0000 0.6385
vn 0.0489 -0.0000 0.9988
vn -0.9983 -0.0000 0.0581
vn 0.4487 -0.0000 0.8937
vn -0.9879 -0.0000 0.1554
vn 0.9996 -0.0000 0.0291
vn -0.2971 -0.0000 0.9549
vn -0.6561 -0.0000 -0.7547
vn 0.0998 -0.0000 0.9950
vn 0.5779 -0.0000 -0.8161
vn -0.9564 -0.0000 0.2919
vn 0.9465 -0.0000 0.3228
vn -0.5659 -0.0000 0.8245
vn -0.9394 -0.0000 0.3429
vn -0.5846 -0.0000 0.8113
vn 0.1567 -0.6958 0.7010
vn 0.2985 -0.0000 0.9544
vn -0.5382 -0.0000 0.8428
vn 0.9990 -0.0000 0.0446
vn 0.8884 -0.0000 0.4592
vn 0.3948 -0.0000 -0.9188
vn -0.8653 -0.0000 0.5013
vn -0.9933 -0.0000 0.1159
vn 0.9603 -0.0000 0.2789
vn 0.4926 -0.0000 -0.8703
vn -0.6924 -0.0000 0.7215
vn -0.9901 -0.0000 -0.1403
vn 0.1421 -0.0000 0.9898
vn 0.2775 -0.0000 -0.9607
vn 0.3074 -0.0000 0.9516
vn 0.9547 0.2975 -0.0000
vn -0.4052 -0.0000 -0.9142
vn -0.2371 -0.0000 -0.9715
vn 0.7999 -0.0000 0.6001
vn -0.9953 -0.0000 -0.0973
vn -0.7671 -0.0000 -0.6415
vn 0.4104 0.9119 -0.0000
vn -0.0553 -0.0000 -0.9985
vn -0.7661 -0.0000 -0.6428
vn 0.6476 -0.0000 -0.7620
vn 0.5342 -0.0000 0.8453
vn 0.1803 0.9836 -0.0000
vn -0.6471 -0.0000 -0.7624
vn -0.9836 0.1803 -0.0000
vn -0.0761 -0.0000 -0.9971
vn 0.9997 -0.0000 0.0234
vn -0.9372 -0.0000 -0.3488
vn 0.3909 -0.0000 -0.9204
vn 0.6709 -0.0000 -0.7416
vn 0.9244 -0.0000 -0.3814
vn -0.3243 -0.0000 0.9459
vn -0.3931 -0.0000 0.9195
vn -0.3956 -0.0000 -0.9184
vn 0.0494 -0.0000 0.9988
vn 0.7914 -0.0000 0.6113
vn -0.9534 -0.0000 0.3016
vn -0.6681 -0.0000 -0.7440
vn -0.7579 -0.0000 -0.6524
vn 0.7595 -0.0000 -0.6505
vn -0.9074 -0.0000 -0.4202
vn -0.1666 -0.0000 0.9860
vn 0.8548 -0.0000 -0.5189
vn 0.6910 -0.0000 0.7229
vn 0.9181 -0.0000 0.3964
vn 0.2368 -0.0000 -0.9716
vn -0.8315 -0.0000 0.5555
vn 0.4071 -0.0000 0.9134
vn 0.2472 -0.0000 0.9690
vn 0.5883 -0.0000 0.8087
vn 0.1122 -0.0000 -0.9937
vn 0.7780 -0.0000 0.6282
vn -0.8491 -0.0000 0.5282
vn -0.8526 -0.0000 -0.5225
vn 0.6589 -0.0000 0.7523
vn 0.0957 -0.0000 0.9954
vn -0.7781 -0.0000 -0.6282
vn 0.0828 -0.0000 -0.9966
vn -0.2029 -0.0000 0.9792
vn -0.4855 -0.0000 0.8742
vn 0.9848 -0.0000 0.1736
vn 0.9963 -0.0000 0.0857
vn -0.6470 -0.0000 -0.7625
vn -0.5597 -0.0000 0.8287
vn -0.9029 -0.0000 0.4298
vn -0.0884 -0.0000 0.9961
vn 0.8809 -0.0000 0.4732
vn 0.3420 -0.0000 -0.9397
vn 0.7106 -0.0000 0.7035
vn 0.2324 -0.0000 -0.9726
vn -0.0913 -0.0000 0.9958
vn -0.9986 -0.0000 0.0526
vn -0.9814 -0.0000 -0.1918
vn -0.2277 -0.0000 -0.9737
vn 0.0739 -0.0000 -0.9973
vn -0.4660 -0.0000 0.8848
vn -0.0800 -0.0000 0.9968
vn -0.6688 -0.0000 0.7434
vn -0.5328 -0.0000 -0.8462
vn 0.9683 -0.0000 -0.2496
vn 0.9705 -0.0000 -0.2413
vn -0.7261 -0.0000 0.6875
vn 0.5173 0.8558 -0.0000
vn 0.9976 -0.0000 -0.0699
vn 0.0804 -0.0000 -0.9968
vn -0.6466 -0.0000 -0.7628
vn -0.6528 -0.0000 0.7576
vn 0.7573 -0.0000 -0.6531
vn -0.9372 -0.0000 -0.3487
vn 0.9968 -0.0000 0.0798
vn 0.0880 -0.0000 -0.9961
vn 0.3950 -0.0000 0.9187
vn -0.7650 -0.0000 0.6440
vn 0.9968 -0.0000 0.0797
vn -0.8588 -0.0000 -0.5123
vn 0.9880 -0.0000 0.1543
vn -0.9531 -0.0000 0.3028
vn -0.8080 -0.0000 0.5891
vn 0.6381 -0.0000 0.7700
vn -0.0000 -1.0000 0.0005
vn -0.0000 -1.0000 0.0011
vn -0.0000 -1.0000 -0.0010
vn -0.8821 -0.0000 0.4710
vn 0.9621 -0.0000 0.2727
vn 0.7071 0.7071 -0.0000
vn 0.5313 -0.0000 0.8472
vn 0.9297 -0.0000 0.3682
vn -0.8740 -0.0000 -0.4859
vn 0.6608 -0.0000 -0.7506
vn 0.9032 -0.0000 0.4292
vn -0.9988 -0.0000 0.0497
vn -0.8596 -0.0000 -0.5110
vn 0.5394 -0.0000 -0.8420
vn 0.0788 -0.0000 -0.9969
vn -0.9956 -0.0000 0.0933
vn -0.9969 -0.0000 0.0793
vn -0.7061 -0.0000 0.7081
vn 0.8775 -0.0000 -0.4795
vn -0.8328 -0.0000 -0.5536
vn 0.9818 -0.0000 0.1900
vn -0.9999 -0.0000 -0.0137
vn 0.3251 -0.0000 0.9457
vn 0.4528 -0.0000 0.8916
vn 0.5662 -0.0000 0.8243
vn 0.5489 -0.0000 -0.8359
vn -0.5173 -0.8558 -0.0000
vn 0.8875 -0.0000 0.4609
vn -0.3966 -0.0000 0.9180
vn 0.4103 -0.0000 -0.9120
vn 0.9999 -0.0000 -0.0122
vn 0.9392 -0.0000 0.3434
vn 0.6506 -0.0000 -0.7594
vn 0.6059 -0.0000 0.7955
vn 0.5378 -0.0000 0.8431
vn -0.6859 -0.1794 0.7053
vn 0.5109 0.4938 -0.7037
vn -0.4199 0.5738 0.7032
vn -0.5870 -0.3995 0.7042
vn -0.7058 0.0601 0.7058
vn 0.6281 0.3410 0.6994
vn 0.2038 -0.6822 -0.7022
vn 0.9864 -0.0000 0.1642
vn -0.8550 -0.0000 -0.5187
vn -0.4459 -0.0000 0.8951
vn 0.6572 -0.0000 0.7537
vn 0.8575 -0.0000 0.5145
vn 0.0480 -0.0000 -0.9988
vn -0.2420 -0.0000 -0.9703
vn 0.7869 -0.0000 -0.6170
vn 0.7605 -0.0000 -0.6493
vn -0.0739 -0.0000 -0.9973
vn -0.7828 -0.0000 -0.6223
vn 0.9919 -0.0000 -0.1272
vn -0.9584 -0.0000 0.2854
vn 0.9867 -0.0000 0.1624
vn -0.3814 -0.0000 -0.9244
vn 0.9992 -0.0000 -0.0404
vn 0.0871 -0.0000 0.9962
vn -0.0792 -0.0000 -0.9969
vn -0.9960 -0.0000 -0.0888
vn -0.9712 -0.0000 0.2384
vn 0.1121 -0.0000 -0.9937
vn -0.9188 -0.0000 -0.3947
vn -0.0969 -0.0000 0.9953
vn -0.7872 0.6167 -0.0000
vn -0.4213 -0.0000 0.9069
vn 0.9987 -0.0000 0.0502
vn 0.9999 -0.0000 -0.0170
vn -0.8821 -0.0000 0.4711
vn 0.0793 -0.0000 -0.9968
vn 0.7645 -0.0000 -0.6446
vn 0.9901 -0.0000 -0.1403
vn 0.9694 -0.0000 0.2456
vn -0.8936 -0.0000 -0.4490
vn 0.2717 -0.0000 -0.9624
vn -0.6610 -0.0000 0.7504
vn 0.9187 -0.0000 -0.3949
vn -0.9836 -0.1803 -0.0000
vn -0.0000 -1.0000 0.0007
vn -0.0000 -1.0000 -0.0011
vn 0.2444 -0.0000 0.9697
vn -0.7762 -0.0000 -0.6305
vn -0.1457 -0.0000 0.9893
vn 0.9998 -0.0000 0.0220
vn 0.4307 -0.0000 0.9025
vn 0.9836 -0.1803 -0.0000
vn -0.9265 -0.0000 0.3764
vn -0.5064 -0.0000 -0.8623
vn 0.6726 -0.0000 -0.7400
vn -0.3857 -0.0000 -0.9226
vn 0.0269 -0.0000 0.9996
vn 0.5060 -0.0000 0.8625
vn 0.9957 -0.0000 0.0922
vn 0.7107 -0.0000 -0.7035
vn -0.9686 -0.0000 -0.2486
vn 0.9240 -0.0000 0.3823
vn -0.4269 -0.0000 -0.9043
vn 0.5764 -0.0000 0.8171
vn 0.8668 -0.0000 0.4986
vn -0.9869 -0.0000 0.1615
vn -0.7635 -0.0000 0.6458
vn 0.8705 0.0778 -0.4859
vn 0.8532 -0.0000 -0.5216
vn 0.8293 -0.0000 -0.5588
vn -0.0421 -0.0000 -0.9991
vn -0.6167 0.7872 -0.0000
vn 0.6479 -0.0000 -0.7617
vn 0.6512 -0.0000 -0.7589
vn 0.9962 -0.0000 -0.0876
vn 0.4308 -0.0000 0.9024
vn -0.9855 -0.0000 0.1696
vn -0.9807 -0.0000 0.1955
vn 0.3927 -0.0000 -0.9197
vn -0.8933 -0.0000 0.4494
vn 0.5270 -0.0000 -0.8499
vn -0.6167 -0.7872 -0.0000
vn -0.9612 -0.0000 -0.2757
vn -0.8558 0.5173 -0.0000
vn 0.6459 0.2936 -0.7047
vn -0.7151 0.0094 -0.6989
vn -0.4778 -0.5308 -0.7000
vn 0.7068 0.0300 0.7068
vn -0.8463 -0.0000 -0.5328
vn 0.2351 -0.0000 -0.9720
vn 0.9812 -0.0000 -0.1932
vn -0.9082 -0.0000 0.4185
vn -0.6221 -0.0000 -0.7829
vn -0.7071 0.7071 -0.0000
vn 0.7621 -0.0000 -0.6475
vn -0.9992 -0.0000 -0.0404
vn 0.1388 -0.0000 0.9903
vn -0.5369 -0.0000 0.8437
vn 0.9621 -0.0000 0.2728
vn -0.8518 -0.0000 -0.5239
vn -0.3459 -0.0000 -0.9383
vn 0.3951 -0.0000 0.9186
vn -0.6512 -0.0000 -0.7589
vn 0.8210 -0.0000 0.5710
vn 0.9998 -0.0000 0.0219
vn -0.3921 -0.0000 -0.9199
vn -0.9862 -0.0000 0.1656
vn 0.9475 -0.0000 0.3196
vn 0.3671 -0.0000 -0.9302
vn 0.8088 -0.0000 0.5880
vn 0.3833 -0.0000 -0.9236
vn -0.7144 -0.0000 0.6998
vn -0.8498 -0.0000 0.5271
vn 0.6830 -0.0000 0.7305
vn -0.5328 -0.0000 -0.8463
vn -0.2116 -0.0000 -0.9774
vn -0.0773 -0.0000 -0.9970
vn -0.7782 -0.0000 -0.6281
vn 0.9571 -0.0000 0.2899
vn -0.8813 -0.0000 0.4725
vn 0.9238 -0.0000 -0.3829
vn -0.5072 -0.0000 -0.8618
vn 0.8971 -0.0000 0.4419
vn -0.9960 -0.0000 -0.0889
vn -0.9748 -0.0000 -0.2232
vn -0.0299 -0.0000 0.9996
vn -0.2421 -0.0000 0.9702
vn -0.9217 -0.0000 0.3880
vn -0.8533 -0.0000 -0.5214
vn -0.2203 -0.0000 -0.9754
vn -0.8679 -0.0000 -0.4967
vn 0.9993 -0.0000 -0.0376
vn 0.3913 -0.0000 0.9203
vn -0.7061 -0.0000 -0.7081
vn 0.8472 -0.0000 -0.5313
vn 0.5806 -0.0000 0.8142
vn 0.7140 -0.0000 0.7001
vn 0.9924 -0.0000 0.1234
vn -0.8558 -0.5173 -0.0000
vn 0.5338 -0.0000 -0.8456
vn 0.2021 -0.0000 -0.9794
vn 0.9982 -0.0604 -0.0000
vn -0.0900 -0.0000 -0.9959
vn -0.7352 -0.0000 -0.6778
vn 0.0419 -0.0000 -0.9991
vn -0.0000 1.0000 0.0012
vn -0.0000 1.0000 -0.0043
vn -0.0000 1.0000 0.0016
vn -0.9953 -0.0000 0.0966
vn -0.9654 -0.0000 0.2607
vn 0.9353 -0.0000 -0.3539
vn 0.6196 -0.0000 -0.7850
vn -0.9756 -0.0000 -0.2195
vn -0.9247 -0.0000 0.3808
vn 0.5248 -0.0000 -0.8512
vn -0.2417 -0.0000 0.9704
vn -0.8205 -0.0000 0.5716
vn -0.3941 -0.0000 0.9191
vn -0.9996 -0.0000 0.0271
vn -0.7725 -0.0000 -0.6350
vn -0.9196 -0.0000 -0.3928
vn 0.9973 -0.0000 -0.0731
vn -0.9990 -0.0000 0.0456
vn 0.3869 -0.0000 -0.9221
vn -0.5256 -0.0000 0.8507
vn 0.7471 -0.0000 0.6648
vn -0.7629 -0.0000 0.6466
vn -0.4306 -0.0000 0.9025
vn -0.1803 -0.9836 -0.0000
vn -0.8531 -0.0000 0.5217
vn -0.5401 -0.0000 -0.8416
vn 0.6559 -0.0000 -0.7548
vn -0.9271 -0.0000 -0.3748
vn -0.1150 -0.0000 -0.9934
vn -0.3519 -0.0000 0.9360
vn -0.9895 -0.0000 0.1445
vn 0.9044 -0.0000 0.4268
vn -0.5343 -0.0000 0.8453
vn 0.2191 -0.0000 0.9757
vn 0.8455 -0.0000 0.5339
vn 0.6699 -0.0000 0.7425
vn 0.2458 -0.0000 0.9693
vn -0.9069 -0.0000 0.4213
vn -0.6005 -0.0000 0.7996
vn -0.7151 -0.0000 -0.6990
vn 0.5152 -0.0000 -0.8571
vn -0.9994 -0.0000 0.0352
vn -0.5272 -0.0000 -0.8497
vn -0.9968 -0.0000 0.0798
vn -0.1948 -0.0000 -0.9808
vn 0.0884 -0.0000 0.9961
vn -0.9119 -0.4104 -0.0000
vn 0.2624 -0.0000 0.9650
vn 0.5280 -0.0000 0.8492
vn -0.2975 0.9547 -0.0000
vn 0.7769 -0.0000 -0.6296
vn -0.4975 -0.0000 -0.8675
vn -0.6538 -0.0000 0.7566
vn -0.3831 -0.0000 0.9237
vn 0.2871 -0.0000 0.9579
vn -0.9624 -0.0000 0.2716
vn 0.8558 -0.5173 -0.0000
vn -0.0793 -0.0000 0.9969
vn -0.2635 -0.0000 -0.9647
vn -0.6062 -0.0000 0.7953
vn -0.0660 -0.0000 0.9978
vn -0.9919 -0.0000 -0.1273
vn -0.9997 -0.0000 0.0225
vn 0.7643 -0.0000 0.6449
vn 0.2896 -0.0000 0.9571
vn 0.7755 -0.0000 -0.6314
vn 0.5173 -0.8558 -0.0000
vn 0.9397 -0.0000 0.3421
vn -0.0997 -0.0000 0.9950
vn -0.2975 -0.9547 -0.0000
vn 0.0792 -0.0000 0.9969
vn 0.3165 0.6373 -0.7027
vn 0.0905 -0.0000 -0.9959
vn 0.8679 -0.0000 -0.4967
vn 0.9846 -0.0000 -0.1747
vn 0.8810 -0.0000 0.4731
vn 0.9968 -0.0000 0.0800
vn -0.2642 -0.0000 0.9645
vn -0.0903 -0.0000 -0.9959
vn 0.5763 -0.0000 0.8172
vn 0.9862 -0.0000 0.1654
vn 0.9428 -0.0000 -0.3333
vn -0.0604 -0.9982 -0.0000
vn 0.4219 -0.0000 -0.9067
vn -0.9734 -0.0000 0.2290
vn -0.9681 -0.0000 -0.2507
vn 0.3698 -0.0000 0.9291
vn -0.2459 -0.0000 0.9693
vn 0.8569 -0.0000 0.5155
vn 0.2975 -0.9547 -0.0000
vn -0.2124 -0.0000 -0.9772
vn 0.9987 -0.0000 0.0514
vn -0.6709 -0.0000 -0.7415
vn 0.0615 -0.0000 0.9981
vn 0.9612 -0.0000 -0.2757
vn -0.9966 -0.0000 -0.0823
vn -0.6709 -0.0000 -0.7416
vn 0.7868 -0.0000 -0.6172
vn 0.8046 -0.0000 0.5938
vn 0.0817 -0.0000 0.9967
vn 0.9074 -0.0000 -0.4203
vn -0.5173 0.8558 -0.0000
vn -0.9740 -0.0000 -0.2264
vn 0.5393 -0.0000 -0.8421
vn -0.6663 -0.0000 -0.7457
vn -0.7611 -0.0000 -0.6487
vn 0.9986 -0.0000 0.0519
vn 0.8691 -0.0000 -0.4947
vn -0.9968 -0.0000 0.0797
vn -0.8006 -0.0000 0.5992
vn 0.9982 0.0604 -0.0000
vn -0.7144 -0.0000 0.6997
vn 0.4218 -0.0000 -0.9067
vn 0.8209 -0.0000 0.5710
vn 0.6504 -0.0000 -0.7596
vn 0.8316 -0.0000 -0.5554
vn -0.9624 -0.0000 0.2717
vn -0.9969 -0.0000 0.0792
vn 0.7872 -0.6167 -0.0000
vn 0.8499 -0.0000 -0.5269
vn -0.3638 -0.0000 -0.9315
vn 0.7605 -0.0000 -0.6494
vn 0.5262 -0.0000 -0.8504
vn 0.9397 -0.0000 0.3420
vn 0.0850 -0.7073 -0.7018
vn 0.3807 -0.6039 0.7003
vn -0.0000 1.0000 0.0005
vn 0.6655 0.2388 -0.7071
vn 0.6459 -0.2936 -0.7047
vn 0.6148 0.3492 -0.7071
vn 0.5459 0.4495 -0.7071
vn -0.5109 0.4938 0.7037
vn 0.4609 0.5363 -0.7071
vn 0.3621 0.6074 -0.7071
vn -0.3165 0.6373 0.7027
vn 0.2528 0.6604 -0.7071
vn -0.2038 0.6822 0.7022
vn 0.1359 0.6940 -0.7070
vn -0.0850 0.7073 0.7018
vn 0.0150 0.7070 -0.7070
vn 0.0363 -0.7119 0.7014
vn -0.1064 0.6991 -0.7070
vn -0.2245 0.6706 -0.7070
vn 0.2726 0.6594 0.7006
vn -0.3361 0.6223 -0.7070
vn 0.3807 0.6039 0.7003
vn -0.4378 0.5555 -0.7069
vn 0.4778 0.5308 0.7000
vn -0.5265 0.4723 -0.7069
vn -0.5611 -0.4423 -0.6997
vn -0.5997 0.3751 -0.7069
vn -0.6281 -0.3410 -0.6995
vn -0.6551 0.2668 -0.7069
vn -0.6912 0.1507 -0.7068
vn -0.7068 -0.0300 -0.7068
vn 0.7063 -0.1118 0.6991
vn -0.6912 -0.1507 -0.7068
vn 0.6770 -0.2297 0.6992
vn -0.6551 -0.2668 -0.7068
vn 0.6281 -0.3410 0.6995
vn -0.5997 -0.3751 -0.7069
vn 0.5611 -0.4423 0.6997
vn -0.5265 -0.4723 -0.7069
vn -0.4778 0.5308 -0.7000
vn -0.4378 -0.5555 -0.7069
vn -0.3807 0.6039 -0.7003
vn -0.3361 -0.6222 -0.7070
vn -0.2726 0.6594 -0.7006
vn -0.2245 -0.6706 -0.7070
vn -0.1567 0.6957 -0.7010
vn -0.1064 -0.6991 -0.7070
vn -0.0363 0.7119 -0.7014
vn 0.0150 -0.7070 -0.7070
vn -0.0850 -0.7073 0.7018
vn 0.1359 -0.6940 -0.7070
vn 0.2038 0.6822 -0.7022
vn 0.2528 -0.6604 -0.7070
vn -0.3165 -0.6373 0.7027
vn 0.3621 -0.6074 -0.7071
vn 0.4199 0.5738 -0.7032
vn 0.4609 -0.5363 -0.7071
vn -0.5109 -0.4938 0.7037
vn 0.5459 -0.4495 -0.7071
vn 0.5870 0.3995 -0.7042
vn 0.6149 -0.3493 -0.7070
vn -0.6459 -0.2936 0.7047
vn 0.6656 -0.2388 -0.7071
vn -0.6859 0.1794 0.7053
vn 0.6967 -0.1214 -0.7070
vn -0.7058 -0.0601 0.7058
vn 0.6965 0.1214 -0.7072
vn 0.6859 0.1794 -0.7053
vn -0.6655 0.2388 0.7071
vn -0.6148 0.3492 0.7072
vn 0.5870 -0.3995 -0.7042
vn -0.5459 0.4495 0.7071
vn 0.5109 -0.4938 -0.7037
vn -0.4609 0.5363 0.7071
vn -0.4199 -0.5738 0.7032
vn -0.3621 0.6074 0.7071
vn 0.3165 -0.6373 -0.7027
vn -0.2528 0.6604 0.7071
vn -0.2038 -0.6822 0.7022
vn -0.1359 0.6940 0.7070
vn -0.0149 0.7070 0.7070
vn -0.0363 -0.7119 -0.7014
vn 0.1063 0.6991 0.7070
vn -0.1567 -0.6958 -0.7010
vn 0.2245 0.6706 0.7070
vn 0.2726 -0.6594 0.7006
vn 0.3361 0.6223 0.7070
vn 0.4378 0.5555 0.7069
vn 0.4778 -0.5308 0.7000
vn 0.5265 0.4723 0.7069
vn -0.5611 0.4423 -0.6997
vn 0.5997 0.3751 0.7069
vn -0.6281 0.3410 -0.6994
vn 0.6550 0.2668 0.7069
vn -0.6770 0.2297 -0.6992
vn 0.6912 0.1507 0.7068
vn -0.7063 -0.1118 -0.6991
vn 0.7068 -0.0300 0.7068
vn -0.7063 0.1118 -0.6991
vn 0.6912 -0.1507 0.7068
vn 0.6770 0.2297 0.6992
vn 0.6551 -0.2669 0.7069
vn 0.5997 -0.3751 0.7069
vn 0.5265 -0.4723 0.7069
vn 0.5611 0.4423 0.6997
vn 0.4378 -0.5555 0.7069
vn -0.3807 -0.6039 -0.7003
vn 0.3361 -0.6222 0.7070
vn 0.2245 -0.6706 0.7070
vn 0.1567 0.6958 0.7010
vn 0.1063 -0.6991 0.7070
vn -0.0149 -0.7070 0.7070
vn 0.0850 0.7073 -0.7018
vn -0.1359 -0.6940 0.7070
vn -0.2528 -0.6604 0.7071
vn -0.3621 -0.6074 0.7071
vn 0.4199 -0.5738 -0.7032
vn -0.4609 -0.5363 0.7071
vn -0.5459 -0.4495 0.7071
vn -0.5870 0.3995 0.7042
vn -0.6148 -0.3493 0.7071
vn -0.6459 0.2936 0.7047
vn -0.6656 -0.2388 0.7071
vn 0.6859 -0.1794 -0.7053
vn -0.6967 -0.1214 0.7070
vn 0.7058 0.0601 -0.7058
vn 0.7058 -0.0601 -0.7058
vn -0.6965 0.1214 0.7072
vn 0.0604 -0.9982 -0.0000
vn 0.1483 -0.0000 0.9889
vn 0.6167 0.7872 -0.0000
vn 0.7344 -0.0000 -0.6787
vn -0.9997 -0.0000 0.0226
vn -0.9982 -0.0604 -0.0000
vn 0.7071 -0.7071 -0.0000
vn 0.9780 -0.0000 0.2087
vn -0.4104 -0.9119 -0.0000
vn 0.9119 -0.4104 -0.0000
vn 0.9547 -0.2975 -0.0000
vn 0.0604 0.9982 -0.0000
vn -0.6615 -0.0000 0.7499
vn -0.5398 -0.0000 -0.8418
vn -0.4104 0.9119 -0.0000
vn 0.6167 -0.7872 -0.0000
vn 0.2975 0.9547 -0.0000
vn 0.9681 -0.0000 -0.2507
vn 0.8558 0.5173 -0.0000
vn -0.9276 -0.0000 -0.3737
vn -0.9119 0.4104 -0.0000
vn -0.7774 -0.0000 0.6291
vn -0.0604 0.9982 -0.0000
vn 0.9987 -0.0000 0.0519
vn -0.9993 -0.0000 -0.0375
vn 0.8142 -0.0000 0.5805
vn -0.9982 0.0604 -0.0000
vn -0.3623 -0.0000 -0.9320
vn 0.9990 -0.0000 0.0456
vn 0.9119 0.4104 -0.0000
vn -0.7872 -0.6167 -0.0000
vt 0.000000 0.000000
vt 0.075914 0.601819
vt 0.066964 0.547961
vt 0.385685 0.458696
vt 0.389747 0.503113
vt 0.860669 0.849808
vt 0.833233 0.872961
vt 0.637129 0.603078
vt 0.650587 0.565741
vt 0.620499 0.236715
vt 0.601175 0.209918
vt 0.744884 -0.030991
vt 0.992217 0.379854
vt 0.994033 0.436164
vt 0.668582 0.436164
vt 0.579714 0.189629
vt 0.556732 0.176433
vt 0.435843 -0.030991
vt 0.532892 0.170709
vt 0.508879 0.172622
vt 0.804509 -0.017416
vt 0.833233 -0.000633
vt 0.637129 0.269250
vt 0.650587 0.306586
vt 0.860669 0.022519
vt 0.886417 0.051704
vt 0.660487 0.347651
vt 0.910100 0.086494
vt 0.931375 0.126383
vt 0.485384 0.182116
vt 0.463083 0.198919
vt 0.308873 -0.030991
vt 0.442617 0.222547
vt 0.278841 -0.027584
vt 0.424575 0.252320
vt 0.249248 -0.017416
vt 0.220523 -0.000633
vt 0.409476 0.287382
vt 0.193087 0.022519
vt 0.167340 0.051704
vt 0.143656 0.086494
vt 0.397754 0.326724
vt 0.122382 0.126383
vt 0.103827 0.701538
vt 0.088262 0.653262
vt 0.220523 0.872961
vt 0.193087 0.849808
vt 0.409476 0.584945
vt 0.167340 0.820624
vt 0.122382 0.745945
vt 0.949930 0.170789
vt 0.965495 0.219066
vt 0.986793 0.324366
vt 0.774916 -0.027584
vt 0.532892 0.701618
vt 0.556732 0.695894
vt 0.569402 0.903319
vt 0.579714 0.682698
vt 0.744884 0.903319
vt 0.389747 0.369215
vt 0.075914 0.270509
vt 0.088262 0.219066
vt 0.103827 0.170789
vt 0.061540 0.492473
vt 0.442617 0.649781
vt 0.308873 0.903319
vt 0.424575 0.620008
vt 0.278841 0.899912
vt 0.249248 0.889743
vt 0.463083 0.673408
vt 0.485384 0.690211
vt 0.508879 0.699706
vt 0.059724 0.436164
vt 0.385175 0.436164
vt 0.385685 0.413632
vt 0.061540 0.379854
vt 0.066964 0.324366
vt 0.949930 0.701538
vt 0.660487 0.524677
vt 0.965495 0.653262
vt 0.992217 0.492473
vt 0.666544 0.481066
vt 0.986793 0.547961
vt 0.977842 0.601819
vt 0.601175 0.662410
vt 0.620499 0.635613
vt 0.774916 0.899912
vt 0.804509 0.889743
vt 0.931375 0.745945
vt 0.910100 0.785834
vt 0.886417 0.820624
vt 0.977842 0.270509
vt 0.666544 0.391261
vt 0.143656 0.785834
vt 0.397754 0.545603
s 0
usemtl 材质.001
f 1/1/1 2/1/1 3/1/1
f 4/1/1 5/1/1 6/1/1
f 6/1/1 7/1/1 4/1/1
f 4/1/1 7/1/1 8/1/1
f 4/1/1 8/1/1 9/1/1
f 4/1/1 10/1/1 11/1/1
f 9/1/1 12/1/1 4/1/1
f 4/1/1 12/1/1 13/1/1
f 4/1/1 13/1/1 10/1/1
f 11/1/1 14/1/1 4/1/1
f 821/1/2 823/1/2 699/1/2 698/1/2
f 16/1/1 15/1/1 17/1/1
f 16/1/1 17/1/1 18/1/1
f 18/1/1 17/1/1 19/1/1
f 18/1/1 19/1/1 20/1/1
f 21/1/3 22/1/3 20/1/3
f 20/1/1 22/1/1 23/1/1
f 20/1/1 23/1/1 18/1/1
f 14/1/1 24/1/1 15/1/1
f 15/1/4 24/1/4 25/1/4
f 3/1/1 26/1/1 1/1/1
f 1/1/1 26/1/1 27/1/1
f 1/1/1 27/1/1 28/1/1
f 29/1/1 30/1/1 22/1/1
f 22/1/1 30/1/1 31/1/1
f 22/1/3 31/1/3 32/1/3
f 33/1/1 22/1/1 34/1/1
f 34/1/1 22/1/1 35/1/1
f 36/1/1 37/1/1 22/1/1
f 38/1/1 39/1/1 4/1/1
f 1/1/5 40/1/5 41/1/5
f 42/1/1 21/1/1 43/1/1
f 43/1/1 21/1/1 1/1/1
f 43/1/1 1/1/1 44/1/1
f 45/1/1 46/1/1 47/1/1
f 37/1/1 48/1/1 22/1/1
f 22/1/1 48/1/1 49/1/1
f 22/1/1 49/1/1 50/1/1
f 39/1/1 51/1/1 4/1/1
f 4/1/1 51/1/1 52/1/1
f 4/1/1 52/1/1 5/1/1
f 53/1/6 54/1/6 1/1/6
f 1/1/3 54/1/3 55/1/3
f 1/1/7 55/1/7 40/1/7
f 42/1/1 56/1/1 21/1/1
f 21/1/8 56/1/8 57/1/8
f 21/1/9 57/1/9 58/1/9
f 58/1/10 59/1/10 21/1/10
f 21/1/11 59/1/11 60/1/11
f 21/1/8 60/1/8 61/1/8
f 33/1/3 62/1/3 22/1/3
f 22/1/1 62/1/1 63/1/1
f 22/1/1 63/1/1 64/1/1
f 41/1/1 65/1/1 1/1/1
f 1/1/12 65/1/12 66/1/12
f 1/1/4 66/1/4 44/1/4
f 67/1/8 68/1/8 22/1/8
f 22/1/5 68/1/5 69/1/5
f 22/1/7 69/1/7 29/1/7
f 32/1/6 70/1/6 22/1/6
f 22/1/3 70/1/3 71/1/3
f 22/1/4 71/1/4 72/1/4
f 72/1/1 73/1/1 22/1/1
f 22/1/3 73/1/3 74/1/3
f 22/1/3 74/1/3 35/1/3
f 1240/1/1 1241/1/1 1290/1/1 1289/1/1
f 64/1/1 76/1/1 22/1/1
f 22/1/1 76/1/1 77/1/1
f 22/1/1 77/1/1 36/1/1
f 50/1/1 78/1/1 22/1/1
f 22/1/1 78/1/1 79/1/1
f 22/1/1 79/1/1 80/1/1
f 61/1/1 81/1/1 21/1/1
f 21/1/1 81/1/1 82/1/1
f 21/1/1 82/1/1 22/1/1
f 22/1/3 82/1/3 83/1/3
f 22/1/11 83/1/11 67/1/11
f 962/1/13 963/1/13 1041/1/13 1042/1/13
f 782/1/14 869/1/14 606/1/14 583/1/14
f 35/1/1 86/1/1 34/1/1
f 53/1/1 1/1/1 87/1/1
f 87/1/1 1/1/1 28/1/1
f 87/1/1 28/1/1 88/1/1
f 88/1/4 28/1/4 89/1/4
f 88/1/9 89/1/9 90/1/9
f 90/1/1 89/1/1 91/1/1
f 90/1/6 91/1/6 92/1/6
f 92/1/9 91/1/9 93/1/9
f 92/1/1 93/1/1 94/1/1
f 80/1/1 95/1/1 22/1/1
f 22/1/1 95/1/1 96/1/1
f 22/1/1 96/1/1 4/1/1
f 4/1/1 96/1/1 97/1/1
f 4/1/1 97/1/1 38/1/1
f 75/1/1 98/1/1 99/1/1
f 75/1/1 99/1/1 94/1/1
f 94/1/4 99/1/4 100/1/4
f 94/1/4 100/1/4 92/1/4
f 101/1/1 102/1/1 103/1/1
f 104/1/1 105/1/1 23/1/1
f 106/1/5 107/1/5 103/1/5
f 106/1/1 103/1/1 108/1/1
f 107/1/7 109/1/7 103/1/7
f 103/1/3 109/1/3 110/1/3
f 103/1/4 110/1/4 111/1/4
f 111/1/1 112/1/1 103/1/1
f 103/1/1 112/1/1 113/1/1
f 103/1/1 113/1/1 114/1/1
f 115/1/1 116/1/1 23/1/1
f 117/1/1 118/1/1 102/1/1
f 102/1/3 118/1/3 119/1/3
f 102/1/7 119/1/7 120/1/7
f 121/1/1 23/1/1 122/1/1
f 122/1/1 23/1/1 105/1/1
f 145/1/1 115/1/1 146/1/1 144/1/1
f 143/1/1 145/1/1 144/1/1 142/1/1
f 127/1/1 128/1/1 101/1/1
f 128/1/6 129/1/6 101/1/6
f 101/1/1 129/1/1 130/1/1
f 101/1/1 130/1/1 131/1/1
f 131/1/5 132/1/5 101/1/5
f 101/1/4 132/1/4 133/1/4
f 101/1/1 133/1/1 134/1/1
f 135/1/1 136/1/1 137/1/1
f 137/1/3 136/1/3 138/1/3
f 137/1/1 138/1/1 139/1/1
f 114/1/1 140/1/1 103/1/1
f 103/1/1 140/1/1 104/1/1
f 103/1/1 104/1/1 141/1/1
f 141/1/1 104/1/1 23/1/1
f 1142/1/13 1143/1/13 1124/1/13 1125/1/13
f 422/1/13 471/1/13 470/1/13 469/1/13
f 147/1/5 148/1/5 149/1/5
f 149/1/4 148/1/4 150/1/4
f 149/1/1 150/1/1 138/1/1
f 138/1/1 150/1/1 151/1/1
f 138/1/4 151/1/4 139/1/4
f 135/1/1 152/1/1 103/1/1
f 103/1/12 152/1/12 153/1/12
f 103/1/3 153/1/3 108/1/3
f 154/1/3 23/1/3 155/1/3
f 155/1/1 23/1/1 121/1/1
f 399/1/13 419/1/13 400/1/13 398/1/13
f 185/1/1 192/1/1 191/1/1 186/1/1
f 158/1/4 159/1/4 160/1/4
f 146/1/1 115/1/1 23/1/1
f 146/1/1 23/1/1 161/1/1
f 161/1/1 23/1/1 154/1/1
f 161/1/1 154/1/1 162/1/1
f 162/1/1 154/1/1 101/1/1
f 162/1/4 101/1/4 163/1/4
f 163/1/3 101/1/3 134/1/3
f 164/1/1 165/1/1 135/1/1
f 135/1/3 165/1/3 166/1/3
f 135/1/4 166/1/4 136/1/4
f 120/1/1 167/1/1 102/1/1
f 102/1/12 167/1/12 168/1/12
f 102/1/1 168/1/1 103/1/1
f 103/1/4 168/1/4 169/1/4
f 103/1/3 169/1/3 135/1/3
f 135/1/15 169/1/15 170/1/15
f 135/1/4 170/1/4 164/1/4
f 171/1/1 172/1/1 173/1/1
f 173/1/1 172/1/1 174/1/1
f 173/1/1 174/1/1 175/1/1
f 175/1/3 174/1/3 176/1/3
f 177/1/1 178/1/1 179/1/1
f 179/1/4 178/1/4 180/1/4
f 179/1/16 180/1/16 181/1/16
f 181/1/3 180/1/3 172/1/3
f 181/1/17 172/1/17 182/1/17
f 182/1/12 172/1/12 171/1/12
f 183/1/1 18/1/1 184/1/1
f 184/1/1 18/1/1 179/1/1
f 185/1/1 186/1/1 187/1/1
f 126/1/1 188/1/1 125/1/1
f 125/1/1 188/1/1 189/1/1
f 125/1/3 189/1/3 190/1/3
f 988/1/13 989/1/13 1002/1/13 1003/1/13
f 501/1/13 502/1/13 468/1/13 500/1/13
f 116/1/1 193/1/1 23/1/1
f 23/1/1 193/1/1 194/1/1
f 23/1/1 194/1/1 18/1/1
f 18/1/1 194/1/1 195/1/1
f 18/1/4 195/1/4 196/1/4
f 197/1/1 125/1/1 198/1/1
f 198/1/1 125/1/1 199/1/1
f 197/1/1 200/1/1 125/1/1
f 125/1/3 200/1/3 201/1/3
f 125/1/4 201/1/4 202/1/4
f 125/1/5 203/1/5 204/1/5
f 142/1/5 205/1/5 143/1/5
f 143/1/1 205/1/1 206/1/1
f 143/1/1 206/1/1 207/1/1
f 196/1/1 208/1/1 209/1/1
f 190/1/1 210/1/1 125/1/1
f 125/1/1 210/1/1 211/1/1
f 125/1/1 211/1/1 199/1/1
f 202/1/1 212/1/1 125/1/1
f 125/1/1 212/1/1 213/1/1
f 125/1/1 213/1/1 203/1/1
f 158/1/1 214/1/1 215/1/1
f 216/1/1 217/1/1 218/1/1
f 219/1/1 143/1/1 220/1/1
f 220/1/1 143/1/1 221/1/1
f 219/1/1 222/1/1 143/1/1
f 143/1/5 222/1/5 223/1/5
f 143/1/7 223/1/7 224/1/7
f 143/1/5 225/1/5 226/1/5
f 209/1/1 227/1/1 196/1/1
f 196/1/7 227/1/7 228/1/7
f 196/1/3 228/1/3 229/1/3
f 229/1/1 230/1/1 196/1/1
f 196/1/18 230/1/18 231/1/18
f 196/1/1 231/1/1 18/1/1
f 18/1/5 231/1/5 232/1/5
f 18/1/4 232/1/4 179/1/4
f 179/1/4 232/1/4 233/1/4
f 179/1/3 233/1/3 177/1/3
f 160/1/1 234/1/1 158/1/1
f 158/1/4 234/1/4 235/1/4
f 158/1/1 235/1/1 236/1/1
f 215/1/7 237/1/7 158/1/7
f 158/1/1 237/1/1 238/1/1
f 158/1/1 238/1/1 239/1/1
f 239/1/1 238/1/1 240/1/1
f 207/1/1 241/1/1 143/1/1
f 143/1/3 241/1/3 242/1/3
f 143/1/3 242/1/3 221/1/3
f 224/1/5 243/1/5 143/1/5
f 143/1/7 243/1/7 244/1/7
f 143/1/1 244/1/1 225/1/1
f 185/1/5 245/1/5 246/1/5
f 247/1/1 248/1/1 249/1/1
f 204/1/7 250/1/7 125/1/7
f 125/1/4 250/1/4 251/1/4
f 125/1/1 251/1/1 252/1/1
f 252/1/11 251/1/11 253/1/11
f 236/1/9 254/1/9 158/1/9
f 158/1/7 254/1/7 255/1/7
f 158/1/3 255/1/3 214/1/3
f 240/1/1 238/1/1 218/1/1
f 218/1/8 238/1/8 256/1/8
f 218/1/5 256/1/5 216/1/5
f 217/1/1 257/1/1 218/1/1
f 218/1/1 257/1/1 258/1/1
f 218/1/19 258/1/19 259/1/19
f 187/1/1 260/1/1 185/1/1
f 185/1/4 260/1/4 261/1/4
f 185/1/1 261/1/1 262/1/1
f 246/1/1 263/1/1 185/1/1
f 185/1/1 263/1/1 264/1/1
f 185/1/1 264/1/1 265/1/1
f 265/1/1 264/1/1 266/1/1
f 226/1/7 267/1/7 143/1/7
f 143/1/4 267/1/4 268/1/4
f 143/1/1 268/1/1 269/1/1
f 269/1/11 268/1/11 270/1/11
f 262/1/9 271/1/9 185/1/9
f 185/1/7 271/1/7 272/1/7
f 185/1/1 272/1/1 245/1/1
f 266/1/1 264/1/1 249/1/1
f 249/1/4 264/1/4 273/1/4
f 249/1/5 273/1/5 247/1/5
f 248/1/1 274/1/1 249/1/1
f 249/1/1 274/1/1 275/1/1
f 249/1/1 275/1/1 276/1/1
f 252/1/20 1547/1/20 1546/1/20 125/1/20
f 103/1/1 18/1/1 101/1/1
f 101/1/5 18/1/5 183/1/5
f 101/1/21 183/1/21 127/1/21
f 278/1/13 279/1/13 280/1/13
f 281/1/22 282/1/22 283/1/22
f 280/1/13 279/1/13 283/1/13
f 283/1/13 279/1/13 284/1/13
f 283/1/13 284/1/13 281/1/13
f 285/1/13 286/1/13 283/1/13
f 1299/1/1 1300/1/1 1268/1/1 1251/1/1
f 288/1/23 287/1/23 289/1/23
f 290/1/13 291/1/13 280/1/13
f 290/1/13 280/1/13 292/1/13
f 293/1/24 294/1/24 285/1/24
f 295/1/25 296/1/25 297/1/25
f 298/1/13 299/1/13 300/1/13
f 291/1/13 301/1/13 280/1/13
f 280/1/26 301/1/26 302/1/26
f 280/1/27 302/1/27 278/1/27
f 289/1/13 303/1/13 288/1/13
f 288/1/13 303/1/13 304/1/13
f 288/1/13 304/1/13 305/1/13
f 300/1/13 306/1/13 298/1/13
f 298/1/13 306/1/13 307/1/13
f 298/1/13 307/1/13 308/1/13
f 309/1/28 310/1/28 280/1/28
f 310/1/13 311/1/13 280/1/13
f 280/1/23 311/1/23 312/1/23
f 280/1/29 312/1/29 292/1/29
f 313/1/13 314/1/13 315/1/13
f 316/1/13 317/1/13 313/1/13
f 313/1/13 317/1/13 318/1/13
f 313/1/13 318/1/13 319/1/13
f 282/1/13 320/1/13 283/1/13
f 283/1/13 320/1/13 321/1/13
f 283/1/13 321/1/13 285/1/13
f 285/1/30 321/1/30 322/1/30
f 285/1/26 322/1/26 323/1/26
f 305/1/13 324/1/13 288/1/13
f 288/1/13 324/1/13 325/1/13
f 288/1/13 325/1/13 326/1/13
f 313/1/13 327/1/13 328/1/13
f 315/1/13 329/1/13 313/1/13
f 313/1/13 329/1/13 330/1/13
f 313/1/13 330/1/13 316/1/13
f 1511/1/1 1501/1/1 1558/1/1 1559/1/1
f 331/1/13 332/1/13 333/1/13
f 323/1/13 334/1/13 285/1/13
f 285/1/31 334/1/31 335/1/31
f 285/1/22 335/1/22 293/1/22
f 1254/1/1 1255/1/1 1282/1/1 1281/1/1
f 1113/1/13 1114/1/13 1151/1/13 1150/1/13
f 338/1/13 339/1/13 340/1/13
f 340/1/13 339/1/13 341/1/13
f 340/1/24 341/1/24 294/1/24
f 294/1/23 341/1/23 342/1/23
f 294/1/13 342/1/13 285/1/13
f 308/1/13 343/1/13 298/1/13
f 298/1/13 343/1/13 344/1/13
f 298/1/13 344/1/13 345/1/13
f 346/1/13 347/1/13 313/1/13
f 313/1/13 347/1/13 348/1/13
f 313/1/13 348/1/13 327/1/13
f 328/1/13 349/1/13 313/1/13
f 313/1/13 349/1/13 350/1/13
f 313/1/13 350/1/13 314/1/13
f 332/1/13 351/1/13 333/1/13
f 333/1/23 351/1/23 352/1/23
f 333/1/13 352/1/13 353/1/13
f 353/1/23 352/1/23 354/1/23
f 353/1/13 354/1/13 355/1/13
f 326/1/13 356/1/13 288/1/13
f 288/1/13 356/1/13 357/1/13
f 288/1/13 357/1/13 358/1/13
f 319/1/22 359/1/22 313/1/22
f 313/1/13 359/1/13 360/1/13
f 313/1/32 360/1/32 361/1/32
f 362/1/13 363/1/13 354/1/13
f 354/1/22 363/1/22 364/1/22
f 354/1/13 364/1/13 355/1/13
f 361/1/13 363/1/13 313/1/13
f 313/1/13 363/1/13 362/1/13
f 965/1/13 966/1/13 1022/1/13 1023/1/13
f 298/1/13 365/1/13 299/1/13
f 358/1/13 366/1/13 288/1/13
f 288/1/13 366/1/13 367/1/13
f 288/1/13 367/1/13 313/1/13
f 313/1/13 367/1/13 368/1/13
f 313/1/13 368/1/13 346/1/13
f 369/1/13 370/1/13 280/1/13
f 345/1/13 309/1/13 298/1/13
f 298/1/13 309/1/13 280/1/13
f 298/1/13 280/1/13 371/1/13
f 1244/1/1 1245/1/1 1294/1/1 1293/1/1
f 371/1/13 373/1/13 298/1/13
f 298/1/13 373/1/13 374/1/13
f 298/1/13 374/1/13 375/1/13
f 376/1/13 377/1/13 378/1/13
f 379/1/13 380/1/13 375/1/13
f 381/1/13 382/1/13 383/1/13
f 383/1/23 382/1/23 384/1/23
f 385/1/22 386/1/22 375/1/22
f 376/1/13 375/1/13 387/1/13
f 387/1/13 375/1/13 388/1/13
f 389/1/13 390/1/13 375/1/13
f 375/1/13 390/1/13 391/1/13
f 375/1/13 391/1/13 388/1/13
f 379/1/13 375/1/13 392/1/13
f 393/1/33 394/1/33 395/1/33
f 1437/1/1 1438/1/1 1451/1/1 1452/1/1
f 192/1/1 193/1/1 116/1/1 191/1/1
f 380/1/13 401/1/13 375/1/13
f 375/1/13 401/1/13 402/1/13
f 375/1/13 402/1/13 403/1/13
f 388/1/29 404/1/29 387/1/29
f 387/1/13 404/1/13 405/1/13
f 387/1/13 405/1/13 406/1/13
f 406/1/34 405/1/34 407/1/34
f 406/1/22 407/1/22 408/1/22
f 375/1/13 409/1/13 410/1/13
f 375/1/22 411/1/22 412/1/22
f 413/1/13 414/1/13 375/1/13
f 375/1/13 414/1/13 415/1/13
f 375/1/13 415/1/13 416/1/13
f 375/1/13 417/1/13 418/1/13
f 419/1/13 406/1/13 393/1/13
f 408/1/13 420/1/13 406/1/13
f 406/1/13 420/1/13 421/1/13
f 406/1/13 421/1/13 393/1/13
f 393/1/35 421/1/35 422/1/35
f 386/1/13 423/1/13 375/1/13
f 375/1/23 423/1/23 424/1/23
f 375/1/13 424/1/13 409/1/13
f 425/1/29 426/1/29 375/1/29
f 375/1/13 426/1/13 427/1/13
f 375/1/22 427/1/22 389/1/22
f 378/1/13 428/1/13 376/1/13
f 376/1/23 428/1/23 429/1/23
f 376/1/13 429/1/13 375/1/13
f 375/1/13 429/1/13 430/1/13
f 375/1/13 430/1/13 413/1/13
f 431/1/13 432/1/13 375/1/13
f 375/1/13 432/1/13 433/1/13
f 375/1/13 433/1/13 392/1/13
f 403/1/13 434/1/13 375/1/13
f 375/1/13 434/1/13 435/1/13
f 375/1/13 435/1/13 393/1/13
f 393/1/13 435/1/13 436/1/13
f 393/1/13 436/1/13 394/1/13
f 400/1/36 419/1/36 393/1/36
f 400/1/37 393/1/37 437/1/37
f 437/1/38 393/1/38 395/1/38
f 105/1/1 124/1/1 123/1/1 122/1/1
f 1550/1/1 1551/1/1 1518/1/1 1519/1/1
f 440/1/23 441/1/23 442/1/23
f 397/1/23 443/1/23 444/1/23
f 397/1/13 445/1/13 446/1/13
f 446/1/13 445/1/13 447/1/13
f 410/1/13 448/1/13 375/1/13
f 375/1/13 448/1/13 449/1/13
f 375/1/13 449/1/13 411/1/13
f 450/1/13 412/1/13 451/1/13
f 451/1/13 412/1/13 452/1/13
f 451/1/23 452/1/23 453/1/23
f 453/1/13 452/1/13 454/1/13
f 450/1/13 455/1/13 412/1/13
f 412/1/39 455/1/39 456/1/39
f 412/1/13 456/1/13 375/1/13
f 375/1/13 456/1/13 457/1/13
f 375/1/13 457/1/13 425/1/13
f 416/1/13 458/1/13 375/1/13
f 375/1/13 458/1/13 459/1/13
f 375/1/13 459/1/13 417/1/13
f 460/1/13 418/1/13 461/1/13
f 461/1/13 418/1/13 462/1/13
f 461/1/23 462/1/23 463/1/23
f 463/1/13 462/1/13 464/1/13
f 460/1/13 465/1/13 418/1/13
f 418/1/26 465/1/26 466/1/26
f 418/1/13 466/1/13 375/1/13
f 375/1/13 466/1/13 467/1/13
f 375/1/13 467/1/13 431/1/13
f 468/1/13 393/1/13 469/1/13
f 469/1/13 393/1/13 422/1/13
f 1523/1/1 1524/1/1 1539/1/1 1540/1/1
f 751/1/40 749/1/40 560/1/40 559/1/40
f 472/1/13 473/1/13 474/1/13
f 396/1/13 475/1/13 397/1/13
f 397/1/13 475/1/13 476/1/13
f 397/1/22 476/1/22 477/1/22
f 442/1/13 478/1/13 440/1/13
f 440/1/13 478/1/13 479/1/13
f 440/1/13 479/1/13 480/1/13
f 480/1/13 481/1/13 440/1/13
f 440/1/13 481/1/13 482/1/13
f 440/1/22 482/1/22 483/1/22
f 484/1/13 485/1/13 486/1/13
f 444/1/13 487/1/13 397/1/13
f 397/1/23 487/1/23 488/1/23
f 397/1/22 488/1/22 445/1/22
f 489/1/32 490/1/32 491/1/32
f 483/1/13 492/1/13 440/1/13
f 440/1/13 492/1/13 493/1/13
f 440/1/22 493/1/22 494/1/22
f 494/1/13 495/1/13 440/1/13
f 440/1/23 495/1/23 496/1/23
f 440/1/13 496/1/13 497/1/13
f 397/1/13 399/1/13 398/1/13 396/1/13
f 588/2/41 609/3/41 589/4/41 587/5/41
f 468/1/13 502/1/13 393/1/13
f 393/1/42 502/1/42 503/1/42
f 499/1/13 504/1/13 505/1/13
f 499/1/13 506/1/13 507/1/13
f 507/1/13 506/1/13 508/1/13
f 477/1/13 509/1/13 397/1/13
f 397/1/13 509/1/13 510/1/13
f 397/1/22 510/1/22 443/1/22
f 447/1/13 445/1/13 491/1/13
f 491/1/13 445/1/13 511/1/13
f 491/1/22 511/1/22 489/1/22
f 497/1/13 512/1/13 440/1/13
f 440/1/23 512/1/23 513/1/23
f 440/1/13 513/1/13 486/1/13
f 486/1/13 513/1/13 514/1/13
f 486/1/13 514/1/13 484/1/13
f 498/1/13 515/1/13 499/1/13
f 499/1/13 515/1/13 516/1/13
f 499/1/22 516/1/22 517/1/22
f 474/1/13 518/1/13 472/1/13
f 472/1/23 518/1/23 519/1/23
f 472/1/13 519/1/13 520/1/13
f 520/1/13 521/1/13 472/1/13
f 472/1/13 521/1/13 522/1/13
f 472/1/22 522/1/22 523/1/22
f 524/1/13 525/1/13 526/1/13
f 490/1/13 527/1/13 491/1/13
f 491/1/38 527/1/38 528/1/38
f 491/1/28 528/1/28 529/1/28
f 505/1/26 530/1/26 499/1/26
f 499/1/13 530/1/13 531/1/13
f 499/1/22 531/1/22 506/1/22
f 532/1/32 533/1/32 534/1/32
f 523/1/13 535/1/13 472/1/13
f 472/1/13 535/1/13 536/1/13
f 472/1/29 536/1/29 537/1/29
f 537/1/13 538/1/13 472/1/13
f 472/1/23 538/1/23 539/1/23
f 472/1/13 539/1/13 540/1/13
f 517/1/13 541/1/13 499/1/13
f 499/1/13 541/1/13 542/1/13
f 499/1/13 542/1/13 504/1/13
f 508/1/13 506/1/13 534/1/13
f 534/1/32 506/1/32 543/1/32
f 534/1/22 543/1/22 532/1/22
f 540/1/13 544/1/13 472/1/13
f 472/1/23 544/1/23 545/1/23
f 472/1/13 545/1/13 526/1/13
f 526/1/13 545/1/13 546/1/13
f 526/1/13 546/1/13 524/1/13
f 533/1/13 547/1/13 534/1/13
f 534/1/31 547/1/31 548/1/31
f 534/1/43 548/1/43 549/1/43
f 100/1/44 1364/1/44 1363/1/44 92/1/44
f 280/1/39 393/1/39 369/1/39
f 369/1/45 393/1/45 503/1/45
f 635/6/41 636/7/41 632/8/41 634/9/41
f 374/1/13 551/1/13 375/1/13
f 375/1/13 551/1/13 383/1/13
f 375/1/13 383/1/13 385/1/13
f 385/1/13 383/1/13 384/1/13
f 552/10/41 553/11/41 375/12/41
f 554/13/41 555/14/41 556/15/41
f 553/11/41 557/16/41 375/12/41
f 375/12/41 557/16/41 558/17/41
f 375/12/41 558/17/41 298/18/41
f 298/18/41 558/17/41 559/19/41
f 298/18/41 559/19/41 560/20/41
f 561/21/41 562/22/41 563/23/41
f 706/1/46 707/1/46 703/1/46 705/1/46
f 565/24/41 564/25/41 566/26/41
f 652/1/46 654/1/46 653/1/46 651/1/46
f 567/27/41 568/28/41 569/29/41
f 560/20/41 570/30/41 298/18/41
f 298/18/41 570/30/41 571/31/41
f 298/18/41 571/31/41 313/32/41
f 313/32/41 571/31/41 572/33/41
f 313/32/41 572/33/41 573/34/41
f 573/34/41 572/33/41 574/35/41
f 573/34/41 574/35/41 575/36/41
f 337/1/13 339/1/13 338/1/13 336/1/13
f 577/37/41 576/38/41 578/39/41
f 578/39/41 576/38/41 579/40/41
f 1114/1/13 1092/1/13 1152/1/13 1151/1/13
f 581/41/41 580/42/41 582/43/41
f 715/1/46 708/1/46 694/1/46 714/1/46
f 585/44/41 586/45/41 587/5/41
f 587/5/41 586/45/41 588/2/41
f 672/1/46 696/1/46 695/1/46 694/1/46
f 590/46/41 591/47/41 592/48/41
f 592/48/41 591/47/41 593/49/41
f 580/42/41 581/41/41 579/40/41 576/38/41
f 725/1/46 726/1/46 719/1/46 724/1/46
f 587/5/41 596/50/41 585/44/41
f 569/29/41 597/51/41 567/27/41
f 567/27/41 597/51/41 598/52/41
f 905/1/13 906/1/13 912/1/13 913/1/13
f 977/1/13 978/1/13 1018/1/13 997/1/13
f 556/15/41 601/53/41 554/13/41
f 288/1/46 670/1/46 649/1/46 646/1/46
f 563/23/41 602/54/41 561/21/41
f 603/55/41 604/56/41 16/57/41
f 16/57/41 604/56/41 605/58/41
f 16/57/41 605/58/41 4/59/41
f 972/1/13 973/1/13 1026/1/13 1027/1/13
f 583/60/41 607/61/41 608/62/41
f 583/60/41 608/62/41 584/63/41
f 589/4/41 609/3/41 610/64/41
f 767/1/47 769/1/47 768/1/47 766/1/47
f 612/65/41 277/66/41 613/67/41
f 613/67/41 277/66/41 614/68/41
f 1135/1/13 1172/1/13 1171/1/13 1134/1/13
f 592/48/41 615/69/41 590/46/41
f 612/65/41 616/70/41 277/66/41
f 277/66/41 616/70/41 617/71/41
f 277/66/41 617/71/41 16/57/41
f 16/57/41 617/71/41 618/72/41
f 16/57/41 618/72/41 603/55/41
f 610/64/41 619/73/41 611/74/41 589/4/41
f 606/75/41 620/76/41 621/77/41
f 622/78/41 623/79/41 624/80/41
f 669/1/46 685/1/46 668/1/46 667/1/46
f 555/14/41 626/81/41 556/15/41
f 1098/1/13 1099/1/13 1159/1/13 1158/1/13
f 625/82/41 627/83/41 628/84/41
f 605/58/41 629/85/41 4/59/41
f 4/59/41 629/85/41 630/86/41
f 4/59/41 630/86/41 631/87/41
f 1012/1/13 1013/1/13 983/1/13 968/1/13
f 564/25/41 565/24/41 563/23/41 562/22/41
f 632/8/41 636/7/41 633/88/41
f 622/78/41 637/89/41 623/79/41
f 1241/1/1 1242/1/1 1291/1/1 1290/1/1
f 634/9/41 638/90/41 639/91/41
f 634/9/41 639/91/41 635/6/41
f 283/1/46 640/1/46 641/1/46
f 642/1/46 643/1/46 644/1/46
f 640/1/46 283/1/46 645/1/46
f 645/1/46 283/1/46 288/1/46
f 645/1/46 288/1/46 646/1/46
f 647/1/46 648/1/46 649/1/46
f 801/1/48 803/1/48 724/1/48 719/1/48
f 651/1/46 650/1/46 652/1/46
f 1298/1/5 1299/1/5 1251/1/5 1250/1/5
f 653/1/46 654/1/46 655/1/46
f 656/1/46 550/1/46 657/1/46
f 657/1/46 550/1/46 283/1/46
f 657/1/46 283/1/46 658/1/46
f 658/1/46 283/1/46 641/1/46
f 655/1/46 659/1/46 653/1/46
f 653/1/46 659/1/46 660/1/46
f 598/52/41 600/92/41 599/93/41 567/27/41
f 600/92/41 601/53/41 556/15/41 599/93/41
f 644/1/46 663/1/46 642/1/46
f 22/1/46 664/1/46 665/1/46
f 666/1/46 667/1/46 668/1/46
f 660/1/46 662/1/46 661/1/46 653/1/46
f 287/1/13 288/1/13 283/1/13 286/1/13
f 649/1/46 670/1/46 647/1/46
f 671/1/46 672/1/46 673/1/46
f 620/76/41 606/75/41 611/74/41 619/73/41
f 614/68/41 615/69/41 592/48/41 613/67/41
f 676/1/46 677/1/46 678/1/46
f 679/1/46 141/1/46 680/1/46
f 680/1/46 141/1/46 23/1/46
f 680/1/46 23/1/46 681/1/46
f 681/1/46 23/1/46 682/1/46
f 643/1/46 683/1/46 644/1/46
f 627/83/41 625/82/41 556/15/41 626/81/41
f 669/1/46 684/1/46 685/1/46
f 656/1/46 686/1/46 550/1/46
f 550/1/46 686/1/46 687/1/46
f 550/1/46 687/1/46 688/1/46
f 688/1/46 687/1/46 689/1/46
f 688/1/46 689/1/46 690/1/46
f 576/38/41 577/37/41 575/36/41 574/35/41
f 693/1/46 694/1/46 695/1/46
f 720/1/46 721/1/46 674/1/46 719/1/46
f 696/1/46 672/1/46 671/1/46
f 665/1/46 697/1/46 22/1/46
f 22/1/46 697/1/46 698/1/46
f 22/1/46 698/1/46 23/1/46
f 23/1/46 698/1/46 699/1/46
f 23/1/46 699/1/46 682/1/46
f 679/1/46 700/1/46 141/1/46
f 141/1/46 700/1/46 701/1/46
f 141/1/46 701/1/46 702/1/46
f 632/8/41 633/88/41 631/87/41 630/86/41
f 650/1/46 651/1/46 649/1/46 648/1/46
f 703/1/46 707/1/46 704/1/46
f 723/1/46 725/1/46 724/1/46 676/1/46
f 691/1/46 709/1/46 710/1/46
f 691/1/46 710/1/46 692/1/46
f 666/1/46 711/1/46 667/1/46
f 638/90/41 634/9/41 623/79/41 637/89/41
f 705/1/46 712/1/46 713/1/46
f 705/1/46 713/1/46 706/1/46
f 693/1/46 714/1/46 694/1/46
f 943/1/13 944/1/13 881/1/13 882/1/13
f 708/1/46 715/1/46 716/1/46
f 717/1/46 718/1/46 719/1/46
f 719/1/46 718/1/46 720/1/46
f 606/75/41 621/77/41 607/61/41 583/60/41
f 674/1/46 721/1/46 675/1/46
f 678/1/46 722/1/46 676/1/46
f 676/1/46 722/1/46 723/1/46
f 593/49/41 595/94/41 594/95/41 592/48/41
f 1429/1/1 1465/1/1 1466/1/1 1428/1/1
f 719/1/46 726/1/46 717/1/46
f 808/1/49 810/1/49 809/1/49 807/1/49
f 730/1/50 729/1/50 731/1/50
f 812/1/51 813/1/51 811/1/51 810/1/51
f 814/1/52 815/1/52 813/1/52 812/1/52
f 816/1/53 817/1/53 815/1/53 814/1/53
f 736/1/54 737/1/54 738/1/54
f 818/1/55 820/1/55 819/1/55 817/1/55
f 820/1/56 822/1/56 821/1/56 819/1/56
f 741/1/57 742/1/57 740/1/57 739/1/57
f 838/1/58 840/1/58 839/1/58 837/1/58
f 840/1/59 842/1/59 841/1/59 839/1/59
f 828/1/60 830/1/60 829/1/60 827/1/60
f 830/1/61 832/1/61 831/1/61 829/1/61
f 832/1/62 834/1/62 833/1/62 831/1/62
f 834/1/63 836/1/63 835/1/63 833/1/63
f 826/1/64 828/1/64 827/1/64 825/1/64
f 836/1/65 838/1/65 837/1/65 835/1/65
f 822/1/66 824/1/66 823/1/66 821/1/66
f 842/1/67 844/1/67 843/1/67 841/1/67
f 844/1/68 846/1/68 845/1/68 843/1/68
f 766/1/69 765/1/69 767/1/69
f 735/1/70 737/1/70 736/1/70 734/1/70
f 733/1/71 735/1/71 734/1/71 732/1/71
f 852/1/72 853/1/72 851/1/72 850/1/72
f 772/1/73 773/1/73 774/1/73
f 779/1/74 780/1/74 777/1/74 778/1/74
f 804/1/75 806/1/75 805/1/75 803/1/75
f 775/1/76 786/1/76 785/1/76 776/1/76
f 862/1/77 864/1/77 863/1/77 861/1/77
f 802/1/78 804/1/78 803/1/78 801/1/78
f 806/1/79 808/1/79 807/1/79 805/1/79
f 858/1/80 860/1/80 859/1/80 857/1/80
f 860/1/81 862/1/81 861/1/81 859/1/81
f 729/1/82 730/1/82 727/1/82 728/1/82
f 864/1/83 866/1/83 865/1/83 863/1/83
f 866/1/84 868/1/84 867/1/84 865/1/84
f 869/1/85 870/1/85 867/1/85 868/1/85
f 788/1/86 790/1/86 789/1/86 787/1/86
f 783/1/87 784/1/87 781/1/87 782/1/87
f 856/1/88 858/1/88 857/1/88 855/1/88
f 786/1/89 788/1/89 787/1/89 785/1/89
f 769/1/90 771/1/90 770/1/90 768/1/90
f 854/1/91 856/1/91 855/1/91 853/1/91
f 809/1/92 810/1/92 811/1/92
f 771/1/93 773/1/93 772/1/93 770/1/93
f 850/1/94 851/1/94 849/1/94 848/1/94
f 848/1/95 849/1/95 847/1/95 846/1/95
f 817/1/96 816/1/96 818/1/96
f 761/1/97 762/1/97 760/1/97 759/1/97
f 763/1/98 764/1/98 762/1/98 761/1/98
f 792/1/99 794/1/99 793/1/99 791/1/99
f 759/1/100 760/1/100 758/1/100 757/1/100
f 765/1/101 766/1/101 764/1/101 763/1/101
f 755/1/102 756/1/102 754/1/102 753/1/102
f 796/1/103 798/1/103 797/1/103 795/1/103
f 751/1/104 752/1/104 750/1/104 749/1/104
f 745/1/105 746/1/105 744/1/105 743/1/105
f 747/1/106 748/1/106 746/1/106 745/1/106
f 757/1/107 758/1/107 756/1/107 755/1/107
f 743/1/108 744/1/108 742/1/108 741/1/108
f 749/1/109 750/1/109 748/1/109 747/1/109
f 739/1/110 740/1/110 738/1/110 737/1/110
f 845/1/111 846/1/111 847/1/111
f 731/1/112 733/1/112 732/1/112 730/1/112
f 1420/1/1 1476/1/1 1477/1/1 1419/1/1
f 753/1/113 754/1/113 752/1/113 751/1/113
f 853/1/114 852/1/114 854/1/114
f 775/1/115 776/1/115 774/1/115 773/1/115
f 727/1/116 780/1/116 779/1/116 728/1/116
f 824/1/117 826/1/117 825/1/117 823/1/117
f 777/1/118 784/1/118 783/1/118 778/1/118
f 790/1/119 792/1/119 791/1/119 789/1/119
f 781/1/120 870/1/120 869/1/120 782/1/120
f 800/1/121 802/1/121 801/1/121 799/1/121
f 794/1/122 796/1/122 795/1/122 793/1/122
f 798/1/123 800/1/123 799/1/123 797/1/123
f 267/1/124 1463/1/124 1462/1/124 268/1/124
f 385/1/125 962/1/125 967/1/125 386/1/125
f 190/1/126 1541/1/126 1540/1/126 210/1/126
f 1345/1/127 1273/1/127 1274/1/127 1344/1/127
f 523/1/128 1001/1/128 1000/1/128 535/1/128
f 314/1/129 1106/1/129 1105/1/129 315/1/129
f 684/1/130 609/1/130 588/1/130 685/1/130
f 258/1/131 1576/1/131 1575/1/131 259/1/131
f 1201/1/132 1176/1/132 1177/1/132 1200/1/132
f 430/1/133 880/1/133 879/1/133 413/1/133
f 539/1/134 1018/1/134 1017/1/134 540/1/134
f 50/1/135 1230/1/135 1229/1/135 78/1/135
f 549/1/136 1039/1/136 1038/1/136 534/1/136
f 53/1/137 1359/1/137 1381/1/137 54/1/137
f 392/1/138 905/1/138 904/1/138 379/1/138
f 113/1/139 1522/1/139 1521/1/139 114/1/139
f 462/1/140 882/1/140 881/1/140 464/1/140
f 415/1/141 888/1/141 887/1/141 416/1/141
f 1044/1/142 502/1/142 501/1/142 1034/1/142
f 69/1/143 1382/1/143 1400/1/143 29/1/143
f 114/1/144 1521/1/144 1520/1/144 140/1/144
f 1338/1/145 1299/1/145 1298/1/145 1337/1/145
f 662/1/146 607/1/146 621/1/146 663/1/146
f 704/1/147 615/1/147 614/1/147 702/1/147
f 170/1/148 1511/1/148 1510/1/148 164/1/148
f 721/1/149 627/1/149 626/1/149 675/1/149
f 33/1/150 1262/1/150 1261/1/150 62/1/150
f 309/1/151 1065/1/151 1064/1/151 310/1/151
f 458/1/152 886/1/152 885/1/152 459/1/152
f 1188/1/153 1145/1/153 1146/1/153 1187/1/153
f 417/1/154 884/1/154 883/1/154 418/1/154
f 489/1/155 956/1/155 955/1/155 490/1/155
f 138/1/156 1506/1/156 1505/1/156 149/1/156
f 144/1/157 1445/1/157 1457/1/157 142/1/157
f 464/1/158 881/1/158 896/1/158 463/1/158
f 529/1/136 952/1/136 951/1/136 491/1/136
f 1205/1/159 1172/1/159 1173/1/159 1204/1/159
f 435/1/160 898/1/160 897/1/160 436/1/160
f 872/1/161 387/1/161 406/1/161 871/1/161
f 483/1/128 914/1/128 913/1/128 492/1/128
f 414/1/162 878/1/162 888/1/162 415/1/162
f 710/1/163 564/1/163 562/1/163 692/1/163
f 450/1/164 981/1/164 980/1/164 455/1/164
f 284/1/165 1075/1/165 1074/1/165 281/1/165
f 550/1/13 393/1/13 280/1/13 283/1/13
f 654/1/166 581/1/166 582/1/166 655/1/166
f 1356/1/167 1306/1/167 1307/1/167 1355/1/167
f 482/1/168 915/1/168 914/1/168 483/1/168
f 87/1/169 1360/1/169 1359/1/169 53/1/169
f 479/1/170 918/1/170 917/1/170 480/1/170
f 1198/1/171 1179/1/171 1180/1/171 1197/1/171
f 1330/1/172 1282/1/172 1283/1/172 1329/1/172
f 525/1/173 1012/1/173 1011/1/173 526/1/173
f 201/1/174 1534/1/174 1533/1/174 202/1/174
f 1350/1/175 1312/1/175 1313/1/175 1349/1/175
f 227/1/176 1412/1/176 1411/1/176 228/1/176
f 36/1/177 1234/1/177 1233/1/177 37/1/177
f 1219/1/178 1158/1/178 1159/1/178 1218/1/178
f 210/1/179 1540/1/179 1539/1/179 211/1/179
f 726/1/180 637/1/180 622/1/180 717/1/180
f 486/1/181 924/1/181 923/1/181 440/1/181
f 493/1/182 912/1/182 911/1/182 494/1/182
f 448/1/152 973/1/152 972/1/152 449/1/152
f 690/1/183 561/1/183 602/1/183 688/1/183
f 1249/1/184 89/1/184 28/1/184 1248/1/184
f 137/1/185 1515/1/185 1514/1/185 135/1/185
f 207/1/126 1454/1/126 1453/1/126 241/1/126
f 546/1/186 1014/1/186 1013/1/186 524/1/186
f 454/1/158 968/1/158 983/1/158 453/1/158
f 445/1/187 936/1/187 935/1/187 511/1/187
f 397/1/188 948/1/188 947/1/188 399/1/188
f 444/1/189 939/1/189 938/1/189 487/1/189
f 333/1/190 1136/1/190 1135/1/190 331/1/190
f 1315/1/191 1302/1/191 1303/1/191 1314/1/191
f 285/1/192 1129/1/192 1128/1/192 286/1/192
f 995/1/41 422/1/41 421/1/41 994/1/41
f 1344/1/193 1274/1/193 1275/1/193 1343/1/193
f 273/1/194 1471/1/194 1492/1/194 247/1/194
f 908/1/41 395/1/41 394/1/41 907/1/41
f 1494/1/41 154/1/41 155/1/41 1580/1/41
f 384/1/195 963/1/195 962/1/195 385/1/195
f 961/1/142 381/1/142 383/1/142 960/1/142
f 331/1/196 1135/1/196 1134/1/196 297/1/196
f 357/1/197 1095/1/197 1094/1/197 358/1/197
f 527/1/198 954/1/198 953/1/198 528/1/198
f 447/1/199 950/1/199 949/1/199 446/1/199
f 341/1/200 1131/1/200 1130/1/200 342/1/200
f 873/1/13 872/1/13 874/1/13
f 874/1/13 872/1/13 871/1/13
f 923/1/23 924/1/23 881/1/23
f 881/1/22 924/1/22 925/1/22
f 1093/1/13 1094/1/13 1154/1/13 1153/1/13
f 899/1/13 918/1/13 919/1/13
f 969/1/13 970/1/13 1028/1/13 1029/1/13
f 882/1/13 942/1/13 943/1/13
f 1030/1/13 1031/1/13 968/1/13 969/1/13
f 933/1/13 932/1/13 922/1/13
f 838/1/201 836/1/201 618/1/201 617/1/201
f 986/1/13 987/1/13 1004/1/13 1005/1/13
f 1441/1/1 1442/1/1 1448/1/1 1449/1/1
f 993/1/13 976/1/13 998/1/13 999/1/13
f 989/1/13 990/1/13 1001/1/13 1002/1/13
f 990/1/13 991/1/13 1000/1/13 1001/1/13
f 957/1/13 947/1/13 871/1/13
f 871/1/13 947/1/13 948/1/13
f 871/1/13 948/1/13 874/1/13
f 874/1/13 948/1/13 949/1/13
f 874/1/13 949/1/13 950/1/13
f 881/1/13 944/1/13 945/1/13
f 881/1/13 945/1/13 946/1/13
f 913/1/13 904/1/13 905/1/13
f 992/1/13 993/1/13 999/1/13 1000/1/13
f 1245/1/1 1246/1/1 1301/1/1 1295/1/1
f 1489/1/1 1490/1/1 1412/1/1 1413/1/1
f 1131/1/13 1132/1/13 1168/1/13 1167/1/13
f 1247/1/1 1225/1/1 1303/1/1 1302/1/1
f 922/1/13 923/1/13 933/1/13
f 933/1/13 923/1/13 881/1/13
f 933/1/13 881/1/13 934/1/13
f 934/1/13 881/1/13 946/1/13
f 896/1/13 926/1/13 927/1/13
f 1014/1/13 1015/1/13 982/1/13 983/1/13
f 1015/1/13 1016/1/13 981/1/13 982/1/13
f 1120/1/13 1121/1/13 1179/1/13 1178/1/13
f 893/1/13 930/1/13 892/1/13
f 1225/1/1 1226/1/1 1304/1/1 1303/1/1
f 984/1/13 985/1/13 1008/1/13 996/1/13
f 921/1/13 898/1/13 920/1/13
f 1442/1/1 1425/1/1 1447/1/1 1448/1/1
f 940/1/13 884/1/13 885/1/13
f 1505/1/1 1506/1/1 1564/1/1 1565/1/1
f 1108/1/13 1109/1/13 1145/1/13 1144/1/13
f 974/1/13 975/1/13 1024/1/13 1025/1/13
f 975/1/13 965/1/13 1023/1/13 1024/1/13
f 1112/1/13 1113/1/13 1150/1/13 1149/1/13
f 966/1/13 967/1/13 1043/1/13 1022/1/13
f 967/1/13 962/1/13 1042/1/13 1043/1/13
f 1577/1/1 1578/1/1 1498/1/1 1499/1/1
f 963/1/13 964/1/13 1040/1/13 1041/1/13
f 595/94/41 596/50/41 587/5/41 594/95/41
f 952/1/23 874/1/23 951/1/23
f 951/1/23 874/1/23 950/1/23
f 487/1/202 938/1/202 937/1/202 488/1/202
f 505/1/189 1026/1/189 1025/1/189 530/1/189
f 960/1/46 383/1/46 551/1/46 959/1/46
f 544/1/203 1016/1/203 1015/1/203 545/1/203
f 366/1/204 1093/1/204 1092/1/204 367/1/204
f 477/1/205 943/1/205 942/1/205 509/1/205
f 959/1/161 551/1/161 503/1/161 958/1/161
f 164/1/206 1510/1/206 1509/1/206 165/1/206
f 1047/1/46 374/1/46 373/1/46 1046/1/46
f 484/1/207 926/1/207 925/1/207 485/1/207
f 1183/1/208 1150/1/208 1151/1/208 1182/1/208
f 1317/1/209 1295/1/209 1301/1/209 1316/1/209
f 349/1/210 1108/1/210 1107/1/210 350/1/210
f 528/1/211 953/1/211 952/1/211 529/1/211
f 386/1/133 967/1/133 966/1/133 423/1/133
f 97/1/212 1247/1/212 1246/1/212 38/1/212
f 488/1/213 937/1/213 936/1/213 445/1/213
f 466/1/214 892/1/214 891/1/214 467/1/214
f 1195/1/215 1142/1/215 1141/1/215 1194/1/215
f 496/1/134 931/1/134 930/1/134 497/1/134
f 720/1/216 628/1/216 627/1/216 721/1/216
f 1346/1/217 1272/1/217 1273/1/217 1345/1/217
f 427/1/218 993/1/218 992/1/218 389/1/218
f 509/1/219 942/1/219 941/1/219 510/1/219
f 1339/1/220 1300/1/220 1299/1/220 1338/1/220
f 1343/1/221 1275/1/221 1276/1/221 1342/1/221
f 678/1/222 636/1/222 635/1/222 722/1/222
f 9/1/223 1238/1/223 1237/1/223 12/1/223
f 98/1/224 1366/1/224 1365/1/224 99/1/224
f 178/1/225 1421/1/225 1420/1/225 180/1/225
f 1323/1/226 1289/1/226 1290/1/226 1322/1/226
f 664/1/227 631/1/227 633/1/227 677/1/227
f 449/1/228 972/1/228 971/1/228 411/1/228
f 683/1/229 610/1/229 609/1/229 684/1/229
f 1215/1/230 1162/1/230 1163/1/230 1214/1/230
f 500/1/231 1021/1/231 1033/1/231 498/1/231
f 405/1/232 987/1/232 986/1/232 407/1/232
f 932/1/142 437/1/142 438/1/142 922/1/142
f 522/1/168 1002/1/168 1001/1/168 523/1/168
f 128/1/233 1441/1/233 1440/1/233 129/1/233
f 130/1/234 1439/1/234 1438/1/234 131/1/234
f 411/1/154 971/1/154 970/1/154 412/1/154
f 27/1/235 1253/1/235 1248/1/235 28/1/235
f 197/1/236 1536/1/236 1535/1/236 200/1/236
f 1329/1/237 1283/1/237 1284/1/237 1328/1/237
f 316/1/238 1125/1/238 1124/1/238 317/1/238
f 494/1/239 911/1/239 910/1/239 495/1/239
f 1320/1/240 1292/1/240 1293/1/240 1319/1/240
f 1335/1/241 1296/1/241 1269/1/241 1334/1/241
f 391/1/242 990/1/242 989/1/242 388/1/242
f 408/1/160 985/1/160 984/1/160 420/1/160
f 148/1/243 1519/1/243 1518/1/243 150/1/243
f 453/1/244 983/1/244 982/1/244 451/1/244
f 39/1/245 1245/1/245 1244/1/245 51/1/245
f 429/1/125 875/1/125 880/1/125 430/1/125
f 200/1/246 1535/1/246 1534/1/246 201/1/246
f 1355/1/247 1307/1/247 1308/1/247 1354/1/247
f 1408/1/142 195/1/142 194/1/142 1407/1/142
f 871/1/41 406/1/41 419/1/41 957/1/41
f 542/1/248 1028/1/248 1027/1/248 504/1/248
f 59/1/249 1390/1/249 1389/1/249 60/1/249
f 933/1/41 400/1/41 437/1/41 932/1/41
f 127/1/250 1442/1/250 1441/1/250 128/1/250
f 236/1/251 1565/1/251 1564/1/251 254/1/251
f 1324/1/252 1288/1/252 1289/1/252 1323/1/252
f 243/1/253 1467/1/253 1466/1/253 244/1/253
f 34/1/254 1263/1/254 1262/1/254 33/1/254
f 456/1/214 979/1/214 978/1/214 457/1/214
f 219/1/236 1449/1/236 1448/1/236 222/1/236
f 467/1/255 891/1/255 890/1/255 431/1/255
f 325/1/256 1098/1/256 1097/1/256 326/1/256
f 71/1/257 1395/1/257 1394/1/257 72/1/257
f 1342/1/258 1276/1/258 1277/1/258 1341/1/258
f 204/1/259 1551/1/259 1550/1/259 250/1/259
f 1326/1/260 1286/1/260 1287/1/260 1325/1/260
f 117/1/261 1497/1/261 1500/1/261 118/1/261
f 499/1/188 1035/1/188 1034/1/188 501/1/188
f 231/1/262 1414/1/262 1424/1/262 232/1/262
f 1409/1/46 196/1/46 195/1/46 1408/1/46
f 517/1/205 1030/1/205 1029/1/205 541/1/205
f 263/1/263 1473/1/263 1472/1/263 264/1/263
f 245/1/264 1475/1/264 1474/1/264 246/1/264
f 475/1/265 945/1/265 944/1/265 476/1/265
f 1443/1/161 161/1/161 162/1/161 1433/1/161
f 396/1/266 946/1/266 945/1/266 475/1/266
f 459/1/267 885/1/267 884/1/267 417/1/267
f 1189/1/268 1144/1/268 1145/1/268 1188/1/268
f 960/1/13 959/1/13 961/1/13
f 961/1/13 959/1/13 958/1/13
f 1010/1/23 1011/1/23 968/1/23
f 968/1/22 1011/1/22 1012/1/22
f 925/1/13 926/1/13 896/1/13 881/1/13
f 986/1/23 1005/1/23 1006/1/23
f 971/1/23 1027/1/23 1028/1/23 970/1/23
f 969/1/13 1029/1/13 1030/1/13
f 1139/1/13 1140/1/13 1126/1/13 1104/1/13
f 1020/1/13 1019/1/13 1009/1/13
f 920/1/13 898/1/13 899/1/13 919/1/13
f 1253/1/1 1252/1/1 1280/1/1 1279/1/1
f 900/1/22 901/1/22 916/1/22 917/1/22
f 901/1/13 902/1/13 915/1/13 916/1/13
f 47/1/4 85/1/4 84/1/4 45/1/4
f 1230/1/1 1231/1/1 1309/1/1 1308/1/1
f 1044/1/13 1034/1/13 958/1/13
f 958/1/13 1034/1/13 1035/1/13
f 958/1/13 1035/1/13 961/1/13
f 961/1/13 1035/1/13 1036/1/13
f 961/1/13 1036/1/13 1037/1/13
f 968/1/13 1031/1/13 1032/1/13
f 968/1/13 1032/1/13 1033/1/13
f 1000/1/23 991/1/23 992/1/23
f 157/1/1 159/1/1 158/1/1 156/1/1
f 906/1/13 889/1/13 911/1/13 912/1/13
f 889/1/13 890/1/13 910/1/13 911/1/13
f 890/1/13 891/1/13 931/1/13 910/1/13
f 892/1/13 930/1/13 931/1/13 891/1/13
f 1009/1/13 1010/1/13 1020/1/13
f 1020/1/13 1010/1/13 968/1/13
f 1020/1/13 968/1/13 1021/1/13
f 1021/1/13 968/1/13 1033/1/13
f 983/1/13 1013/1/13 1014/1/13
f 362/1/13 365/1/13 298/1/13 313/1/13
f 1438/1/1 1439/1/1 1450/1/1 1451/1/1
f 929/1/13 930/1/13 893/1/13 894/1/13
f 980/1/13 1017/1/13 979/1/13
f 1443/1/1 1433/1/1 1445/1/1 1444/1/1
f 1228/1/3 1307/1/3 1306/1/3 1227/1/3
f 1008/1/13 985/1/13 1007/1/13
f 884/1/13 940/1/13 941/1/13 883/1/13
f 1027/1/22 971/1/22 972/1/22
f 885/1/13 886/1/13 939/1/13 940/1/13
f 886/1/13 887/1/13 938/1/13 939/1/13
f 876/1/13 877/1/13 953/1/13 954/1/13
f 1262/1/1 1263/1/1 1274/1/1 1273/1/1
f 878/1/13 879/1/13 935/1/13 936/1/13
f 1246/1/1 1247/1/1 1302/1/1 1301/1/1
f 1579/1/4 1558/1/4 1502/1/4 1503/1/4
f 875/1/13 876/1/13 954/1/13 955/1/13
f 1260/1/1 1261/1/1 1272/1/1 1271/1/1
f 877/1/13 874/1/13 952/1/13 953/1/13
f 1039/1/13 961/1/13 1038/1/13
f 1038/1/23 961/1/23 1037/1/23
f 261/1/269 1479/1/269 1478/1/269 262/1/269
f 541/1/219 1029/1/219 1028/1/219 542/1/219
f 281/1/270 1074/1/270 1073/1/270 282/1/270
f 249/1/271 1487/1/271 1486/1/271 266/1/271
f 350/1/272 1107/1/272 1106/1/272 314/1/272
f 481/1/273 916/1/273 915/1/273 482/1/273
f 1049/1/13 1048/1/13 1050/1/13
f 1050/1/13 1048/1/13 1047/1/13
f 1050/1/13 1047/1/13 1045/1/13
f 1045/1/13 1047/1/13 1046/1/13
f 909/1/161 439/1/161 395/1/161 908/1/161
f 54/1/274 1381/1/274 1380/1/274 55/1/274
f 1327/1/275 1285/1/275 1286/1/275 1326/1/275
f 440/1/276 923/1/276 922/1/276 438/1/276
f 407/1/277 986/1/277 985/1/277 408/1/277
f 300/1/278 1072/1/278 1071/1/278 306/1/278
f 124/1/157 1532/1/157 1544/1/157 126/1/157
f 423/1/279 966/1/279 965/1/279 424/1/279
f 220/1/280 1450/1/280 1449/1/280 219/1/280
f 250/1/124 1550/1/124 1549/1/124 251/1/124
f 495/1/281 910/1/281 931/1/281 496/1/281
f 48/1/282 1232/1/282 1231/1/282 49/1/282
f 379/1/283 904/1/283 903/1/283 380/1/283
f 1357/1/284 1305/1/284 1306/1/284 1356/1/284
f 336/1/285 1060/1/285 1059/1/285 295/1/285
f 254/1/286 1564/1/286 1563/1/286 255/1/286
f 722/1/287 635/1/287 639/1/287 723/1/287
f 1250/1/288 91/1/288 89/1/288 1249/1/288
f 12/1/289 1237/1/289 1258/1/289 13/1/289
f 308/1/290 1069/1/290 1068/1/290 343/1/290
f 434/1/277 899/1/277 898/1/277 435/1/277
f 513/1/291 928/1/291 927/1/291 514/1/291
f 332/1/292 1057/1/292 1056/1/292 351/1/292
f 166/1/225 1508/1/225 1507/1/225 136/1/225
f 1048/1/142 369/1/142 374/1/142 1047/1/142
f 958/1/41 503/1/41 502/1/41 1044/1/41
f 403/1/293 900/1/293 899/1/293 434/1/293
f 473/1/294 1008/1/294 1007/1/294 474/1/294
f 1349/1/295 1313/1/295 1270/1/295 1348/1/295
f 1045/1/41 371/1/41 372/1/41 1050/1/41
f 304/1/296 1101/1/296 1100/1/296 305/1/296
f 532/1/155 1043/1/155 1042/1/155 533/1/155
f 163/1/144 1434/1/144 1433/1/144 162/1/144
f 301/1/297 1079/1/297 1078/1/297 302/1/297
f 441/1/298 921/1/298 920/1/298 442/1/298
f 1470/1/142 191/1/142 116/1/142 1469/1/142
f 418/1/299 883/1/299 882/1/299 462/1/299
f 94/1/300 1268/1/300 1267/1/300 75/1/300
f 79/1/301 1228/1/301 1227/1/301 80/1/301
f 337/1/302 1133/1/302 1132/1/302 339/1/302
f 81/1/303 1387/1/303 1386/1/303 82/1/303
f 1082/1/24 1062/1/24 1086/1/24
f 1086/1/22 1062/1/22 1063/1/22
f 1086/1/23 1063/1/23 1064/1/23
f 1064/1/13 1065/1/13 1086/1/13
f 1086/1/22 1065/1/22 1066/1/22
f 1086/1/13 1066/1/13 1067/1/13
f 1084/1/13 1085/1/13 1052/1/13
f 25/1/1 26/1/1 3/1/1 15/1/1
f 1079/1/304 1080/1/304 1086/1/304
f 1086/1/22 1080/1/22 1081/1/22
f 1086/1/26 1081/1/26 1082/1/26
f 1067/1/13 1068/1/13 1086/1/13
f 1086/1/13 1068/1/13 1069/1/13
f 1086/1/26 1069/1/26 1070/1/26
f 1055/1/26 1056/1/26 1083/1/26
f 1070/1/29 1071/1/29 1086/1/29
f 1086/1/23 1071/1/23 1072/1/23
f 1086/1/22 1072/1/22 1051/1/22
f 1055/1/13 1083/1/13 1054/1/13
f 1058/1/13 1059/1/13 1060/1/13
f 1073/1/13 1074/1/13 1091/1/13
f 1091/1/34 1074/1/34 1090/1/34
f 1076/1/13 1077/1/13 1086/1/13
f 1086/1/31 1077/1/31 1078/1/31
f 1086/1/38 1078/1/38 1079/1/38
f 1056/1/13 1057/1/13 1083/1/13
f 1083/1/29 1057/1/29 1058/1/29
f 1083/1/13 1058/1/13 1061/1/13
f 1061/1/13 1058/1/13 1060/1/13
f 1087/1/305 1088/1/305 1074/1/305
f 1074/1/29 1088/1/29 1089/1/29
f 1074/1/306 1089/1/306 1090/1/306
f 1087/1/33 1074/1/33 1086/1/33
f 1086/1/304 1074/1/304 1075/1/304
f 1086/1/27 1075/1/27 1076/1/27
f 1084/1/13 1052/1/13 1083/1/13
f 1083/1/26 1052/1/26 1053/1/26
f 1083/1/22 1053/1/22 1054/1/22
f 534/1/307 1038/1/307 1037/1/307 508/1/307
f 518/1/308 1006/1/308 1005/1/308 519/1/308
f 725/1/309 638/1/309 637/1/309 726/1/309
f 433/1/218 906/1/218 905/1/218 392/1/218
f 203/1/310 1552/1/310 1551/1/310 204/1/310
f 293/1/311 1085/1/311 1084/1/311 294/1/311
f 1445/1/142 144/1/142 146/1/142 1444/1/142
f 404/1/312 988/1/312 987/1/312 405/1/312
f 1210/1/313 1167/1/313 1168/1/313 1209/1/313
f 212/1/253 1554/1/253 1553/1/253 213/1/253
f 519/1/314 1005/1/314 1004/1/314 520/1/314
f 1337/1/315 1298/1/315 1297/1/315 1336/1/315
f 345/1/316 1066/1/316 1065/1/316 309/1/316
f 107/1/317 1527/1/317 1526/1/317 109/1/317
f 365/1/318 1052/1/318 1051/1/318 299/1/318
f 312/1/319 1062/1/319 1082/1/319 292/1/319
f 412/1/299 970/1/299 969/1/299 452/1/299
f 186/1/320 1482/1/320 1481/1/320 187/1/320
f 339/1/321 1132/1/321 1131/1/321 341/1/321
f 1468/1/161 115/1/161 145/1/161 1458/1/161
f 132/1/322 1437/1/322 1436/1/322 133/1/322
f 218/1/271 1574/1/271 1573/1/271 240/1/271
f 51/1/323 1244/1/323 1243/1/323 52/1/323
f 239/1/324 1572/1/324 1571/1/324 158/1/324
f 355/1/325 1116/1/325 1115/1/325 353/1/325
f 535/1/326 1000/1/326 999/1/326 536/1/326
f 1196/1/327 1143/1/327 1142/1/327 1195/1/327
f 274/1/328 1490/1/328 1489/1/328 275/1/328
f 1211/1/329 1166/1/329 1167/1/329 1210/1/329
f 233/1/206 1423/1/206 1422/1/206 177/1/206
f 1020/1/41 468/1/41 469/1/41 1019/1/41
f 650/1/330 578/1/330 579/1/330 652/1/330
f 1200/1/331 1177/1/331 1178/1/331 1199/1/331
f 497/1/332 930/1/332 929/1/332 512/1/332
f 540/1/332 1017/1/332 1016/1/332 544/1/332
f 1050/1/161 372/1/161 370/1/161 1049/1/161
f 510/1/248 941/1/248 940/1/248 443/1/248
f 1212/1/333 1165/1/333 1166/1/333 1211/1/333
f 1251/1/334 93/1/334 91/1/334 1250/1/334
f 253/1/335 1548/1/335 1547/1/335 252/1/335
f 1405/1/41 21/1/41 20/1/41 1404/1/41
f 14/1/336 1255/1/336 1254/1/336 24/1/336
f 1322/1/337 1290/1/337 1291/1/337 1321/1/337
f 515/1/265 1032/1/265 1031/1/265 516/1/265
f 305/1/338 1100/1/338 1099/1/338 324/1/338
f 1095/1/13 1156/1/13 1155/1/13 1094/1/13
f 802/1/339 800/1/339 625/1/339 623/1/339
f 1107/1/13 1108/1/13 1144/1/13 1137/1/13
f 1126/1/13 1140/1/13 1141/1/13
f 1229/1/1 1230/1/1 1308/1/1 1307/1/1
f 1427/1/1 1428/1/1 1466/1/1 1467/1/1
f 1137/1/13 1106/1/13 1107/1/13
f 1239/1/4 1240/1/4 1289/1/4 1288/1/4
f 1259/1/1 1260/1/1 1271/1/1 1270/1/1
f 1256/1/1 1257/1/1 1284/1/1 1283/1/1
f 1129/1/13 1130/1/13 1166/1/13 1165/1/13
f 732/1/340 734/1/340 646/1/340 649/1/340
f 1148/1/13 1112/1/13 1149/1/13
f 979/1/13 1017/1/13 1018/1/13 978/1/13
f 1297/1/1 1298/1/1 1250/1/1 1249/1/1
f 566/26/41 568/28/41 567/27/41 565/24/41
f 1252/1/1 1254/1/1 1281/1/1 1280/1/1
f 1269/1/1 1296/1/1 1249/1/1 1248/1/1
f 1154/1/13 1094/1/13 1155/1/13
f 1141/1/13 1142/1/13 1125/1/13 1126/1/13
f 1156/1/22 1095/1/22 1096/1/22
f 297/1/22 337/1/22 336/1/22 295/1/22
f 767/1/341 765/1/341 553/1/341 552/1/341
f 1237/1/1 1238/1/1 1287/1/1 1286/1/1
f 976/1/13 977/1/13 997/1/13 998/1/13
f 1109/1/22 1110/1/22 1146/1/22 1145/1/22
f 1127/1/13 1128/1/13 1164/1/13 1163/1/13
f 1263/1/1 1264/1/1 1275/1/1 1274/1/1
f 1163/1/13 1103/1/13 1127/1/13
f 810/1/342 808/1/342 634/1/342 632/1/342
f 796/1/343 794/1/343 599/1/343 556/1/343
f 888/1/13 878/1/13 936/1/13 937/1/13
f 1232/1/1 1233/1/1 1311/1/1 1310/1/1
f 1426/1/1 1427/1/1 1467/1/1 1446/1/1
f 899/1/13 900/1/13 917/1/13 918/1/13
f 1169/1/23 1133/1/23 1170/1/23
f 728/1/344 779/1/344 580/1/344 576/1/344
f 1118/1/13 1177/1/13 1176/1/13 1117/1/13
f 1172/1/13 1135/1/13 1136/1/13
f 1116/1/13 1117/1/13 1175/1/13 1174/1/13
f 703/1/46 704/1/46 702/1/46 701/1/46
f 1086/1/13 1051/1/13 1052/1/13 1085/1/13
f 1175/1/13 1117/1/13 1176/1/13
f 375/12/41 602/54/41 563/23/41 552/10/41
f 1177/1/13 1118/1/13 1119/1/13
f 1575/1/1 1576/1/1 1500/1/1 1497/1/1
f 1475/1/1 1421/1/1 1422/1/1 1474/1/1
f 903/1/13 904/1/13 913/1/13 914/1/13
f 837/1/345 839/1/345 679/1/345 680/1/345
f 1143/1/13 1123/1/13 1124/1/13
f 1202/1/346 1175/1/346 1176/1/346 1201/1/346
f 359/1/347 1121/1/347 1120/1/347 360/1/347
f 342/1/348 1130/1/348 1129/1/348 285/1/348
f 323/1/349 1088/1/349 1087/1/349 334/1/349
f 335/1/350 1086/1/350 1085/1/350 293/1/350
f 315/1/351 1105/1/351 1104/1/351 329/1/351
f 330/1/352 1126/1/352 1125/1/352 316/1/352
f 131/1/353 1438/1/353 1437/1/353 132/1/353
f 180/1/354 1420/1/354 1419/1/354 172/1/354
f 168/1/355 1502/1/355 1501/1/355 169/1/355
f 401/1/356 902/1/356 901/1/356 402/1/356
f 1358/1/357 1304/1/357 1305/1/357 1357/1/357
f 234/1/358 1567/1/358 1566/1/358 235/1/358
f 474/1/359 1007/1/359 1006/1/359 518/1/359
f 228/1/360 1411/1/360 1416/1/360 229/1/360
f 367/1/361 1092/1/361 1114/1/361 368/1/361
f 202/1/362 1533/1/362 1554/1/362 212/1/362
f 426/1/363 976/1/363 993/1/363 427/1/363
f 311/1/364 1063/1/364 1062/1/364 312/1/364
f 413/1/279 879/1/279 878/1/279 414/1/279
f 172/1/156 1419/1/156 1418/1/156 174/1/156
f 452/1/140 969/1/140 968/1/140 454/1/140
f 73/1/365 1393/1/365 1392/1/365 74/1/365
f 457/1/366 978/1/366 977/1/366 425/1/366
f 1222/1/367 1155/1/367 1156/1/367 1221/1/367
f 514/1/186 927/1/186 926/1/186 484/1/186
f 1192/1/368 1139/1/368 1138/1/368 1191/1/368
f 666/1/369 585/1/369 596/1/369 711/1/369
f 1190/1/370 1137/1/370 1144/1/370 1189/1/370
f 1203/1/371 1174/1/371 1175/1/371 1202/1/371
f 1204/1/372 1173/1/372 1174/1/372 1203/1/372
f 491/1/373 951/1/373 950/1/373 447/1/373
f 16/1/1 18/1/1 103/1/1 277/1/1
f 442/1/359 920/1/359 919/1/359 478/1/359
f 153/1/374 1512/1/374 1529/1/374 108/1/374
f 1209/1/375 1168/1/375 1169/1/375 1208/1/375
f 368/1/376 1114/1/376 1113/1/376 346/1/376
f 58/1/377 1391/1/377 1390/1/377 59/1/377
f 360/1/378 1120/1/378 1119/1/378 361/1/378
f 1213/1/379 1164/1/379 1165/1/379 1212/1/379
f 32/1/380 1397/1/380 1396/1/380 70/1/380
f 1207/1/381 1170/1/381 1171/1/381 1206/1/381
f 463/1/244 896/1/244 895/1/244 461/1/244
f 663/1/382 621/1/382 620/1/382 642/1/382
f 1223/1/23 1205/1/23 1224/1/23
f 1358/1/1 1339/1/1 1338/1/1 1314/1/1
f 1204/1/13 1203/1/13 1181/1/13
f 1181/1/13 1203/1/13 1202/1/13
f 1181/1/13 1202/1/13 1201/1/13
f 1193/1/22 1181/1/22 1194/1/22
f 1194/1/13 1181/1/13 1195/1/13
f 1192/1/13 1186/1/13 1193/1/13
f 1193/1/26 1186/1/26 1185/1/26
f 1193/1/13 1185/1/13 1184/1/13
f 1184/1/13 1183/1/13 1193/1/13
f 1193/1/13 1183/1/13 1182/1/13
f 1193/1/23 1182/1/23 1181/1/23
f 1201/1/22 1200/1/22 1181/1/22
f 1181/1/23 1200/1/23 1199/1/23
f 1181/1/13 1199/1/13 1198/1/13
f 1198/1/13 1197/1/13 1181/1/13
f 1181/1/13 1197/1/13 1196/1/13
f 1181/1/23 1196/1/23 1195/1/23
f 1223/1/13 1222/1/13 1205/1/13
f 1205/1/13 1222/1/13 1221/1/13
f 1205/1/22 1221/1/22 1220/1/22
f 1189/1/383 1192/1/383 1190/1/383
f 1190/1/384 1192/1/384 1191/1/384
f 1217/1/13 1216/1/13 1205/1/13
f 1205/1/13 1216/1/13 1215/1/13
f 1205/1/13 1215/1/13 1214/1/13
f 1211/1/29 1210/1/29 1205/1/29
f 1205/1/23 1210/1/23 1209/1/23
f 1209/1/13 1208/1/13 1205/1/13
f 1205/1/22 1208/1/22 1207/1/22
f 1205/1/13 1207/1/13 1206/1/13
f 1189/1/13 1188/1/13 1192/1/13
f 1192/1/22 1188/1/22 1187/1/22
f 1192/1/13 1187/1/13 1186/1/13
f 1214/1/23 1213/1/23 1205/1/23
f 1205/1/13 1213/1/13 1212/1/13
f 1205/1/23 1212/1/23 1211/1/23
f 1220/1/13 1219/1/13 1205/1/13
f 1205/1/13 1219/1/13 1218/1/13
f 1205/1/13 1218/1/13 1217/1/13
f 303/1/385 1102/1/385 1101/1/385 304/1/385
f 344/1/386 1067/1/386 1066/1/386 345/1/386
f 994/1/142 421/1/142 420/1/142 984/1/142
f 286/1/387 1128/1/387 1127/1/387 287/1/387
f 439/1/388 909/1/388 921/1/388 441/1/388
f 248/1/389 1491/1/389 1490/1/389 274/1/389
f 671/1/390 554/1/390 601/1/390 696/1/390
f 1185/1/391 1148/1/391 1149/1/391 1184/1/391
f 92/1/392 1363/1/392 1362/1/392 90/1/392
f 378/1/393 877/1/393 876/1/393 428/1/393
f 306/1/394 1071/1/394 1070/1/394 307/1/394
f 389/1/138 992/1/138 991/1/138 390/1/138
f 64/1/395 1259/1/395 1236/1/395 76/1/395
f 82/1/396 1386/1/396 1385/1/396 83/1/396
f 57/1/397 1371/1/397 1391/1/397 58/1/397
f 65/1/398 1377/1/398 1376/1/398 66/1/398
f 1444/1/41 146/1/41 161/1/41 1443/1/41
f 1223/1/399 1154/1/399 1155/1/399 1222/1/399
f 1318/1/400 1294/1/400 1295/1/400 1317/1/400
f 139/1/401 1516/1/401 1515/1/401 137/1/401
f 443/1/402 940/1/402 939/1/402 444/1/402
f 268/1/403 1462/1/403 1461/1/403 270/1/403
f 237/1/263 1560/1/263 1559/1/263 238/1/263
f 934/1/161 398/1/161 400/1/161 933/1/161
f 205/1/404 1456/1/404 1455/1/404 206/1/404
f 1332/1/405 1280/1/405 1281/1/405 1331/1/405
f 26/1/406 1252/1/406 27/1/406
f 27/1/407 1252/1/407 1253/1/407
f 26/1/408 25/1/408 1252/1/408
f 184/1/409 1426/1/409 1425/1/409 183/1/409
f 275/1/131 1489/1/131 1488/1/131 276/1/131
f 712/1/410 595/1/410 593/1/410 713/1/410
f 351/1/411 1056/1/411 1055/1/411 352/1/411
f 451/1/412 982/1/412 981/1/412 450/1/412
f 338/1/413 1061/1/413 1060/1/413 336/1/413
f 217/1/414 1578/1/414 1577/1/414 257/1/414
f 524/1/207 1013/1/207 1012/1/207 525/1/207
f 187/1/415 1481/1/415 1480/1/415 260/1/415
f 507/1/416 1036/1/416 1035/1/416 499/1/416
f 10/1/417 1257/1/417 1256/1/417 11/1/417
f 297/1/418 1134/1/418 1133/1/418 337/1/418
f 165/1/419 1509/1/419 1508/1/419 166/1/419
f 223/1/174 1447/1/174 1446/1/174 224/1/174
f 652/1/420 579/1/420 581/1/420 654/1/420
f 38/1/421 1246/1/421 1245/1/421 39/1/421
f 668/1/422 586/1/422 585/1/422 666/1/422
f 1278/1/1 1266/1/1 1267/1/1 1300/1/1
f 1257/1/1 1258/1/1 1285/1/1 1284/1/1
f 1258/1/1 1237/1/1 1286/1/1 1285/1/1
f 1255/1/1 1256/1/1 1283/1/1 1282/1/1
f 1261/1/1 1262/1/1 1273/1/1 1272/1/1
f 662/1/46 663/1/46 644/1/46 661/1/46
f 1121/1/13 1122/1/13 1180/1/13 1179/1/13
f 1276/1/1 1265/1/1 1277/1/1
f 1578/1/3 1579/1/3 1503/1/3 1498/1/3
f 879/1/13 880/1/13 956/1/13 935/1/13
f 499/1/13 501/1/13 500/1/13 498/1/13
f 1435/1/1 1436/1/1 1453/1/1 1454/1/1
f 1238/1/1 1239/1/1 1288/1/1 1287/1/1
f 1337/1/1 1315/1/1 1314/1/1 1338/1/1
f 1138/1/13 1139/1/13 1104/1/13 1105/1/13
f 1234/1/1 1235/1/1 1313/1/1 1312/1/1
f 1100/1/13 1101/1/13 1161/1/13 1160/1/13
f 1128/1/22 1129/1/22 1165/1/22 1164/1/22
f 1122/1/13 1123/1/13 1143/1/13 1180/1/13
f 1560/1/1 1561/1/1 1509/1/1 1510/1/1
f 712/1/46 705/1/46 667/1/46 711/1/46
f 439/1/13 441/1/13 440/1/13 438/1/13
f 1204/1/13 1181/1/13 1224/1/13 1205/1/13
f 1231/1/1 1232/1/1 1310/1/1 1309/1/1
f 777/1/423 780/1/423 651/1/423 653/1/423
f 1294/1/1 1245/1/1 1295/1/1
f 1249/1/1 1296/1/1 1297/1/1
f 793/1/424 795/1/424 674/1/424 672/1/424
f 813/1/425 815/1/425 697/1/425 665/1/425
f 1136/1/13 1115/1/13 1173/1/13 1172/1/13
f 1268/1/1 1300/1/1 1267/1/1
f 1548/1/1 1549/1/1 1519/1/1 1504/1/1
f 1563/1/4 1507/1/4 1508/1/4 1562/1/4
f 1456/1/1 1434/1/1 1435/1/1 1455/1/1
f 15/1/1 16/1/1 4/1/1 14/1/1
f 869/1/426 868/1/426 611/1/426 606/1/426
f 1133/1/13 1134/1/13 1171/1/13 1170/1/13
f 1305/1/1 1227/1/1 1306/1/1
f 503/1/13 551/1/13 374/1/13 369/1/13
f 1307/1/1 1228/1/1 1229/1/1
f 1510/1/1 1511/1/1 1559/1/1 1560/1/1
f 1527/1/1 1528/1/1 1536/1/1 1537/1/1
f 1102/1/13 1103/1/13 1163/1/13 1162/1/13
f 1099/1/13 1100/1/13 1160/1/13 1159/1/13
f 684/1/46 669/1/46 644/1/46 683/1/46
f 370/1/13 372/1/13 371/1/13 280/1/13
f 121/1/1 157/1/1 156/1/1 155/1/1
f 1270/1/1 1236/1/1 1259/1/1
f 226/1/259 1464/1/259 1463/1/259 267/1/259
f 147/1/427 1504/1/427 1519/1/427 148/1/427
f 13/1/428 1258/1/428 1257/1/428 10/1/428
f 42/1/429 1373/1/429 1372/1/429 56/1/429
f 78/1/430 1229/1/430 1228/1/430 79/1/430
f 5/1/431 1242/1/431 1241/1/431 6/1/431
f 472/1/276 1010/1/276 1009/1/276 470/1/276
f 994/1/13 984/1/13 996/1/13 995/1/13
f 711/1/432 596/1/432 595/1/432 712/1/432
f 1354/1/433 1308/1/433 1309/1/433 1353/1/433
f 96/1/434 1225/1/434 1247/1/434 97/1/434
f 63/1/435 1260/1/435 1259/1/435 64/1/435
f 251/1/403 1549/1/403 1548/1/403 253/1/403
f 37/1/436 1233/1/436 1232/1/436 48/1/436
f 536/1/182 999/1/182 998/1/182 537/1/182
f 478/1/437 919/1/437 918/1/437 479/1/437
f 169/1/262 1501/1/262 1511/1/262 170/1/262
f 1221/1/438 1156/1/438 1157/1/438 1220/1/438
f 188/1/404 1543/1/404 1542/1/404 189/1/404
f 7/1/439 1240/1/439 1239/1/439 8/1/439
f 181/1/185 1428/1/185 1427/1/185 179/1/185
f 232/1/148 1424/1/148 1423/1/148 233/1/148
f 213/1/440 1553/1/440 1552/1/440 203/1/440
f 957/1/142 419/1/142 399/1/142 947/1/142
f 382/1/393 964/1/393 963/1/393 384/1/393
f 214/1/264 1562/1/264 1561/1/264 215/1/264
f 150/1/441 1518/1/441 1517/1/441 151/1/441
f 173/1/441 1431/1/441 1430/1/441 171/1/441
f 520/1/442 1004/1/442 1003/1/442 521/1/442
f 398/1/231 934/1/231 946/1/231 396/1/231
f 471/1/443 996/1/443 1008/1/443 473/1/443
f 410/1/444 974/1/444 973/1/444 448/1/444
f 1336/1/445 1297/1/445 1296/1/445 1335/1/445
f 516/1/446 1031/1/446 1030/1/446 517/1/446
f 354/1/447 1054/1/447 1053/1/447 362/1/447
f 1199/1/448 1178/1/448 1179/1/448 1198/1/448
f 1530/1/161 104/1/161 140/1/161 1520/1/161
f 55/1/449 1380/1/449 1379/1/449 40/1/449
f 211/1/450 1539/1/450 1538/1/450 199/1/450
f 291/1/451 1080/1/451 1079/1/451 301/1/451
f 1321/1/452 1291/1/452 1292/1/452 1320/1/452
f 390/1/453 991/1/453 990/1/453 391/1/453
f 1216/1/454 1161/1/454 1162/1/454 1215/1/454
f 537/1/239 998/1/239 997/1/239 538/1/239
f 1557/1/142 157/1/142 121/1/142 1556/1/142
f 329/1/455 1104/1/455 1126/1/455 330/1/455
f 208/1/456 1410/1/456 1413/1/456 209/1/456
f 996/1/161 471/1/161 422/1/161 995/1/161
f 424/1/162 965/1/162 975/1/162 409/1/162
f 1495/1/142 101/1/142 154/1/142 1494/1/142
f 75/1/457 1267/1/457 1266/1/457 47/1/457
f 1186/1/458 1147/1/458 1148/1/458 1185/1/458
f 174/1/459 1418/1/459 1417/1/459 176/1/459
f 531/1/213 1024/1/213 1023/1/213 506/1/213
f 1218/1/460 1159/1/460 1160/1/460 1217/1/460
f 538/1/281 997/1/281 1018/1/281 539/1/281
f 108/1/250 1529/1/250 1528/1/250 106/1/250
f 47/1/461 1266/1/461 1265/1/461 85/1/461
f 35/1/462 1370/1/462 1369/1/462 84/1/462
f 84/1/463 1369/1/463 1368/1/463 45/1/463
f 287/1/464 1127/1/464 1103/1/464 289/1/464
f 77/1/465 1235/1/465 1234/1/465 36/1/465
f 545/1/291 1015/1/291 1014/1/291 546/1/291
f 72/1/466 1394/1/466 1393/1/466 73/1/466
f 183/1/374 1425/1/374 1442/1/374 127/1/374
f 46/1/467 1367/1/467 1366/1/467 98/1/467
f 229/1/468 1416/1/468 1415/1/468 230/1/468
f 1556/1/41 121/1/41 122/1/41 1555/1/41
f 1402/1/469 15/1/469 3/1/469 1401/1/469
f 1314/1/470 1303/1/470 1304/1/470 1358/1/470
f 321/1/471 1090/1/471 1089/1/471 322/1/471
f 99/1/472 1365/1/472 1364/1/472 100/1/472
f 402/1/312 901/1/312 900/1/312 403/1/312
f 296/1/473 1058/1/473 1057/1/473 332/1/473
f 526/1/181 1011/1/181 1010/1/181 472/1/181
f 1197/1/474 1180/1/474 1143/1/474 1196/1/474
f 86/1/475 1264/1/475 1263/1/475 34/1/475
f 1021/1/161 500/1/161 468/1/161 1020/1/161
f 1316/1/476 1301/1/476 1302/1/476 1315/1/476
f 659/1/477 584/1/477 608/1/477 660/1/477
f 1352/1/478 1310/1/478 1311/1/478 1351/1/478
f 362/1/479 1053/1/479 1052/1/479 365/1/479
f 673/1/480 555/1/480 554/1/480 671/1/480
f 1348/1/481 1270/1/481 1271/1/481 1347/1/481
f 52/1/482 1243/1/482 1242/1/482 5/1/482
f 425/1/483 977/1/483 976/1/483 426/1/483
f 149/1/459 1505/1/459 1504/1/459 147/1/459
f 1373/1/1 1374/1/1 1396/1/1
f 1364/1/1 1365/1/1 1377/1/1
f 1377/1/1 1365/1/1 1366/1/1
f 1374/1/1 1375/1/1 1396/1/1
f 1396/1/1 1375/1/1 1376/1/1
f 1233/1/1 1234/1/1 1312/1/1 1311/1/1
f 1377/1/5 1360/1/5 1361/1/5
f 1366/1/1 1367/1/1 1377/1/1
f 1377/1/6 1367/1/6 1368/1/6
f 1377/1/3 1368/1/3 1369/1/3
f 1369/1/1 1370/1/1 1377/1/1
f 1377/1/7 1370/1/7 1392/1/7
f 1377/1/1 1392/1/1 1393/1/1
f 1405/1/142 1406/1/142 1/1/142 21/1/142
f 1372/1/9 1397/1/9 1398/1/9
f 1382/1/1 1383/1/1 1372/1/1
f 1372/1/1 1383/1/1 1384/1/1
f 1384/1/1 1385/1/1 1372/1/1
f 1372/1/1 1385/1/1 1386/1/1
f 1372/1/9 1386/1/9 1387/1/9
f 1389/1/484 1390/1/484 1391/1/484
f 1379/1/485 1380/1/485 1378/1/485
f 1378/1/486 1380/1/486 1381/1/486
f 1378/1/1 1381/1/1 1377/1/1
f 1377/1/11 1381/1/11 1359/1/11
f 1377/1/6 1359/1/6 1360/1/6
f 1361/1/1 1362/1/1 1377/1/1
f 1377/1/6 1362/1/6 1363/1/6
f 1377/1/4 1363/1/4 1364/1/4
f 1393/1/1 1394/1/1 1377/1/1
f 1377/1/7 1394/1/7 1395/1/7
f 1398/1/10 1399/1/10 1372/1/10
f 1372/1/5 1399/1/5 1400/1/5
f 1372/1/4 1400/1/4 1382/1/4
f 1387/1/12 1388/1/12 1372/1/12
f 1372/1/1 1388/1/1 1389/1/1
f 1372/1/1 1389/1/1 1371/1/1
f 1371/1/1 1389/1/1 1391/1/1
f 1019/1/142 469/1/142 470/1/142 1009/1/142
f 74/1/487 1392/1/487 1370/1/487 35/1/487
f 17/1/161 1403/1/161 19/1/161
f 19/1/161 1403/1/161 1404/1/161
f 19/1/161 1404/1/161 20/1/161
f 1184/1/488 1149/1/488 1150/1/488 1183/1/488
f 1355/1/3 1340/1/3 1339/1/3 1356/1/3
f 1/1/142 1406/1/142 2/1/142
f 175/1/243 1432/1/243 1431/1/243 173/1/243
f 1405/1/1 1404/1/1 1406/1/1
f 1406/1/1 1404/1/1 1403/1/1
f 1406/1/1 1403/1/1 1401/1/1
f 1401/1/1 1403/1/1 1402/1/1
f 388/1/356 989/1/356 988/1/356 404/1/356
f 43/1/489 1374/1/489 1373/1/489 42/1/489
f 328/1/490 1109/1/490 1108/1/490 349/1/490
f 310/1/491 1064/1/491 1063/1/491 311/1/491
f 290/1/492 1081/1/492 1080/1/492 291/1/492
f 40/1/493 1379/1/493 1378/1/493 41/1/493
f 262/1/251 1478/1/251 1477/1/251 271/1/251
f 29/1/494 1400/1/494 1399/1/494 30/1/494
f 241/1/495 1453/1/495 1452/1/495 242/1/495
f 30/1/496 1399/1/496 1398/1/496 31/1/496
f 176/1/427 1417/1/427 1432/1/427 175/1/427
f 1182/1/497 1151/1/497 1152/1/497 1181/1/497
f 319/1/498 1122/1/498 1121/1/498 359/1/498
f 222/1/246 1448/1/246 1447/1/246 223/1/246
f 1341/1/499 1277/1/499 1278/1/499 1340/1/499
f 56/1/500 1372/1/500 1371/1/500 57/1/500
f 353/1/501 1115/1/501 1136/1/501 333/1/501
f 1351/1/502 1311/1/502 1312/1/502 1350/1/502
f 278/1/503 1077/1/503 1076/1/503 279/1/503
f 61/1/504 1388/1/504 1387/1/504 81/1/504
f 70/1/505 1396/1/505 1395/1/505 71/1/505
f 1532/1/142 124/1/142 105/1/142 1531/1/142
f 490/1/506 955/1/506 954/1/506 527/1/506
f 670/1/507 573/1/507 575/1/507 647/1/507
f 1333/1/508 1279/1/508 1280/1/508 1332/1/508
f 171/1/509 1430/1/509 1429/1/509 182/1/509
f 1353/1/510 1309/1/510 1310/1/510 1352/1/510
f 45/1/511 1368/1/511 1367/1/511 46/1/511
f 1410/1/161 208/1/161 196/1/161 1409/1/161
f 179/1/512 1427/1/512 1426/1/512 184/1/512
f 224/1/362 1446/1/362 1467/1/362 243/1/362
f 246/1/513 1474/1/513 1473/1/513 263/1/513
f 80/1/514 1227/1/514 1226/1/514 95/1/514
f 1401/1/41 3/1/41 2/1/41 1406/1/41
f 1403/1/46 17/1/46 15/1/46 1402/1/46
f 119/1/176 1499/1/176 1498/1/176 120/1/176
f 230/1/355 1415/1/355 1414/1/355 231/1/355
f 356/1/515 1096/1/515 1095/1/515 357/1/515
f 31/1/516 1398/1/516 1397/1/516 32/1/516
f 270/1/335 1461/1/335 1460/1/335 269/1/335
f 67/1/517 1384/1/517 1383/1/517 68/1/517
f 60/1/518 1389/1/518 1388/1/518 61/1/518
f 1496/1/46 102/1/46 101/1/46 1495/1/46
f 324/1/519 1099/1/519 1098/1/519 325/1/519
f 320/1/520 1091/1/520 1090/1/520 321/1/520
f 1334/1/521 1269/1/521 1279/1/521 1333/1/521
f 177/1/419 1422/1/419 1421/1/419 178/1/419
f 221/1/522 1451/1/522 1450/1/522 220/1/522
f 343/1/523 1068/1/523 1067/1/523 344/1/523
f 352/1/524 1055/1/524 1054/1/524 354/1/524
f 95/1/525 1226/1/525 1225/1/525 96/1/525
f 307/1/526 1070/1/526 1069/1/526 308/1/526
f 142/1/527 1457/1/527 1456/1/527 205/1/527
f 8/1/528 1239/1/528 1238/1/528 9/1/528
f 282/1/529 1073/1/529 1091/1/529 320/1/529
f 660/1/530 608/1/530 607/1/530 662/1/530
f 492/1/326 913/1/326 912/1/326 493/1/326
f 1325/1/531 1287/1/531 1288/1/531 1324/1/531
f 322/1/532 1089/1/532 1088/1/532 323/1/532
f 707/1/533 590/1/533 615/1/533 704/1/533
f 377/1/534 874/1/534 877/1/534 378/1/534
f 6/1/535 1241/1/535 1240/1/535 7/1/535
f 302/1/536 1078/1/536 1077/1/536 278/1/536
f 279/1/537 1076/1/537 1075/1/537 284/1/537
f 247/1/538 1492/1/538 1491/1/538 248/1/538
f 206/1/539 1455/1/539 1454/1/539 207/1/539
f 693/1/540 598/1/540 597/1/540 714/1/540
f 461/1/412 895/1/412 894/1/412 460/1/412
f 548/1/211 1040/1/211 1039/1/211 549/1/211
f 76/1/541 1236/1/541 1235/1/541 77/1/541
f 547/1/198 1041/1/198 1040/1/198 548/1/198
f 1347/1/542 1271/1/542 1272/1/542 1346/1/542
f 1497/1/161 117/1/161 102/1/161 1496/1/161
f 255/1/543 1563/1/543 1562/1/543 214/1/543
f 151/1/509 1517/1/509 1516/1/509 139/1/509
f 238/1/544 1559/1/544 1558/1/544 256/1/544
f 1224/1/545 1153/1/545 1154/1/545 1223/1/545
f 191/1/546 1470/1/546 1482/1/546 186/1/546
f 295/1/381 1059/1/381 1058/1/381 296/1/381
f 334/1/547 1087/1/547 1086/1/547 335/1/547
f 62/1/548 1261/1/548 1260/1/548 63/1/548
f 66/1/549 1376/1/549 1375/1/549 44/1/549
f 709/1/550 566/1/550 564/1/550 710/1/550
f 266/1/551 1486/1/551 1485/1/551 265/1/551
f 511/1/552 935/1/552 956/1/552 489/1/552
f 647/1/553 575/1/553 577/1/553 648/1/553
f 289/1/554 1103/1/554 1102/1/554 303/1/554
f 1409/1/1 1408/1/1 1410/1/1
f 1410/1/1 1408/1/1 1407/1/1
f 1469/1/1 1468/1/1 1458/1/1
f 1459/1/3 1460/1/3 1417/1/3
f 1417/1/1 1460/1/1 1461/1/1
f 664/1/46 677/1/46 676/1/46 665/1/46
f 1435/1/1 1454/1/1 1455/1/1
f 1543/1/4 1521/1/4 1522/1/4 1542/1/4
f 1007/1/13 985/1/13 986/1/13 1006/1/13
f 973/1/13 974/1/13 1025/1/13 1026/1/13
f 1507/1/1 1563/1/1 1564/1/1 1506/1/1
f 1493/1/1 1483/1/1 1407/1/1
f 1407/1/1 1483/1/1 1484/1/1
f 1407/1/1 1484/1/1 1410/1/1
f 1410/1/1 1484/1/1 1485/1/1
f 1410/1/1 1485/1/1 1486/1/1
f 1486/1/1 1487/1/1 1410/1/1
f 1410/1/1 1487/1/1 1488/1/1
f 964/1/13 961/1/13 1039/1/13 1040/1/13
f 1576/1/1 1577/1/1 1499/1/1 1500/1/1
f 740/1/555 742/1/555 640/1/555 645/1/555
f 880/1/13 875/1/13 955/1/13 956/1/13
f 1248/1/1 1253/1/1 1279/1/1 1269/1/1
f 1016/1/13 1017/1/13 980/1/13 981/1/13
f 1479/1/1 1480/1/1 1417/1/1
f 1417/1/1 1480/1/1 1481/1/1
f 1417/1/4 1481/1/4 1482/1/4
f 296/1/22 332/1/22 331/1/22 297/1/22
f 46/1/1 98/1/1 75/1/1 47/1/1
f 1471/1/1 1414/1/1 1415/1/1
f 1458/1/1 1459/1/1 1469/1/1
f 1469/1/1 1459/1/1 1417/1/1
f 1469/1/1 1417/1/1 1470/1/1
f 1470/1/1 1417/1/1 1482/1/1
f 1530/1/1 1520/1/1 1532/1/1 1531/1/1
f 1119/1/23 1120/1/23 1178/1/23 1177/1/23
f 1457/1/1 1434/1/1 1456/1/1
f 1522/1/1 1523/1/1 1540/1/1 1541/1/1
f 928/1/13 929/1/13 894/1/13 895/1/13
f 1524/1/3 1525/1/3 1538/1/3 1539/1/3
f 1525/1/1 1526/1/1 1537/1/1 1538/1/1
f 1562/1/3 1508/1/3 1509/1/3 1561/1/3
f 1097/1/22 1098/1/22 1158/1/22 1157/1/22
f 1450/1/1 1439/1/1 1440/1/1
f 1096/1/13 1097/1/13 1157/1/13 1156/1/13
f 1528/1/1 1529/1/1 1535/1/1 1536/1/1
f 1529/1/1 1512/1/1 1534/1/1 1535/1/1
f 1512/1/1 1513/1/1 1533/1/1 1534/1/1
f 1513/1/1 1514/1/1 1554/1/1 1533/1/1
f 1514/1/1 1515/1/1 1553/1/1 1554/1/1
f 1516/1/1 1552/1/1 1553/1/1 1515/1/1
f 1432/1/3 1462/1/3 1463/1/3
f 471/1/13 473/1/13 472/1/13 470/1/13
f 1551/1/1 1552/1/1 1517/1/1 1518/1/1
f 1430/1/1 1465/1/1 1429/1/1
f 1214/1/556 1163/1/556 1164/1/556 1213/1/556
f 1046/1/557 373/1/557 371/1/557 1045/1/557
f 134/1/558 1435/1/558 1434/1/558 163/1/558
f 271/1/286 1477/1/286 1476/1/286 272/1/286
f 1319/1/559 1293/1/559 1294/1/559 1318/1/559
f 269/1/20 1460/1/20 1459/1/20 143/1/20
f 136/1/354 1507/1/354 1506/1/354 138/1/354
f 340/1/560 1083/1/560 1061/1/560 338/1/560
f 1191/1/561 1138/1/561 1137/1/561 1190/1/561
f 299/1/562 1051/1/562 1072/1/562 300/1/562
f 504/1/563 1027/1/563 1026/1/563 505/1/563
f 256/1/194 1558/1/194 1579/1/194 216/1/194
f 358/1/564 1094/1/564 1093/1/564 366/1/564
f 133/1/565 1436/1/565 1435/1/565 134/1/565
f 288/1/566 313/1/566 573/1/566 670/1/566
f 416/1/444 887/1/444 886/1/444 458/1/444
f 455/1/567 980/1/567 979/1/567 456/1/567
f 120/1/360 1498/1/360 1503/1/360 167/1/360
f 292/1/568 1082/1/568 1081/1/568 290/1/568
f 460/1/164 894/1/164 893/1/164 465/1/164
f 1469/1/41 116/1/41 115/1/41 1468/1/41
f 135/1/512 1514/1/512 1513/1/512 152/1/512
f 1340/1/569 1278/1/569 1300/1/569 1339/1/569
f 83/1/570 1385/1/570 1384/1/570 67/1/570
f 530/1/202 1025/1/202 1024/1/202 531/1/202
f 198/1/280 1537/1/280 1536/1/280 197/1/280
f 1049/1/41 370/1/41 369/1/41 1048/1/41
f 152/1/409 1513/1/409 1512/1/409 153/1/409
f 167/1/468 1503/1/468 1502/1/468 168/1/468
f 907/1/142 394/1/142 436/1/142 897/1/142
f 1328/1/571 1284/1/571 1285/1/571 1327/1/571
f 326/1/572 1097/1/572 1096/1/572 356/1/572
f 692/1/573 562/1/573 561/1/573 690/1/573
f 88/1/574 1361/1/574 1360/1/574 87/1/574
f 185/1/575 1484/1/575 1483/1/575 192/1/575
f 257/1/328 1577/1/328 1576/1/328 258/1/328
f 1493/1/161 193/1/161 192/1/161 1483/1/161
f 118/1/576 1500/1/576 1499/1/576 119/1/576
f 476/1/446 944/1/446 943/1/446 477/1/446
f 1580/1/161 155/1/161 156/1/161 1570/1/161
f 1193/1/577 1140/1/577 1139/1/577 1192/1/577
f 346/1/578 1113/1/578 1112/1/578 347/1/578
f 364/1/579 1117/1/579 1116/1/579 355/1/579
f 209/1/580 1413/1/580 1412/1/580 227/1/580
f 512/1/203 929/1/203 928/1/203 513/1/203
f 110/1/581 1525/1/581 1524/1/581 111/1/581
f 521/1/273 1003/1/273 1002/1/273 522/1/273
f 244/1/440 1466/1/440 1465/1/440 225/1/440
f 259/1/582 1575/1/582 1574/1/582 218/1/582
f 68/1/583 1383/1/583 1382/1/583 69/1/583
f 347/1/584 1112/1/584 1111/1/584 348/1/584
f 713/1/585 593/1/585 591/1/585 706/1/585
f 363/1/586 1118/1/586 1117/1/586 364/1/586
f 182/1/401 1429/1/401 1428/1/401 181/1/401
f 129/1/587 1440/1/587 1439/1/587 130/1/587
f 318/1/588 1123/1/588 1122/1/588 319/1/588
f 1220/1/589 1157/1/589 1158/1/589 1219/1/589
f 125/1/590 1546/1/590 1545/1/590 123/1/590
f 508/1/199 1037/1/199 1036/1/199 507/1/199
f 106/1/233 1528/1/233 1527/1/233 107/1/233
f 506/1/187 1023/1/187 1022/1/187 543/1/187
f 44/1/591 1375/1/591 1374/1/591 43/1/591
f 276/1/582 1488/1/582 1487/1/582 249/1/582
f 126/1/592 1544/1/592 1543/1/592 188/1/592
f 1187/1/593 1146/1/593 1147/1/593 1186/1/593
f 199/1/522 1538/1/522 1537/1/522 198/1/522
f 675/1/594 626/1/594 555/1/594 673/1/594
f 242/1/595 1452/1/595 1451/1/595 221/1/595
f 874/1/142 377/1/142 376/1/142 873/1/142
f 225/1/310 1465/1/310 1464/1/310 226/1/310
f 465/1/596 893/1/596 892/1/596 466/1/596
f 480/1/597 917/1/597 916/1/597 481/1/597
f 41/1/598 1378/1/598 1377/1/598 65/1/598
f 348/1/599 1111/1/599 1110/1/599 327/1/599
f 189/1/600 1542/1/600 1541/1/600 190/1/600
f 380/1/242 903/1/242 902/1/242 401/1/242
f 159/1/601 1569/1/601 1568/1/601 160/1/601
f 160/1/415 1568/1/415 1567/1/415 234/1/415
f 714/1/602 597/1/602 569/1/602 715/1/602
f 1208/1/603 1169/1/603 1170/1/603 1207/1/603
f 90/1/604 1362/1/604 1361/1/604 88/1/604
f 260/1/358 1480/1/358 1479/1/358 261/1/358
f 24/1/605 1254/1/605 1252/1/605 25/1/605
f 11/1/606 1256/1/606 1255/1/606 14/1/606
f 240/1/607 1573/1/607 1572/1/607 239/1/607
f 216/1/538 1579/1/538 1578/1/538 217/1/538
f 235/1/269 1566/1/269 1565/1/269 236/1/269
f 1496/1/1 1495/1/1 1497/1/1
f 1497/1/1 1495/1/1 1494/1/1
f 1556/1/1 1555/1/1 1545/1/1
f 1546/1/1 1547/1/1 1504/1/1
f 1504/1/1 1547/1/1 1548/1/1
f 1461/1/1 1462/1/1 1432/1/1 1417/1/1
f 1522/1/1 1541/1/1 1542/1/1
f 708/1/46 716/1/46 709/1/46 691/1/46
f 1417/1/3 1418/1/3 1478/1/3 1479/1/3
f 1418/1/1 1419/1/1 1477/1/1 1478/1/1
f 1377/1/1 1395/1/1 1396/1/1 1376/1/1
f 1580/1/1 1570/1/1 1494/1/1
f 1494/1/1 1570/1/1 1571/1/1
f 1494/1/1 1571/1/1 1497/1/1
f 1497/1/1 1571/1/1 1572/1/1
f 1497/1/1 1572/1/1 1573/1/1
f 1573/1/1 1574/1/1 1497/1/1
f 1497/1/1 1574/1/1 1575/1/1
f 1488/1/4 1489/1/4 1413/1/4 1410/1/4
f 1242/1/1 1243/1/1 1292/1/1 1291/1/1
f 1490/1/1 1491/1/1 1411/1/1 1412/1/1
f 1491/1/3 1492/1/3 1416/1/3 1411/1/3
f 1492/1/1 1471/1/1 1415/1/1 1416/1/1
f 1473/1/1 1474/1/1 1422/1/1 1423/1/1
f 1566/1/1 1567/1/1 1504/1/1
f 1504/1/1 1567/1/1 1568/1/1
f 1504/1/1 1568/1/1 1569/1/1
f 1423/1/1 1424/1/1 1472/1/1 1473/1/1
f 1424/1/1 1414/1/1 1471/1/1 1472/1/1
f 1558/1/1 1501/1/1 1502/1/1
f 1545/1/1 1546/1/1 1556/1/1
f 1556/1/1 1546/1/1 1504/1/1
f 1556/1/1 1504/1/1 1557/1/1
f 1557/1/1 1504/1/1 1569/1/1
f 907/1/13 897/1/13 909/1/13 908/1/13
f 1433/1/1 1434/1/1 1457/1/1 1445/1/1
f 1544/1/1 1521/1/1 1543/1/1
f 1264/1/1 1265/1/1 1276/1/1 1275/1/1
f 1436/1/1 1437/1/1 1452/1/1 1453/1/1
f 625/82/41 628/84/41 624/80/41 623/79/41
f 902/1/13 903/1/13 914/1/13 915/1/13
f 833/1/608 835/1/608 680/1/608 681/1/608
f 1476/1/1 1420/1/1 1421/1/1 1475/1/1
f 1537/1/4 1526/1/4 1527/1/4
f 1440/1/1 1441/1/1 1449/1/1 1450/1/1
f 1111/1/13 1112/1/13 1148/1/13 1147/1/13
f 1132/1/13 1133/1/13 1169/1/13 1168/1/13
f 1130/1/13 1131/1/13 1167/1/13 1166/1/13
f 1464/1/1 1465/1/1 1430/1/1 1431/1/1
f 1504/1/3 1505/1/3 1565/1/3 1566/1/3
f 846/1/609 844/1/609 616/1/609 612/1/609
f 1519/1/4 1549/1/4 1550/1/4
f 1463/1/4 1464/1/4 1431/1/4 1432/1/4
f 987/1/13 988/1/13 1003/1/13 1004/1/13
f 1517/1/1 1552/1/1 1516/1/1
f 1323/1/1 1322/1/1 1333/1/1
f 1101/1/13 1102/1/13 1162/1/13 1161/1/13
f 887/1/13 888/1/13 937/1/13 938/1/13
f 1339/1/1 1358/1/1 1357/1/1
f 1336/1/3 1335/1/3 1322/1/3
f 1322/1/1 1335/1/1 1334/1/1
f 1322/1/4 1334/1/4 1333/1/4
f 1336/1/1 1322/1/1 1337/1/1
f 1337/1/3 1322/1/3 1321/1/3
f 1337/1/1 1321/1/1 1320/1/1
f 1317/1/1 1316/1/1 1337/1/1
f 1337/1/1 1316/1/1 1315/1/1
f 1320/1/1 1319/1/1 1337/1/1
f 1337/1/4 1319/1/4 1318/1/4
f 1337/1/9 1318/1/9 1317/1/9
f 1357/1/1 1356/1/1 1339/1/1
f 1115/1/13 1116/1/13 1174/1/13 1173/1/13
f 1340/1/1 1355/1/1 1341/1/1
f 1333/1/1 1332/1/1 1323/1/1
f 1323/1/5 1332/1/5 1331/1/5
f 1323/1/8 1331/1/8 1324/1/8
f 1324/1/3 1331/1/3 1330/1/3
f 1324/1/5 1330/1/5 1329/1/5
f 1329/1/1 1328/1/1 1324/1/1
f 1324/1/7 1328/1/7 1327/1/7
f 1324/1/17 1327/1/17 1325/1/17
f 1325/1/1 1327/1/1 1326/1/1
f 1344/1/1 1343/1/1 1355/1/1
f 1355/1/3 1343/1/3 1342/1/3
f 1355/1/1 1342/1/1 1341/1/1
f 1354/1/5 1346/1/5 1355/1/5
f 1355/1/4 1346/1/4 1345/1/4
f 1355/1/1 1345/1/1 1344/1/1
f 1354/1/1 1353/1/1 1346/1/1
f 1346/1/1 1353/1/1 1352/1/1
f 1346/1/1 1352/1/1 1351/1/1
f 1351/1/1 1350/1/1 1346/1/1
f 1346/1/610 1350/1/610 1349/1/610
f 1346/1/17 1349/1/17 1347/1/17
f 1347/1/1 1349/1/1 1348/1/1
f 1235/1/1 1236/1/1 1270/1/1 1313/1/1
f 653/1/611 784/1/611 777/1/611
f 857/1/612 859/1/612 667/1/612 705/1/612
f 651/1/613 780/1/613 727/1/613
f 1243/1/1 1244/1/1 1293/1/1 1292/1/1
f 649/1/614 730/1/614 732/1/614
f 771/1/615 769/1/615 552/1/615 563/1/615
f 646/1/616 734/1/616 736/1/616
f 395/1/13 439/1/13 438/1/13 437/1/13
f 645/1/617 738/1/617 740/1/617
f 763/1/618 761/1/618 557/1/618 553/1/618
f 640/1/619 742/1/619 744/1/619
f 759/1/620 757/1/620 558/1/620 557/1/620
f 641/1/621 746/1/621 748/1/621
f 755/1/622 753/1/622 559/1/622 558/1/622
f 658/1/623 750/1/623 752/1/623
f 834/1/624 832/1/624 603/1/624 618/1/624
f 657/1/625 754/1/625 756/1/625
f 927/1/13 928/1/13 895/1/13 896/1/13
f 656/1/626 758/1/626 760/1/626
f 743/1/627 741/1/627 571/1/627 570/1/627
f 686/1/628 762/1/628 764/1/628
f 739/1/629 737/1/629 572/1/629 571/1/629
f 687/1/630 766/1/630 768/1/630
f 735/1/631 733/1/631 574/1/631 572/1/631
f 689/1/632 770/1/632 772/1/632
f 809/1/633 811/1/633 665/1/633 676/1/633
f 691/1/634 774/1/634 776/1/634
f 805/1/635 807/1/635 676/1/635 724/1/635
f 708/1/636 785/1/636 787/1/636
f 85/1/1 86/1/1 35/1/1 84/1/1
f 694/1/637 789/1/637 791/1/637
f 691/1/46 692/1/46 690/1/46 689/1/46
f 1396/1/3 1397/1/3 1372/1/3 1373/1/3
f 674/1/638 795/1/638 797/1/638
f 866/1/639 864/1/639 587/1/639 589/1/639
f 719/1/640 799/1/640 801/1/640
f 862/1/641 860/1/641 594/1/641 587/1/641
f 724/1/642 803/1/642 805/1/642
f 858/1/643 856/1/643 592/1/643 594/1/643
f 676/1/644 807/1/644 809/1/644
f 854/1/645 852/1/645 613/1/645 592/1/645
f 665/1/646 811/1/646 813/1/646
f 768/1/647 770/1/647 689/1/647 687/1/647
f 697/1/648 815/1/648 817/1/648
f 764/1/649 766/1/649 687/1/649 686/1/649
f 698/1/650 819/1/650 821/1/650
f 760/1/651 762/1/651 686/1/651 656/1/651
f 699/1/652 823/1/652 825/1/652
f 756/1/653 758/1/653 656/1/653 657/1/653
f 682/1/654 827/1/654 829/1/654
f 752/1/655 754/1/655 657/1/655 658/1/655
f 681/1/656 831/1/656 833/1/656
f 830/1/657 828/1/657 604/1/657 603/1/657
f 680/1/658 835/1/658 837/1/658
f 744/1/659 746/1/659 641/1/659 640/1/659
f 679/1/660 839/1/660 841/1/660
f 822/1/661 820/1/661 629/1/661 605/1/661
f 700/1/662 843/1/662 845/1/662
f 736/1/663 738/1/663 645/1/663 646/1/663
f 701/1/664 847/1/664 849/1/664
f 814/1/665 812/1/665 632/1/665 630/1/665
f 703/1/666 851/1/666 853/1/666
f 727/1/667 730/1/667 649/1/667 651/1/667
f 705/1/668 855/1/668 857/1/668
f 806/1/669 804/1/669 623/1/669 634/1/669
f 667/1/670 859/1/670 861/1/670
f 792/1/671 790/1/671 567/1/671 599/1/671
f 669/1/672 863/1/672 865/1/672
f 798/1/673 796/1/673 556/1/673 625/1/673
f 1425/1/1 1426/1/1 1446/1/1 1447/1/1
f 661/1/674 870/1/674 781/1/674
f 781/1/675 784/1/675 653/1/675 661/1/675
f 567/1/676 790/1/676 788/1/676
f 1110/1/13 1111/1/13 1147/1/13 1146/1/13
f 565/1/677 786/1/677 775/1/677
f 853/1/678 855/1/678 705/1/678 703/1/678
f 563/1/679 773/1/679 771/1/679
f 849/1/680 851/1/680 703/1/680 701/1/680
f 552/1/681 769/1/681 767/1/681
f 818/1/682 816/1/682 630/1/682 629/1/682
f 553/1/683 765/1/683 763/1/683
f 841/1/684 843/1/684 700/1/684 679/1/684
f 557/1/685 761/1/685 759/1/685
f 826/1/686 824/1/686 605/1/686 604/1/686
f 558/1/687 757/1/687 755/1/687
f 1105/1/13 1106/1/13 1137/1/13 1138/1/13
f 559/1/688 753/1/688 751/1/688
f 829/1/689 831/1/689 681/1/689 682/1/689
f 560/1/690 749/1/690 747/1/690
f 825/1/691 827/1/691 682/1/691 699/1/691
f 570/1/692 745/1/692 743/1/692
f 842/1/693 840/1/693 617/1/693 616/1/693
f 571/1/694 741/1/694 739/1/694
f 1266/1/1 1278/1/1 1277/1/1 1265/1/1
f 572/1/695 737/1/695 735/1/695
f 850/1/696 848/1/696 612/1/696 613/1/696
f 574/1/697 733/1/697 731/1/697
f 772/1/698 774/1/698 691/1/698 689/1/698
f 576/1/699 729/1/699 728/1/699
f 776/1/700 785/1/700 708/1/700 691/1/700
f 580/1/701 779/1/701 778/1/701
f 787/1/702 789/1/702 694/1/702 708/1/702
f 583/1/703 783/1/703 782/1/703
f 797/1/704 799/1/704 719/1/704 674/1/704
f 868/1/705 866/1/705 589/1/705 611/1/705
f 674/1/46 675/1/46 673/1/46 672/1/46
f 791/1/706 793/1/706 672/1/706 694/1/706
f 587/1/707 864/1/707 862/1/707
f 778/1/708 783/1/708 583/1/708 580/1/708
f 594/1/709 860/1/709 858/1/709
f 897/1/13 898/1/13 921/1/13 909/1/13
f 592/1/710 856/1/710 854/1/710
f 1226/1/1 1227/1/1 1305/1/1 1304/1/1
f 613/1/711 852/1/711 850/1/711
f 731/1/712 729/1/712 576/1/712 574/1/712
f 612/1/713 848/1/713 846/1/713
f 817/1/714 819/1/714 698/1/714 697/1/714
f 616/1/715 844/1/715 842/1/715
f 1520/1/1 1521/1/1 1544/1/1 1532/1/1
f 617/1/716 840/1/716 838/1/716
f 747/1/717 745/1/717 570/1/717 560/1/717
f 618/1/718 836/1/718 834/1/718
f 124/1/1 126/1/1 125/1/1 123/1/1
f 603/1/719 832/1/719 830/1/719
f 748/1/720 750/1/720 658/1/720 641/1/720
f 604/1/721 828/1/721 826/1/721
f 583/60/41 584/63/41 582/43/41 580/42/41
f 605/1/722 824/1/722 822/1/722
f 1092/1/13 1093/1/13 1153/1/13 1152/1/13
f 629/1/723 820/1/723 818/1/723
f 845/1/724 847/1/724 701/1/724 700/1/724
f 630/1/725 816/1/725 814/1/725
f 882/1/13 883/1/13 941/1/13 942/1/13
f 632/1/726 812/1/726 810/1/726
f 775/1/727 773/1/727 563/1/727 565/1/727
f 634/1/728 808/1/728 806/1/728
f 788/1/729 786/1/729 565/1/729 567/1/729
f 623/1/730 804/1/730 802/1/730
f 861/1/731 863/1/731 669/1/731 667/1/731
f 625/1/732 800/1/732 798/1/732
f 867/1/733 870/1/733 661/1/733 644/1/733
f 865/1/734 867/1/734 644/1/734 669/1/734
f 599/1/735 794/1/735 792/1/735
f 393/1/736 550/1/736 688/1/736
f 602/1/736 375/1/736 393/1/736
f 393/1/736 688/1/736 602/1/736
f 381/1/534 961/1/534 964/1/534 382/1/534
f 1194/1/737 1141/1/737 1140/1/737 1193/1/737
f 485/1/173 925/1/173 924/1/173 486/1/173
f 272/1/543 1476/1/543 1475/1/543 245/1/543
f 723/1/738 639/1/738 638/1/738 725/1/738
f 1531/1/41 105/1/41 104/1/41 1530/1/41
f 327/1/739 1110/1/739 1109/1/739 328/1/739
f 157/1/740 1557/1/740 1569/1/740 159/1/740
f 642/1/741 620/1/741 619/1/741 643/1/741
f 715/1/742 569/1/742 568/1/742 716/1/742
f 294/1/743 1084/1/743 1083/1/743 340/1/743
f 648/1/744 577/1/744 578/1/744 650/1/744
f 695/1/745 600/1/745 598/1/745 693/1/745
f 873/1/46 376/1/46 387/1/46 872/1/46
f 428/1/195 876/1/195 875/1/195 429/1/195
f 533/1/506 1042/1/506 1041/1/506 547/1/506
f 696/1/746 601/1/746 600/1/746 695/1/746
f 158/1/575 1571/1/575 1570/1/575 156/1/575
f 109/1/234 1526/1/234 1525/1/234 110/1/234
f 22/1/747 4/1/747 631/1/747 664/1/747
f 215/1/513 1561/1/513 1560/1/513 237/1/513
f 1331/1/748 1281/1/748 1282/1/748 1330/1/748
f 317/1/749 1124/1/749 1123/1/749 318/1/749
f 446/1/416 949/1/416 948/1/416 397/1/416
f 706/1/750 591/1/750 590/1/750 707/1/750
f 716/1/751 568/1/751 566/1/751 709/1/751
f 677/1/752 633/1/752 636/1/752 678/1/752
f 112/1/565 1523/1/565 1522/1/565 113/1/565
f 1206/1/753 1171/1/753 1172/1/753 1205/1/753
f 717/1/754 622/1/754 624/1/754 718/1/754
f 264/1/544 1472/1/544 1471/1/544 273/1/544
f 265/1/324 1485/1/324 1484/1/324 185/1/324
f 1555/1/161 122/1/161 123/1/161 1545/1/161
f 361/1/755 1119/1/755 1118/1/755 363/1/755
f 685/1/756 588/1/756 586/1/756 668/1/756
f 49/1/757 1231/1/757 1230/1/757 50/1/757
f 111/1/322 1524/1/322 1523/1/322 112/1/322
f 498/1/266 1033/1/266 1032/1/266 515/1/266
f 103/1/758 141/1/758 702/1/758
f 614/1/758 277/1/758 103/1/758
f 103/1/758 702/1/758 614/1/758
f 431/1/483 890/1/483 889/1/483 432/1/483
f 143/1/759 1459/1/759 1458/1/759 145/1/759
f 543/1/552 1022/1/552 1043/1/552 532/1/552
f 432/1/363 889/1/363 906/1/363 433/1/363
f 409/1/141 975/1/141 974/1/141 410/1/141
f 1407/1/41 194/1/41 193/1/41 1493/1/41
f 1181/1/760 1152/1/760 1153/1/760 1224/1/760
f 85/1/761 1265/1/761 1264/1/761 86/1/761
f 643/1/762 619/1/762 610/1/762 683/1/762
f 1217/1/763 1160/1/763 1161/1/763 1216/1/763
f 93/1/764 1251/1/764 1268/1/764 94/1/764
f 718/1/765 624/1/765 628/1/765 720/1/765
f 655/1/766 582/1/766 584/1/766 659/1/766
