# Blender 5.0.1
# www.blender.org
mtllib g0801_obj.mtl
o g0801
v 38.127502 119.554581 124.115387
v 38.127502 119.554581 124.192307
v 38.589043 119.554581 124.192307
v 42.839043 119.554581 131.500000
v 42.109253 119.554581 124.341919
v 42.004208 119.554581 124.425385
v 41.881592 119.554581 124.495712
v 41.746765 119.554581 124.545410
v 41.618698 119.554581 124.570847
v 41.225163 119.554581 124.532433
v 41.092709 119.554581 124.475876
v 41.509113 119.554581 124.576920
v 41.358974 119.554581 124.564804
v 40.978615 119.554581 124.405266
v 38.412960 119.554581 124.500000
v 37.204426 119.554581 131.500000
v 37.858273 119.554581 124.500000
v 37.204426 119.554581 124.115387
v 37.858273 119.554581 124.115387
v 37.858273 119.554581 121.500000
v 38.127502 119.554581 121.500000
v 42.839043 119.554581 116.500000
v 37.204426 119.554581 116.500000
v 40.870041 119.554581 124.312256
v 40.769852 119.554581 124.194931
v 40.717697 119.554581 124.117538
v 40.666851 119.554581 124.026451
v 40.574364 119.554581 123.802322
v 39.769104 119.554581 121.465599
v 39.805016 119.554581 121.474548
v 39.837914 119.554581 121.488647
v 39.870956 119.554581 121.509537
v 41.045879 119.554581 121.550514
v 40.915833 119.554581 121.645119
v 39.973660 119.554581 121.711540
v 41.794441 119.554581 121.468796
v 41.913120 119.554581 121.519745
v 42.453869 119.554581 123.681114
v 42.388210 119.554581 123.910049
v 39.610172 119.554581 121.935280
v 39.577885 119.554581 121.915375
v 39.483543 119.554581 121.783630
v 39.496246 119.554581 121.817200
v 39.515148 119.554581 121.850395
v 39.961876 119.554581 121.791183
v 39.950066 119.554581 121.820396
v 40.605381 119.554581 122.105896
v 42.046902 119.554581 121.604874
v 42.147869 119.554581 121.695694
v 42.238323 119.554581 121.807480
v 42.305782 119.554581 124.088028
v 42.208778 119.554581 124.233963
v 39.723660 119.554581 121.961540
v 39.677803 119.554581 121.957397
v 39.643997 119.554581 121.949318
v 39.476215 119.554581 121.746384
v 39.473660 119.554581 121.711540
v 39.477924 119.554581 121.665398
v 39.486813 119.554581 121.630348
v 39.500973 119.554581 121.597534
v 39.521755 119.554581 121.564629
v 41.183372 119.554581 121.483032
v 41.311710 119.554581 121.444199
v 41.451328 119.554581 121.424637
v 39.547638 119.554581 121.889481
v 39.543861 119.554581 121.885658
v 39.649529 119.554581 121.472374
v 39.682919 119.554581 121.464874
v 39.723660 119.554581 121.461540
v 39.900036 119.554581 121.535149
v 39.928581 119.554581 121.568825
v 39.948696 119.554581 121.601173
v 39.961010 119.554581 121.630424
v 39.968899 119.554581 121.662552
v 40.537361 119.554581 122.330498
v 41.509113 119.554581 121.423080
v 41.659073 119.554581 121.435013
v 42.322720 119.554581 121.947250
v 42.370502 119.554581 122.050934
v 42.445190 119.554581 122.286041
v 39.553028 119.554581 121.529480
v 39.582664 119.554581 121.504921
v 39.614120 119.554581 121.486465
v 39.969532 119.554581 121.757759
v 40.709480 119.554581 121.894569
v 40.811405 119.554581 121.751625
v 39.765892 119.554581 121.957916
v 39.800381 119.554581 121.950417
v 40.507885 119.554581 123.508835
v 39.831734 119.554581 121.938171
v 40.473980 119.554581 123.025078
v 39.863968 119.554581 121.919243
v 40.473660 119.554581 122.998795
v 40.490467 119.554581 122.630699
v 42.500301 119.554581 122.663391
v 42.512119 119.554581 122.998795
v 42.496777 119.554581 123.378258
v 39.928852 119.554581 121.855095
v 39.901814 119.554581 121.887329
v 39.897129 119.554581 121.891991
v 32.665966 119.554581 123.692307
v 32.396736 119.554581 123.692307
v 28.839043 119.554581 124.115387
v 29.396734 119.554581 121.500000
v 29.665966 119.554581 121.500000
v 29.898863 119.554581 123.694359
v 29.793161 119.554581 123.649475
v 30.004230 119.554581 123.720047
v 29.699799 119.554581 123.589668
v 29.616035 119.554581 123.513885
v 29.548197 119.554581 123.427383
v 29.490664 119.554581 123.322105
v 29.449696 119.554581 123.206207
v 29.411167 119.554581 122.989006
v 34.781349 119.554581 121.500000
v 35.050579 119.554581 121.500000
v 32.396736 119.554581 123.311295
v 32.259975 119.554581 123.480705
v 32.156784 119.554581 123.574074
v 32.092648 119.554581 123.619591
v 31.165966 119.554581 121.500000
v 30.896734 119.554581 121.500000
v 30.896734 119.554581 122.352768
v 29.665966 119.554581 122.688705
v 30.875154 119.554581 122.767723
v 29.669945 119.554581 122.869682
v 33.888847 119.554581 123.720047
v 33.783478 119.554581 123.694359
v 33.677776 119.554581 123.649475
v 33.584415 119.554581 123.589668
v 33.500652 119.554581 123.513885
v 33.432812 119.554581 123.427383
v 33.375278 119.554581 123.322105
v 33.334312 119.554581 123.206207
v 30.308723 119.554581 123.713745
v 31.127682 119.554581 123.529068
v 30.429979 119.554581 123.678154
v 31.070892 119.554581 123.462547
v 30.550348 119.554581 123.621338
v 29.396734 119.554581 122.687500
v 28.839043 119.554581 116.500000
v 33.554562 119.554581 122.869682
v 34.759769 119.554581 122.767723
v 33.550579 119.554581 122.688705
v 34.781349 119.554581 122.352768
v 33.550579 119.554581 121.500000
v 30.943008 119.554581 123.201324
v 30.849636 119.554581 123.349640
v 31.008474 119.554581 123.359276
v 30.739738 119.554581 123.477310
v 30.635803 119.554581 123.566498
v 30.174728 119.554581 123.729256
v 30.138922 119.554581 123.730766
v 32.665966 119.554581 121.500000
v 32.396736 119.554581 121.500000
v 32.396736 119.554581 122.422478
v 31.165966 119.554581 122.614784
v 32.379799 119.554581 122.751617
v 31.171032 119.554581 122.839432
v 31.183359 119.554581 122.994400
v 33.281349 119.554581 121.500000
v 33.281349 119.554581 122.687500
v 33.295784 119.554581 122.989006
v 31.397127 119.554581 123.691292
v 31.286417 119.554581 123.643723
v 31.198311 119.554581 123.589096
v 31.926271 119.554581 123.688240
v 31.785501 119.554581 123.720032
v 31.640724 119.554581 123.730766
v 31.509764 119.554581 123.719879
v 34.520420 119.554581 123.566498
v 34.955505 119.554581 123.462547
v 34.624355 119.554581 123.477310
v 34.893089 119.554581 123.359276
v 34.734249 119.554581 123.349640
v 34.827625 119.554581 123.201324
v 35.171032 119.554581 123.643723
v 35.082928 119.554581 123.589096
v 34.193340 119.554581 123.713745
v 35.012299 119.554581 123.529068
v 34.314594 119.554581 123.678154
v 34.434963 119.554581 123.621338
v 34.023537 119.554581 123.730766
v 34.059345 119.554581 123.729256
v 36.264416 119.554581 122.751617
v 35.055649 119.554581 122.839432
v 35.067974 119.554581 122.994400
v 29.680582 119.554581 123.002663
v 29.696171 119.554581 123.097900
v 29.715736 119.554581 123.167221
v 35.050579 119.554581 122.614784
v 36.281349 119.554581 122.422478
v 36.281349 119.554581 121.500000
v 36.550579 119.554581 121.500000
v 36.550579 119.554581 123.692307
v 36.281349 119.554581 123.692307
v 29.960478 119.554581 123.418327
v 29.893976 119.554581 123.383301
v 29.834915 119.554581 123.338943
v 30.036161 119.554581 123.444275
v 30.119091 119.554581 123.458282
v 30.185797 119.554581 123.461540
v 30.486589 119.554581 123.388893
v 30.587315 119.554581 123.325729
v 33.565197 119.554581 123.002663
v 33.580784 119.554581 123.097900
v 33.600353 119.554581 123.167221
v 36.281349 119.554581 123.311295
v 36.144588 119.554581 123.480705
v 29.746038 119.554581 123.231354
v 29.786671 119.554581 123.289680
v 30.303535 119.554581 123.451248
v 30.397123 119.554581 123.427376
v 31.400875 119.554581 123.383522
v 31.453835 119.554581 123.412941
v 31.818222 119.554581 123.448433
v 31.916552 119.554581 123.418968
v 32.260918 119.554581 123.133095
v 33.845093 119.554581 123.418327
v 33.778591 119.554581 123.383301
v 33.719532 119.554581 123.338943
v 33.920776 119.554581 123.444275
v 34.003704 119.554581 123.458282
v 34.070412 119.554581 123.461540
v 34.371204 119.554581 123.388893
v 34.471931 119.554581 123.325729
v 36.041397 119.554581 123.574074
v 35.977264 119.554581 123.619591
v 35.810886 119.554581 123.688240
v 35.670116 119.554581 123.720032
v 35.525341 119.554581 123.730766
v 35.394379 119.554581 123.719879
v 35.281742 119.554581 123.691292
v 31.200874 119.554581 123.096161
v 31.221724 119.554581 123.166191
v 31.247890 119.554581 123.221161
v 31.525270 119.554581 123.439796
v 31.603273 119.554581 123.455956
v 32.342098 119.554581 122.946434
v 32.301971 119.554581 123.056679
v 33.630653 119.554581 123.231354
v 33.671288 119.554581 123.289680
v 34.188152 119.554581 123.451248
v 34.281738 119.554581 123.427376
v 35.285492 119.554581 123.383522
v 35.338451 119.554581 123.412941
v 35.702835 119.554581 123.448433
v 35.801167 119.554581 123.418968
v 36.145535 119.554581 123.133095
v 30.666977 119.554581 123.255959
v 30.738033 119.554581 123.169502
v 30.841682 119.554581 122.947357
v 30.799557 119.554581 123.062546
v 31.289442 119.554581 123.283363
v 31.341272 119.554581 123.338089
v 31.687601 119.554581 123.461540
v 32.012730 119.554581 123.373055
v 32.105961 119.554581 123.309013
v 32.192211 119.554581 123.226189
v 35.085491 119.554581 123.096161
v 35.106339 119.554581 123.166191
v 35.132507 119.554581 123.221161
v 35.409885 119.554581 123.439796
v 35.487888 119.554581 123.455956
v 36.226715 119.554581 122.946434
v 36.186584 119.554581 123.056679
v 34.551594 119.554581 123.255959
v 34.622650 119.554581 123.169502
v 34.726299 119.554581 122.947357
v 34.684174 119.554581 123.062546
v 35.174057 119.554581 123.283363
v 35.225887 119.554581 123.338089
v 35.572216 119.554581 123.461540
v 35.897343 119.554581 123.373055
v 35.990578 119.554581 123.309013
v 36.076828 119.554581 123.226189
v 28.839043 119.554581 131.500000
v 32.389786 103.554581 121.509117
v 32.354618 103.554581 121.487396
v 32.915966 103.554581 121.480766
v 32.288002 103.554581 121.465546
v 32.242889 103.554581 121.461540
v 32.915966 103.554581 116.500000
v 32.321095 103.554581 121.473488
v 30.787289 103.554581 121.484909
v 30.660286 103.554581 121.445404
v 30.521885 103.554581 121.425011
v 28.839043 103.554581 116.500000
v 30.457432 103.554581 121.423080
v 32.480743 103.554581 121.631935
v 32.468819 103.554581 121.602982
v 32.488537 103.554581 121.665047
v 32.016899 103.554581 121.604149
v 32.003765 103.554581 121.637306
v 32.005901 103.554581 121.793533
v 32.019997 103.554581 121.826317
v 31.358091 103.554581 122.099594
v 32.915966 103.554581 131.500000
v 32.242889 103.554581 121.961540
v 32.288776 103.554581 121.957382
v 32.446156 103.554581 121.566437
v 32.419567 103.554581 121.534851
v 30.307503 103.554581 121.434998
v 30.170280 103.554581 121.469574
v 30.052635 103.554581 121.520164
v 32.322823 103.554581 121.949417
v 32.357025 103.554581 121.935120
v 32.387295 103.554581 121.916344
v 32.469944 103.554581 121.819092
v 32.481571 103.554581 121.789688
v 32.488777 103.554581 121.757652
v 32.492889 103.554581 121.711540
v 28.839043 103.554581 131.500000
v 30.219881 103.554581 124.545395
v 30.360260 103.554581 124.572243
v 30.745247 103.554581 124.531151
v 30.880919 103.554581 124.472710
v 30.999872 103.554581 124.396431
v 31.112078 103.554581 124.296173
v 32.197456 103.554581 121.465576
v 32.162148 103.554581 121.474525
v 32.129696 103.554581 121.488327
v 32.094414 103.554581 121.510262
v 29.918631 103.554581 121.605652
v 29.817743 103.554581 121.696671
v 29.727312 103.554581 121.808662
v 29.760366 103.554581 124.237152
v 29.858358 103.554581 124.343185
v 30.457432 103.554581 124.576920
v 30.608847 103.554581 124.565178
v 31.429136 103.554581 122.332382
v 32.040623 103.554581 121.859207
v 31.476105 103.554581 122.630943
v 32.066238 103.554581 121.534828
v 32.039429 103.554581 121.566605
v 31.996923 103.554581 121.757423
v 31.245901 103.554581 121.876556
v 31.992889 103.554581 121.711540
v 31.149954 103.554581 121.744942
v 31.995876 103.554581 121.674263
v 31.043776 103.554581 121.639076
v 30.925085 103.554581 121.553551
v 32.418579 103.554581 121.889816
v 32.423744 103.554581 121.884537
v 32.450943 103.554581 121.851051
v 29.512680 103.554581 123.681122
v 29.578350 103.554581 123.910080
v 29.660784 103.554581 124.088058
v 29.962368 103.554581 124.425278
v 30.092978 103.554581 124.499207
v 32.065918 103.554581 121.888535
v 32.099487 103.554581 121.917084
v 31.492889 103.554581 122.998795
v 32.131599 103.554581 121.936386
v 31.491804 103.554581 123.077629
v 29.640247 103.554581 121.953362
v 29.603443 103.554581 122.031372
v 29.530935 103.554581 122.243912
v 31.206503 103.554581 124.181282
v 31.295305 103.554581 124.034927
v 31.306383 103.554581 124.012871
v 32.168499 103.554581 121.950951
v 31.395039 103.554581 123.792786
v 31.453514 103.554581 123.541267
v 32.205479 103.554581 121.958580
v 29.472588 103.554581 122.591843
v 29.454428 103.554581 122.998795
v 29.469774 103.554581 123.378281
v 34.069813 103.554581 121.500000
v 33.800579 103.554581 121.500000
v 33.339043 103.554581 124.192307
v 33.800579 103.554581 124.192307
v 33.515125 103.554581 124.500000
v 34.069813 103.554581 124.500000
v 42.839043 103.554581 131.500000
v 39.531349 103.554581 123.692307
v 39.531349 103.554581 123.311295
v 39.668400 103.554581 123.480415
v 42.128887 103.554581 123.651970
v 42.225956 103.554581 123.590858
v 35.646736 103.554581 123.311295
v 35.783783 103.554581 123.480415
v 35.646736 103.554581 123.692307
v 35.887856 103.554581 123.575012
v 35.950821 103.554581 123.619591
v 36.117199 103.554581 123.688240
v 39.262119 103.554581 123.692307
v 38.425556 103.554581 123.515228
v 38.142971 103.554581 123.694763
v 38.244274 103.554581 123.651970
v 38.341339 103.554581 123.590858
v 42.027588 103.554581 123.694763
v 42.839043 103.554581 121.480766
v 42.531349 103.554581 121.500000
v 42.262119 103.554581 121.500000
v 40.756721 103.554581 122.844826
v 39.551834 103.554581 122.774300
v 40.762119 103.554581 122.614784
v 39.531349 103.554581 122.422478
v 40.762119 103.554581 121.500000
v 42.310173 103.554581 123.515228
v 42.378544 103.554581 123.429222
v 42.433407 103.554581 123.330551
v 38.493927 103.554581 123.429222
v 38.548794 103.554581 123.330551
v 39.262119 103.554581 121.500000
v 38.589531 103.554581 123.221077
v 38.628731 103.554581 123.020523
v 36.533844 103.554581 123.719849
v 36.645279 103.554581 123.691612
v 36.913677 103.554581 123.530952
v 36.975384 103.554581 123.457962
v 40.142582 103.554581 123.720032
v 40.287361 103.554581 123.730766
v 40.418461 103.554581 123.719849
v 40.529896 103.554581 123.691612
v 40.798290 103.554581 123.530952
v 40.860001 103.554581 123.457962
v 39.531349 103.554581 121.500000
v 38.646736 103.554581 122.687500
v 38.646736 103.554581 121.500000
v 38.377502 103.554581 121.500000
v 36.257969 103.554581 123.720032
v 36.402744 103.554581 123.730766
v 37.869724 103.554581 123.729309
v 37.904549 103.554581 123.730766
v 38.039310 103.554581 123.720062
v 39.772472 103.554581 123.575012
v 39.835438 103.554581 123.619591
v 40.001812 103.554581 123.688240
v 41.754341 103.554581 123.729309
v 41.789162 103.554581 123.730766
v 41.923923 103.554581 123.720062
v 42.474144 103.554581 123.221077
v 42.513348 103.554581 123.020523
v 42.531349 103.554581 122.687500
v 41.031349 103.554581 121.500000
v 41.031349 103.554581 122.352768
v 42.262119 103.554581 122.688705
v 41.053471 103.554581 122.772369
v 42.258148 103.554581 122.869453
v 42.247517 103.554581 123.002327
v 40.573326 103.554581 123.348923
v 40.513927 103.554581 123.390823
v 40.294086 103.554581 123.458916
v 39.586308 103.554581 122.947189
v 39.626122 103.554581 123.056259
v 36.753609 103.554581 123.645439
v 36.845139 103.554581 123.589119
v 37.406658 103.554581 123.565178
v 37.300285 103.554581 123.473892
v 37.039291 103.554581 123.350838
v 37.193687 103.554581 123.349442
v 37.100460 103.554581 123.201324
v 37.497406 103.554581 123.623116
v 37.620598 103.554581 123.680428
v 37.738583 103.554581 123.714500
v 40.638226 103.554581 123.645439
v 40.729755 103.554581 123.589119
v 41.291275 103.554581 123.565178
v 41.184902 103.554581 123.473892
v 40.923904 103.554581 123.350838
v 41.078304 103.554581 123.349442
v 40.985077 103.554581 123.201324
v 41.382023 103.554581 123.623116
v 41.505215 103.554581 123.680428
v 41.623196 103.554581 123.714500
v 36.877502 103.554581 121.500000
v 37.146736 103.554581 121.500000
v 37.146736 103.554581 122.352768
v 38.377502 103.554581 122.688705
v 37.168854 103.554581 122.772369
v 38.373535 103.554581 122.869453
v 38.362900 103.554581 123.002327
v 40.743179 103.554581 123.002235
v 40.724667 103.554581 123.107254
v 40.700127 103.554581 123.179993
v 42.231796 103.554581 123.097870
v 42.212154 103.554581 123.167145
v 42.181442 103.554581 123.231789
v 42.139973 103.554581 123.291412
v 42.091297 103.554581 123.340576
v 42.033222 103.554581 123.383881
v 41.191292 103.554581 123.171280
v 41.129505 103.554581 123.064621
v 41.087013 103.554581 122.949577
v 40.447430 103.554581 123.424210
v 40.372452 103.554581 123.447662
v 40.110023 103.554581 123.448463
v 40.011711 103.554581 123.419037
v 39.667240 103.554581 123.133247
v 41.968582 103.554581 123.418167
v 41.894897 103.554581 123.443497
v 41.812122 103.554581 123.458084
v 41.742287 103.554581 123.461540
v 41.628166 103.554581 123.452370
v 41.529259 103.554581 123.426636
v 36.872105 103.554581 122.844826
v 35.667217 103.554581 122.774300
v 36.877502 103.554581 122.614784
v 35.646736 103.554581 122.422478
v 35.646736 103.554581 121.500000
v 35.377502 103.554581 121.500000
v 36.688709 103.554581 123.348923
v 36.629311 103.554581 123.390823
v 36.409470 103.554581 123.458916
v 35.701691 103.554581 122.947189
v 35.741505 103.554581 123.056259
v 40.668343 103.554581 123.241486
v 40.624271 103.554581 123.300232
v 40.240486 103.554581 123.461540
v 41.433193 103.554581 123.385132
v 41.345390 103.554581 123.329071
v 41.264046 103.554581 123.258987
v 36.858562 103.554581 123.002235
v 36.840050 103.554581 123.107254
v 36.815514 103.554581 123.179993
v 38.347179 103.554581 123.097870
v 38.327538 103.554581 123.167145
v 38.296825 103.554581 123.231789
v 38.255356 103.554581 123.291412
v 38.206680 103.554581 123.340576
v 38.148605 103.554581 123.383881
v 37.306679 103.554581 123.171280
v 37.244888 103.554581 123.064621
v 37.202400 103.554581 122.949577
v 39.915562 103.554581 123.373169
v 39.822311 103.554581 123.309166
v 39.736038 103.554581 123.226364
v 36.562817 103.554581 123.424210
v 36.487839 103.554581 123.447662
v 36.225407 103.554581 123.448463
v 36.127098 103.554581 123.419037
v 35.782627 103.554581 123.133247
v 38.083969 103.554581 123.418167
v 38.010281 103.554581 123.443497
v 37.927505 103.554581 123.458084
v 37.857674 103.554581 123.461540
v 37.743553 103.554581 123.452370
v 37.644642 103.554581 123.426636
v 36.783726 103.554581 123.241486
v 36.739658 103.554581 123.300232
v 36.355869 103.554581 123.461540
v 37.548576 103.554581 123.385132
v 37.460773 103.554581 123.329071
v 37.379429 103.554581 123.258987
v 36.030945 103.554581 123.373169
v 35.937698 103.554581 123.309166
v 35.851421 103.554581 123.226364
v 42.839043 103.554581 116.500000
v 35.377502 103.554581 123.692307
v 38.845112 108.139023 131.500000
v 38.224640 107.680122 131.500000
v 50.780712 110.590286 131.500000
v 50.839043 111.554581 131.500000
v 40.389042 111.554581 131.500000
v 37.535538 107.332687 131.500000
v 36.797634 107.106705 131.500000
v 36.032150 107.008682 131.500000
v 35.261112 107.041435 131.500000
v 44.753567 103.787048 131.500000
v 45.675880 104.074448 131.500000
v 39.379105 108.696182 131.500000
v 46.556828 104.470932 131.500000
v 39.811256 109.335571 131.500000
v 47.383560 104.970711 131.500000
v 40.129135 110.038795 131.500000
v 48.144024 105.566498 131.500000
v 48.827129 106.249596 131.500000
v 34.506699 107.204025 131.500000
v 33.790615 107.491768 131.500000
v 33.133461 107.896393 131.500000
v 27.874748 103.612907 131.500000
v 32.554142 108.406258 131.500000
v 26.924517 103.787048 131.500000
v 32.069324 109.006699 131.500000
v 26.002203 104.074448 131.500000
v 25.121258 104.470932 131.500000
v 24.294523 104.970711 131.500000
v 31.692953 109.680428 131.500000
v 23.534061 105.566498 131.500000
v 22.850956 106.249596 131.500000
v 31.435858 110.408081 131.500000
v 22.255171 107.010063 131.500000
v 22.255171 116.099098 131.500000
v 21.755394 115.272369 131.500000
v 31.435858 112.701080 131.500000
v 21.358913 114.391418 131.500000
v 31.305433 111.940445 131.500000
v 26.002203 119.034714 131.500000
v 25.121258 118.638229 131.500000
v 32.069324 114.102463 131.500000
v 24.294523 118.138451 131.500000
v 31.692953 113.428734 131.500000
v 23.534061 117.542664 131.500000
v 22.850956 116.859566 131.500000
v 49.422913 107.010063 131.500000
v 49.922691 107.836792 131.500000
v 40.323593 110.785629 131.500000
v 50.319172 108.717743 131.500000
v 50.606575 109.640053 131.500000
v 43.803337 103.612907 131.500000
v 36.032150 116.100479 131.500000
v 36.797634 116.002457 131.500000
v 37.535538 115.776474 131.500000
v 31.305433 111.168716 131.500000
v 21.358913 108.717743 131.500000
v 21.755394 107.836792 131.500000
v 21.071508 113.469109 131.500000
v 20.897371 112.518875 131.500000
v 31.289042 111.554581 131.500000
v 33.133461 115.212769 131.500000
v 32.554142 114.702904 131.500000
v 27.874748 119.496254 131.500000
v 26.924517 119.322113 131.500000
v 33.790615 115.617393 131.500000
v 34.506699 115.905136 131.500000
v 35.261112 116.067726 131.500000
v 20.839043 111.554581 131.500000
v 20.897371 110.590286 131.500000
v 21.071508 109.640053 131.500000
v 49.422913 116.099098 131.500000
v 40.129135 113.070366 131.500000
v 49.922691 115.272369 131.500000
v 40.323593 112.323532 131.500000
v 50.780712 112.518875 131.500000
v 50.606575 113.469109 131.500000
v 50.319172 114.391418 131.500000
v 38.224640 115.429039 131.500000
v 38.845112 114.970139 131.500000
v 43.803337 119.496254 131.500000
v 39.379105 114.412979 131.500000
v 44.753567 119.322113 131.500000
v 39.811256 113.773590 131.500000
v 46.556828 118.638229 131.500000
v 45.675880 119.034714 131.500000
v 48.827129 116.859566 131.500000
v 48.144024 117.542664 131.500000
v 47.383560 118.138451 131.500000
v 34.142544 107.332687 116.500000
v 34.880451 107.106705 116.500000
v 20.897371 110.590286 116.500000
v 20.839043 111.554581 116.500000
v 31.289042 111.554581 116.500000
v 33.453445 107.680122 116.500000
v 32.832973 108.139023 116.500000
v 26.924517 103.787048 116.500000
v 26.002203 104.074448 116.500000
v 32.298981 108.696182 116.500000
v 25.121258 104.470932 116.500000
v 31.866829 109.335571 116.500000
v 24.294523 104.970711 116.500000
v 31.548950 110.038795 116.500000
v 23.534061 105.566498 116.500000
v 22.850956 106.249596 116.500000
v 37.171387 107.204025 116.500000
v 36.416973 107.041435 116.500000
v 35.645935 107.008682 116.500000
v 22.255171 107.010063 116.500000
v 21.755394 107.836792 116.500000
v 31.354490 110.785629 116.500000
v 21.358913 108.717743 116.500000
v 21.071508 109.640053 116.500000
v 43.803337 119.496254 116.500000
v 39.123943 114.702904 116.500000
v 22.255171 116.099098 116.500000
v 31.548950 113.070366 116.500000
v 21.755394 115.272369 116.500000
v 31.354490 112.323532 116.500000
v 27.874748 103.612907 116.500000
v 50.780712 110.590286 116.500000
v 40.372650 111.168716 116.500000
v 50.839043 111.554581 116.500000
v 40.372650 111.940445 116.500000
v 50.780712 112.518875 116.500000
v 39.608761 114.102463 116.500000
v 44.753567 119.322113 116.500000
v 45.675880 119.034714 116.500000
v 34.142544 115.776474 116.500000
v 34.880451 116.002457 116.500000
v 35.645935 116.100479 116.500000
v 36.416973 116.067726 116.500000
v 20.897371 112.518875 116.500000
v 21.071508 113.469109 116.500000
v 21.358913 114.391418 116.500000
v 37.887470 107.491768 116.500000
v 38.544624 107.896393 116.500000
v 43.803337 103.612907 116.500000
v 39.123943 108.406258 116.500000
v 44.753567 103.787048 116.500000
v 39.608761 109.006699 116.500000
v 45.675880 104.074448 116.500000
v 49.922691 107.836792 116.500000
v 40.242226 110.408081 116.500000
v 50.319172 108.717743 116.500000
v 50.606575 109.640053 116.500000
v 38.544624 115.212769 116.500000
v 37.887470 115.617393 116.500000
v 37.171387 115.905136 116.500000
v 33.453445 115.429039 116.500000
v 32.832973 114.970139 116.500000
v 27.874748 119.496254 116.500000
v 32.298981 114.412979 116.500000
v 26.924517 119.322113 116.500000
v 31.866829 113.773590 116.500000
v 25.121258 118.638229 116.500000
v 26.002203 119.034714 116.500000
v 39.985130 109.680428 116.500000
v 47.383560 104.970711 116.500000
v 46.556828 104.470932 116.500000
v 22.850956 116.859566 116.500000
v 23.534061 117.542664 116.500000
v 24.294523 118.138451 116.500000
v 49.422913 107.010063 116.500000
v 48.827129 106.249596 116.500000
v 48.144024 105.566498 116.500000
v 49.422913 116.099098 116.500000
v 49.922691 115.272369 116.500000
v 40.242226 112.701080 116.500000
v 50.319172 114.391418 116.500000
v 50.606575 113.469109 116.500000
v 46.556828 118.638229 116.500000
v 47.383560 118.138451 116.500000
v 39.985130 113.428734 116.500000
v 48.144024 117.542664 116.500000
v 48.827129 116.859566 116.500000
v 32.331638 109.529579 117.000000
v 32.331638 109.529579 131.000000
v 32.483578 109.286682 131.000000
v 32.687996 109.010292 117.000000
v 32.736561 108.951294 131.000000
v 32.736561 108.951294 117.000000
v 32.915119 108.752228 131.000000
v 33.163311 108.514359 117.000000
v 33.235752 108.452103 131.000000
v 33.235752 108.452103 117.000000
v 33.430779 108.298393 131.000000
v 33.715599 108.105888 117.000000
v 33.814041 108.047180 131.000000
v 33.814041 108.047180 117.000000
v 34.015717 107.938232 131.000000
v 34.328972 107.796631 117.000000
v 34.453861 107.748825 131.000000
v 34.453861 107.748825 117.000000
v 34.653111 107.682106 131.000000
v 34.985790 107.595482 117.000000
v 35.135769 107.566109 131.000000
v 35.135769 107.566109 117.000000
v 35.324619 107.537384 131.000000
v 35.667156 107.508232 117.000000
v 35.839043 107.504578 131.000000
v 35.839043 107.504578 117.000000
v 36.010929 107.508232 131.000000
v 36.353466 107.537384 117.000000
v 36.542316 107.566109 131.000000
v 36.542316 107.566109 117.000000
v 36.692295 107.595482 131.000000
v 37.024975 107.682106 117.000000
v 37.224224 107.748825 131.000000
v 37.224224 107.748825 117.000000
v 37.349110 107.796631 131.000000
v 37.662369 107.938232 117.000000
v 37.864044 108.047180 131.000000
v 37.864044 108.047180 117.000000
v 37.962486 108.105888 131.000000
v 38.247307 108.298393 117.000000
v 38.442333 108.452103 131.000000
v 38.442333 108.452103 117.000000
v 38.514774 108.514359 131.000000
v 38.762966 108.752228 117.000000
v 38.941521 108.951294 131.000000
v 38.941521 108.951294 117.000000
v 38.990086 109.010292 131.000000
v 39.194508 109.286682 117.000000
v 39.346447 109.529579 131.000000
v 39.346447 109.529579 117.000000
v 32.033287 110.169395 117.000000
v 32.033287 110.169395 131.000000
v 32.148567 109.886383 131.000000
v 32.303333 109.579414 117.000000
v 31.850571 110.851303 117.000000
v 31.850571 110.851303 131.000000
v 31.919724 110.534073 131.000000
v 32.020390 110.205368 117.000000
v 39.529518 109.886383 117.000000
v 39.374748 109.579414 131.000000
v 39.644798 110.169395 117.000000
v 39.644798 110.169395 131.000000
v 39.758362 110.534073 117.000000
v 39.657696 110.205368 131.000000
v 39.827515 110.851303 117.000000
v 39.827515 110.851303 131.000000
v 39.874451 111.211113 117.000000
v 39.830788 110.870125 131.000000
v 39.889042 111.554581 117.000000
v 39.889042 111.554581 131.000000
v 39.874451 111.898048 117.000000
v 39.830788 112.239037 131.000000
v 39.827515 112.257858 117.000000
v 39.827515 112.257858 131.000000
v 39.758362 112.575089 117.000000
v 39.657696 112.903793 131.000000
v 39.644798 112.939766 117.000000
v 39.644798 112.939766 131.000000
v 39.529518 113.222778 117.000000
v 39.374748 113.529747 131.000000
v 39.346447 113.579582 117.000000
v 39.346447 113.579582 131.000000
v 39.194508 113.822479 117.000000
v 38.990086 114.098869 131.000000
v 38.941521 114.157867 117.000000
v 38.941521 114.157867 131.000000
v 38.762966 114.356934 117.000000
v 38.514774 114.594803 131.000000
v 38.442333 114.657059 117.000000
v 38.442333 114.657059 131.000000
v 38.247307 114.810768 117.000000
v 37.962486 115.003273 131.000000
v 37.864044 115.061981 117.000000
v 37.864044 115.061981 131.000000
v 37.662369 115.170929 117.000000
v 37.349110 115.312531 131.000000
v 37.224224 115.360336 117.000000
v 37.224224 115.360336 131.000000
v 37.024975 115.427055 117.000000
v 36.692295 115.513680 131.000000
v 36.542316 115.543053 117.000000
v 36.542316 115.543053 131.000000
v 36.353466 115.571777 117.000000
v 36.010929 115.600929 131.000000
v 35.839043 115.604584 117.000000
v 35.839043 115.604584 131.000000
v 35.667156 115.600929 117.000000
v 35.324619 115.571777 131.000000
v 35.135769 115.543053 117.000000
v 35.135769 115.543053 131.000000
v 34.985790 115.513680 117.000000
v 34.653111 115.427055 131.000000
v 34.453861 115.360336 117.000000
v 34.453861 115.360336 131.000000
v 34.328972 115.312531 117.000000
v 34.015717 115.170929 131.000000
v 33.814041 115.061981 117.000000
v 33.814041 115.061981 131.000000
v 33.715599 115.003273 117.000000
v 33.430779 114.810768 131.000000
v 33.235752 114.657059 117.000000
v 33.235752 114.657059 131.000000
v 33.163311 114.594803 117.000000
v 32.915119 114.356934 131.000000
v 32.736561 114.157867 117.000000
v 32.736561 114.157867 131.000000
v 32.687996 114.098869 117.000000
v 32.483578 113.822479 131.000000
v 32.331638 113.579582 117.000000
v 32.331638 113.579582 131.000000
v 32.303333 113.529747 117.000000
v 32.148567 113.222778 131.000000
v 32.033287 112.939766 117.000000
v 32.033287 112.939766 131.000000
v 32.020390 112.903793 117.000000
v 31.919724 112.575089 131.000000
v 31.850571 112.257858 117.000000
v 31.850571 112.257858 131.000000
v 31.847298 112.239037 117.000000
v 31.803633 111.898048 131.000000
v 31.789042 111.554581 117.000000
v 31.789042 111.554581 131.000000
v 31.803633 111.211113 131.000000
v 31.847298 110.870125 117.000000
v 39.262119 103.654579 121.500000
v 39.262119 103.654579 123.692307
v 39.531349 103.654579 123.692307
v 39.531349 103.654579 123.311295
v 39.835438 103.654579 123.619591
v 39.772472 103.654579 123.575012
v 39.668400 103.654579 123.480415
v 40.287361 103.654579 123.730766
v 40.142582 103.654579 123.720032
v 40.001812 103.654579 123.688240
v 40.985077 103.654579 123.201324
v 40.923904 103.654579 123.350838
v 40.860001 103.654579 123.457962
v 40.798290 103.654579 123.530952
v 40.729755 103.654579 123.589119
v 40.638226 103.654579 123.645439
v 40.529896 103.654579 123.691612
v 40.418461 103.654579 123.719849
v 41.789162 103.654579 123.730766
v 41.754341 103.654579 123.729309
v 41.623196 103.654579 123.714500
v 41.505215 103.654579 123.680428
v 41.382023 103.654579 123.623116
v 41.291275 103.654579 123.565178
v 41.184902 103.654579 123.473892
v 41.078304 103.654579 123.349442
v 42.531349 103.654579 122.687500
v 42.513348 103.654579 123.020523
v 42.474144 103.654579 123.221077
v 42.433407 103.654579 123.330551
v 42.378544 103.654579 123.429222
v 42.310173 103.654579 123.515228
v 42.225956 103.654579 123.590858
v 42.128887 103.654579 123.651970
v 42.027588 103.654579 123.694763
v 41.923923 103.654579 123.720062
v 42.531349 103.654579 121.500000
v 42.262119 103.654579 121.500000
v 42.262119 103.654579 122.688705
v 41.742287 103.654579 123.461540
v 41.812122 103.654579 123.458084
v 41.894897 103.654579 123.443497
v 41.968582 103.654579 123.418167
v 42.033222 103.654579 123.383881
v 42.091297 103.654579 123.340576
v 42.139973 103.654579 123.291412
v 42.181442 103.654579 123.231789
v 42.212154 103.654579 123.167145
v 42.231796 103.654579 123.097870
v 42.247517 103.654579 123.002327
v 42.258148 103.654579 122.869453
v 41.031349 103.654579 122.352768
v 41.053471 103.654579 122.772369
v 41.087013 103.654579 122.949577
v 41.129505 103.654579 123.064621
v 41.191292 103.654579 123.171280
v 41.264046 103.654579 123.258987
v 41.345390 103.654579 123.329071
v 41.433193 103.654579 123.385132
v 41.529259 103.654579 123.426636
v 41.628166 103.654579 123.452370
v 41.031349 103.654579 121.500000
v 40.762119 103.654579 121.500000
v 40.762119 103.654579 122.614784
v 40.240486 103.654579 123.461540
v 40.294086 103.654579 123.458916
v 40.372452 103.654579 123.447662
v 40.447430 103.654579 123.424210
v 40.513927 103.654579 123.390823
v 40.573326 103.654579 123.348923
v 40.624271 103.654579 123.300232
v 40.668343 103.654579 123.241486
v 40.700127 103.654579 123.179993
v 40.724667 103.654579 123.107254
v 40.743179 103.654579 123.002235
v 40.756721 103.654579 122.844826
v 39.531349 103.654579 122.422478
v 39.551834 103.654579 122.774300
v 39.586308 103.654579 122.947189
v 39.626122 103.654579 123.056259
v 39.667240 103.654579 123.133247
v 39.736038 103.654579 123.226364
v 39.822311 103.654579 123.309166
v 39.915562 103.654579 123.373169
v 40.011711 103.654579 123.419037
v 40.110023 103.654579 123.448463
v 39.531349 103.654579 121.500000
v 35.377502 103.654579 121.500000
v 35.377502 103.654579 123.692307
v 35.646736 103.654579 123.692307
v 35.646736 103.654579 123.311295
v 35.950821 103.654579 123.619591
v 35.887856 103.654579 123.575012
v 35.783783 103.654579 123.480415
v 36.402744 103.654579 123.730766
v 36.257969 103.654579 123.720032
v 36.117199 103.654579 123.688240
v 37.100460 103.654579 123.201324
v 37.039291 103.654579 123.350838
v 36.975384 103.654579 123.457962
v 36.913677 103.654579 123.530952
v 36.845139 103.654579 123.589119
v 36.753609 103.654579 123.645439
v 36.645279 103.654579 123.691612
v 36.533844 103.654579 123.719849
v 37.904549 103.654579 123.730766
v 37.869724 103.654579 123.729309
v 37.738583 103.654579 123.714500
v 37.620598 103.654579 123.680428
v 37.497406 103.654579 123.623116
v 37.406658 103.654579 123.565178
v 37.300285 103.654579 123.473892
v 37.193687 103.654579 123.349442
v 38.646736 103.654579 122.687500
v 38.628731 103.654579 123.020523
v 38.589531 103.654579 123.221077
v 38.548794 103.654579 123.330551
v 38.493927 103.654579 123.429222
v 38.425556 103.654579 123.515228
v 38.341339 103.654579 123.590858
v 38.244274 103.654579 123.651970
v 38.142971 103.654579 123.694763
v 38.039310 103.654579 123.720062
v 38.646736 103.654579 121.500000
v 38.377502 103.654579 121.500000
v 38.377502 103.654579 122.688705
v 37.857674 103.654579 123.461540
v 37.927505 103.654579 123.458084
v 38.010281 103.654579 123.443497
v 38.083969 103.654579 123.418167
v 38.148605 103.654579 123.383881
v 38.206680 103.654579 123.340576
v 38.255356 103.654579 123.291412
v 38.296825 103.654579 123.231789
v 38.327538 103.654579 123.167145
v 38.347179 103.654579 123.097870
v 38.362900 103.654579 123.002327
v 38.373535 103.654579 122.869453
v 37.146736 103.654579 122.352768
v 37.168854 103.654579 122.772369
v 37.202400 103.654579 122.949577
v 37.244888 103.654579 123.064621
v 37.306679 103.654579 123.171280
v 37.379429 103.654579 123.258987
v 37.460773 103.654579 123.329071
v 37.548576 103.654579 123.385132
v 37.644642 103.654579 123.426636
v 37.743553 103.654579 123.452370
v 37.146736 103.654579 121.500000
v 36.877502 103.654579 121.500000
v 36.877502 103.654579 122.614784
v 36.355869 103.654579 123.461540
v 36.409470 103.654579 123.458916
v 36.487839 103.654579 123.447662
v 36.562817 103.654579 123.424210
v 36.629311 103.654579 123.390823
v 36.688709 103.654579 123.348923
v 36.739658 103.654579 123.300232
v 36.783726 103.654579 123.241486
v 36.815514 103.654579 123.179993
v 36.840050 103.654579 123.107254
v 36.858562 103.654579 123.002235
v 36.872105 103.654579 122.844826
v 35.646736 103.654579 122.422478
v 35.667217 103.654579 122.774300
v 35.701691 103.654579 122.947189
v 35.741505 103.654579 123.056259
v 35.782627 103.654579 123.133247
v 35.851421 103.654579 123.226364
v 35.937698 103.654579 123.309166
v 36.030945 103.654579 123.373169
v 36.127098 103.654579 123.419037
v 36.225407 103.654579 123.448463
v 35.646736 103.654579 121.500000
v 33.339043 103.654579 124.192307
v 33.515125 103.654579 124.500000
v 34.069813 103.654579 124.500000
v 34.069813 103.654579 121.500000
v 33.800579 103.654579 121.500000
v 33.800579 103.654579 124.192307
v 32.242889 103.654579 121.961540
v 32.205479 103.654579 121.958580
v 32.168499 103.654579 121.950951
v 32.131599 103.654579 121.936386
v 32.099487 103.654579 121.917084
v 32.065918 103.654579 121.888535
v 32.040623 103.654579 121.859207
v 32.019997 103.654579 121.826317
v 32.005901 103.654579 121.793533
v 31.996923 103.654579 121.757423
v 31.992889 103.654579 121.711540
v 32.492889 103.654579 121.711540
v 32.488777 103.654579 121.757652
v 32.481571 103.654579 121.789688
v 32.469944 103.654579 121.819092
v 32.450943 103.654579 121.851051
v 32.423744 103.654579 121.884537
v 32.418579 103.654579 121.889816
v 32.387295 103.654579 121.916344
v 32.357025 103.654579 121.935120
v 32.322823 103.654579 121.949417
v 32.288776 103.654579 121.957382
v 32.242889 103.654579 121.461540
v 32.288002 103.654579 121.465546
v 32.321095 103.654579 121.473488
v 32.354618 103.654579 121.487396
v 32.389786 103.654579 121.509117
v 32.419567 103.654579 121.534851
v 32.446156 103.654579 121.566437
v 32.468819 103.654579 121.602982
v 32.480743 103.654579 121.631935
v 32.488537 103.654579 121.665047
v 31.995876 103.654579 121.674263
v 32.003765 103.654579 121.637306
v 32.016899 103.654579 121.604149
v 32.039429 103.654579 121.566605
v 32.066238 103.654579 121.534828
v 32.094414 103.654579 121.510262
v 32.129696 103.654579 121.488327
v 32.162148 103.654579 121.474525
v 32.197456 103.654579 121.465576
v 29.454428 103.654579 122.998795
v 29.472588 103.654579 122.591843
v 29.530935 103.654579 122.243912
v 29.603443 103.654579 122.031372
v 29.640247 103.654579 121.953362
v 29.727312 103.654579 121.808662
v 29.817743 103.654579 121.696671
v 29.918631 103.654579 121.605652
v 30.052635 103.654579 121.520164
v 30.170280 103.654579 121.469574
v 30.307503 103.654579 121.434998
v 30.457432 103.654579 121.423080
v 30.457432 103.654579 124.576920
v 30.360260 103.654579 124.572243
v 30.219881 103.654579 124.545395
v 30.092978 103.654579 124.499207
v 29.962368 103.654579 124.425278
v 29.858358 103.654579 124.343185
v 29.760366 103.654579 124.237152
v 29.660784 103.654579 124.088058
v 29.578350 103.654579 123.910080
v 29.512680 103.654579 123.681122
v 29.469774 103.654579 123.378281
v 31.492889 103.654579 122.998795
v 31.491804 103.654579 123.077629
v 31.453514 103.654579 123.541267
v 31.395039 103.654579 123.792786
v 31.306383 103.654579 124.012871
v 31.295305 103.654579 124.034927
v 31.206503 103.654579 124.181282
v 31.112078 103.654579 124.296173
v 30.999872 103.654579 124.396431
v 30.880919 103.654579 124.472710
v 30.745247 103.654579 124.531151
v 30.608847 103.654579 124.565178
v 30.521885 103.654579 121.425011
v 30.660286 103.654579 121.445404
v 30.787289 103.654579 121.484909
v 30.925085 103.654579 121.553551
v 31.043776 103.654579 121.639076
v 31.149954 103.654579 121.744942
v 31.245901 103.654579 121.876556
v 31.358091 103.654579 122.099594
v 31.429136 103.654579 122.332382
v 31.476105 103.654579 122.630943
v 30.263117 103.654579 124.234131
v 30.349840 103.654579 124.257889
v 30.466446 103.654579 124.269234
v 30.516273 103.654579 124.266167
v 30.605782 103.654579 124.252747
v 30.686272 103.654579 124.226753
v 30.787947 103.654579 124.175117
v 30.165520 103.654579 124.188805
v 30.057581 103.654579 124.115906
v 29.984701 103.654579 124.045631
v 29.908741 103.654579 123.944122
v 29.847307 103.654579 123.829552
v 29.816198 103.654579 123.752983
v 29.769127 103.654579 123.578644
v 29.730324 103.654579 123.245995
v 29.723658 103.654579 123.000000
v 29.735929 103.654579 122.673050
v 29.766445 103.654579 122.435242
v 29.811338 103.654579 122.260269
v 29.871222 103.654579 122.120865
v 29.937365 103.654579 122.013336
v 30.010002 103.654579 121.928108
v 30.100359 103.654579 121.852417
v 30.201977 103.654579 121.792610
v 30.297823 103.654579 121.755348
v 30.381437 103.654579 121.737251
v 30.466446 103.654579 121.730766
v 30.580246 103.654579 121.741104
v 30.674040 103.654579 121.767586
v 30.763962 103.654579 121.808044
v 30.855158 103.654579 121.867928
v 30.919325 103.654579 121.924423
v 30.987141 103.654579 122.004837
v 31.050272 103.654579 122.106674
v 31.110075 103.654579 122.245796
v 31.188505 103.654579 122.548607
v 31.221752 103.654579 122.888588
v 31.223658 103.654579 123.000000
v 31.207031 103.654579 123.330902
v 31.165243 103.654579 123.581955
v 31.090567 103.654579 123.807106
v 31.020298 103.654579 123.942421
v 30.950964 103.654579 124.037773
v 30.876942 103.654579 124.111656
v 29.723658 103.554581 123.000000
v 29.730324 103.554581 123.245995
v 29.769127 103.554581 123.578644
v 29.816198 103.554581 123.752983
v 29.847307 103.554581 123.829552
v 29.908741 103.554581 123.944122
v 29.984701 103.554581 124.045631
v 30.057581 103.554581 124.115906
v 30.165520 103.554581 124.188805
v 30.263117 103.554581 124.234131
v 30.349840 103.554581 124.257889
v 30.466446 103.554581 124.269234
v 30.516273 103.554581 124.266167
v 30.605782 103.554581 124.252747
v 30.686272 103.554581 124.226753
v 30.787947 103.554581 124.175117
v 30.876942 103.554581 124.111656
v 30.950964 103.554581 124.037773
v 31.020298 103.554581 123.942421
v 31.090567 103.554581 123.807106
v 31.165243 103.554581 123.581955
v 31.207031 103.554581 123.330902
v 31.223658 103.554581 123.000000
v 31.221752 103.554581 122.888588
v 31.188505 103.554581 122.548607
v 31.110075 103.554581 122.245796
v 31.050272 103.554581 122.106674
v 30.987141 103.554581 122.004837
v 30.919325 103.554581 121.924423
v 30.855158 103.554581 121.867928
v 30.763962 103.554581 121.808044
v 30.674040 103.554581 121.767586
v 30.580246 103.554581 121.741104
v 30.466446 103.554581 121.730766
v 30.381437 103.554581 121.737251
v 30.297823 103.554581 121.755348
v 30.201977 103.554581 121.792610
v 30.100359 103.554581 121.852417
v 30.010002 103.554581 121.928108
v 29.937365 103.554581 122.013336
v 29.871222 103.554581 122.120865
v 29.811338 103.554581 122.260269
v 29.766445 103.554581 122.435242
v 29.735929 103.554581 122.673050
v 42.512119 119.454582 122.998795
v 42.500301 119.454582 122.663391
v 42.445190 119.454582 122.286041
v 42.370502 119.454582 122.050934
v 42.322720 119.454582 121.947250
v 42.238323 119.454582 121.807480
v 42.147869 119.454582 121.695694
v 42.046902 119.454582 121.604874
v 41.913120 119.454582 121.519745
v 41.794441 119.454582 121.468796
v 41.659073 119.454582 121.435013
v 41.509113 119.454582 121.423080
v 41.509113 119.454582 124.576920
v 41.618698 119.454582 124.570847
v 41.746765 119.454582 124.545410
v 41.881592 119.454582 124.495712
v 42.004208 119.454582 124.425385
v 42.109253 119.454582 124.341919
v 42.208778 119.454582 124.233963
v 42.305782 119.454582 124.088028
v 42.388210 119.454582 123.910049
v 42.453869 119.454582 123.681114
v 42.496777 119.454582 123.378258
v 40.574364 119.454582 123.802322
v 40.507885 119.454582 123.508835
v 40.473980 119.454582 123.025078
v 40.473660 119.454582 122.998795
v 40.769852 119.454582 124.194931
v 40.666851 119.454582 124.026451
v 40.870041 119.454582 124.312256
v 40.978615 119.454582 124.405266
v 41.092709 119.454582 124.475876
v 41.225163 119.454582 124.532433
v 41.358974 119.454582 124.564804
v 41.451328 119.454582 121.424637
v 41.311710 119.454582 121.444199
v 41.183372 119.454582 121.483032
v 41.045879 119.454582 121.550514
v 40.915833 119.454582 121.645119
v 40.811405 119.454582 121.751625
v 40.709480 119.454582 121.894569
v 40.605381 119.454582 122.105896
v 40.537361 119.454582 122.330498
v 40.490467 119.454582 122.630699
v 40.865292 119.454582 123.781830
v 41.500099 119.454582 121.730766
v 41.385941 119.454582 121.741081
v 41.296806 119.454582 121.765434
v 41.211941 119.454582 121.803040
v 41.120396 119.454582 121.861084
v 41.045391 119.454582 121.926285
v 40.977276 119.454582 122.007751
v 40.914169 119.454582 122.110718
v 40.856468 119.454582 122.245796
v 40.911720 119.454582 123.881775
v 40.977699 119.454582 123.989662
v 41.049255 119.454582 124.074257
v 41.117996 119.454582 124.134888
v 41.221943 119.454582 124.200066
v 41.312656 119.454582 124.238853
v 41.394165 119.454582 124.259529
v 41.500099 119.454582 124.269234
v 41.614914 119.454582 124.258202
v 41.703793 119.454582 124.234032
v 41.788349 119.454582 124.196350
v 41.878990 119.454582 124.139053
v 41.894066 119.454582 124.127579
v 41.979988 119.454582 124.047234
v 42.050323 119.454582 123.956169
v 42.121758 119.454582 123.823135
v 42.142754 119.454582 123.772392
v 40.801342 119.454582 123.579674
v 40.759258 119.454582 123.328934
v 40.742889 119.454582 123.000000
v 40.744793 119.454582 122.888588
v 40.778042 119.454582 122.548607
v 42.193523 119.454582 123.597572
v 42.235264 119.454582 123.261948
v 42.242889 119.454582 123.000000
v 42.230583 119.454582 122.673225
v 42.200077 119.454582 122.435425
v 42.154690 119.454582 122.259377
v 42.095585 119.454582 122.121994
v 42.031536 119.454582 122.016479
v 41.959511 119.454582 121.931717
v 41.882420 119.454582 121.864716
v 41.781281 119.454582 121.800880
v 41.685211 119.454582 121.760567
v 41.602703 119.454582 121.739838
v 42.242889 119.554581 123.000000
v 42.235264 119.554581 123.261948
v 42.193523 119.554581 123.597572
v 42.142754 119.554581 123.772392
v 42.121758 119.554581 123.823135
v 42.050323 119.554581 123.956169
v 41.979988 119.554581 124.047234
v 41.894066 119.554581 124.127579
v 41.878990 119.554581 124.139053
v 41.788349 119.554581 124.196350
v 41.703793 119.554581 124.234032
v 41.614914 119.554581 124.258202
v 41.500099 119.554581 124.269234
v 41.394165 119.554581 124.259529
v 41.312656 119.554581 124.238853
v 41.221943 119.554581 124.200066
v 41.117996 119.554581 124.134888
v 41.049255 119.554581 124.074257
v 40.977699 119.554581 123.989662
v 40.911720 119.554581 123.881775
v 40.865292 119.554581 123.781830
v 40.801342 119.554581 123.579674
v 40.759258 119.554581 123.328934
v 40.742889 119.554581 123.000000
v 40.744793 119.554581 122.888588
v 40.778042 119.554581 122.548607
v 40.856468 119.554581 122.245796
v 40.914169 119.554581 122.110718
v 40.977276 119.554581 122.007751
v 41.045391 119.554581 121.926285
v 41.120396 119.554581 121.861084
v 41.211941 119.554581 121.803040
v 41.296806 119.554581 121.765434
v 41.385941 119.554581 121.741081
v 41.500099 119.554581 121.730766
v 41.602703 119.554581 121.739838
v 41.685211 119.554581 121.760567
v 41.781281 119.554581 121.800880
v 41.882420 119.554581 121.864716
v 41.959511 119.554581 121.931717
v 42.031536 119.554581 122.016479
v 42.095585 119.554581 122.121994
v 42.154690 119.554581 122.259377
v 42.200077 119.554581 122.435425
v 42.230583 119.554581 122.673225
v 39.723660 119.454582 121.961540
v 39.765892 119.454582 121.957916
v 39.800381 119.454582 121.950417
v 39.831734 119.454582 121.938171
v 39.863968 119.454582 121.919243
v 39.897129 119.454582 121.891991
v 39.901814 119.454582 121.887329
v 39.928852 119.454582 121.855095
v 39.950066 119.454582 121.820396
v 39.961876 119.454582 121.791183
v 39.969532 119.454582 121.757759
v 39.973660 119.454582 121.711540
v 39.473660 119.454582 121.711540
v 39.476215 119.454582 121.746384
v 39.483543 119.454582 121.783630
v 39.496246 119.454582 121.817200
v 39.515148 119.454582 121.850395
v 39.543861 119.454582 121.885658
v 39.547638 119.454582 121.889481
v 39.577885 119.454582 121.915375
v 39.610172 119.454582 121.935280
v 39.643997 119.454582 121.949318
v 39.677803 119.454582 121.957397
v 39.723660 119.454582 121.461540
v 39.682919 119.454582 121.464874
v 39.649529 119.454582 121.472374
v 39.614120 119.454582 121.486465
v 39.582664 119.454582 121.504921
v 39.553028 119.454582 121.529480
v 39.521755 119.454582 121.564629
v 39.500973 119.454582 121.597534
v 39.486813 119.454582 121.630348
v 39.477924 119.454582 121.665398
v 39.968899 119.454582 121.662552
v 39.961010 119.454582 121.630424
v 39.948696 119.454582 121.601173
v 39.928581 119.454582 121.568825
v 39.900036 119.454582 121.535149
v 39.870956 119.454582 121.509537
v 39.837914 119.454582 121.488647
v 39.805016 119.454582 121.474548
v 39.769104 119.454582 121.465599
v 38.589043 119.454582 124.192307
v 38.412960 119.454582 124.500000
v 37.858273 119.454582 124.500000
v 37.858273 119.454582 121.500000
v 38.127502 119.454582 121.500000
v 38.127502 119.454582 124.192307
v 36.550579 119.454582 121.500000
v 36.550579 119.454582 123.692307
v 36.281349 119.454582 123.692307
v 36.281349 119.454582 123.311295
v 35.977264 119.454582 123.619591
v 36.041397 119.454582 123.574074
v 36.144588 119.454582 123.480705
v 35.525341 119.454582 123.730766
v 35.670116 119.454582 123.720032
v 35.810886 119.454582 123.688240
v 34.827625 119.454582 123.201324
v 34.893089 119.454582 123.359276
v 34.955505 119.454582 123.462547
v 35.012299 119.454582 123.529068
v 35.082928 119.454582 123.589096
v 35.171032 119.454582 123.643723
v 35.281742 119.454582 123.691292
v 35.394379 119.454582 123.719879
v 34.023537 119.454582 123.730766
v 34.059345 119.454582 123.729256
v 34.193340 119.454582 123.713745
v 34.314594 119.454582 123.678154
v 34.434963 119.454582 123.621338
v 34.520420 119.454582 123.566498
v 34.624355 119.454582 123.477310
v 34.734249 119.454582 123.349640
v 33.281349 119.454582 122.687500
v 33.295784 119.454582 122.989006
v 33.334312 119.454582 123.206207
v 33.375278 119.454582 123.322105
v 33.432812 119.454582 123.427383
v 33.500652 119.454582 123.513885
v 33.584415 119.454582 123.589668
v 33.677776 119.454582 123.649475
v 33.783478 119.454582 123.694359
v 33.888847 119.454582 123.720047
v 33.281349 119.454582 121.500000
v 33.550579 119.454582 121.500000
v 33.550579 119.454582 122.688705
v 34.070412 119.454582 123.461540
v 34.003704 119.454582 123.458282
v 33.920776 119.454582 123.444275
v 33.845093 119.454582 123.418327
v 33.778591 119.454582 123.383301
v 33.719532 119.454582 123.338943
v 33.671288 119.454582 123.289680
v 33.630653 119.454582 123.231354
v 33.600353 119.454582 123.167221
v 33.580784 119.454582 123.097900
v 33.565197 119.454582 123.002663
v 33.554562 119.454582 122.869682
v 34.781349 119.454582 122.352768
v 34.759769 119.454582 122.767723
v 34.726299 119.454582 122.947357
v 34.684174 119.454582 123.062546
v 34.622650 119.454582 123.169502
v 34.551594 119.454582 123.255959
v 34.471931 119.454582 123.325729
v 34.371204 119.454582 123.388893
v 34.281738 119.454582 123.427376
v 34.188152 119.454582 123.451248
v 34.781349 119.454582 121.500000
v 35.050579 119.454582 121.500000
v 35.050579 119.454582 122.614784
v 35.572216 119.454582 123.461540
v 35.487888 119.454582 123.455956
v 35.409885 119.454582 123.439796
v 35.338451 119.454582 123.412941
v 35.285492 119.454582 123.383522
v 35.225887 119.454582 123.338089
v 35.174057 119.454582 123.283363
v 35.132507 119.454582 123.221161
v 35.106339 119.454582 123.166191
v 35.085491 119.454582 123.096161
v 35.067974 119.454582 122.994400
v 35.055649 119.454582 122.839432
v 36.281349 119.454582 122.422478
v 36.264416 119.454582 122.751617
v 36.226715 119.454582 122.946434
v 36.186584 119.454582 123.056679
v 36.145535 119.454582 123.133095
v 36.076828 119.454582 123.226189
v 35.990578 119.454582 123.309013
v 35.897343 119.454582 123.373055
v 35.801167 119.454582 123.418968
v 35.702835 119.454582 123.448433
v 36.281349 119.454582 121.500000
v 32.665966 119.454582 121.500000
v 32.665966 119.454582 123.692307
v 32.396736 119.454582 123.692307
v 32.396736 119.454582 123.311295
v 32.092648 119.454582 123.619591
v 32.156784 119.454582 123.574074
v 32.259975 119.454582 123.480705
v 31.640724 119.454582 123.730766
v 31.785501 119.454582 123.720032
v 31.926271 119.454582 123.688240
v 30.943008 119.454582 123.201324
v 31.008474 119.454582 123.359276
v 31.070892 119.454582 123.462547
v 31.127682 119.454582 123.529068
v 31.198311 119.454582 123.589096
v 31.286417 119.454582 123.643723
v 31.397127 119.454582 123.691292
v 31.509764 119.454582 123.719879
v 30.138922 119.454582 123.730766
v 30.174728 119.454582 123.729256
v 30.308723 119.454582 123.713745
v 30.429979 119.454582 123.678154
v 30.550348 119.454582 123.621338
v 30.635803 119.454582 123.566498
v 30.739738 119.454582 123.477310
v 30.849636 119.454582 123.349640
v 29.396734 119.454582 122.687500
v 29.411167 119.454582 122.989006
v 29.449696 119.454582 123.206207
v 29.490664 119.454582 123.322105
v 29.548197 119.454582 123.427383
v 29.616035 119.454582 123.513885
v 29.699799 119.454582 123.589668
v 29.793161 119.454582 123.649475
v 29.898863 119.454582 123.694359
v 30.004230 119.454582 123.720047
v 29.396734 119.454582 121.500000
v 29.665966 119.454582 121.500000
v 29.665966 119.454582 122.688705
v 30.185797 119.454582 123.461540
v 30.119091 119.454582 123.458282
v 30.036161 119.454582 123.444275
v 29.960478 119.454582 123.418327
v 29.893976 119.454582 123.383301
v 29.834915 119.454582 123.338943
v 29.786671 119.454582 123.289680
v 29.746038 119.454582 123.231354
v 29.715736 119.454582 123.167221
v 29.696171 119.454582 123.097900
v 29.680582 119.454582 123.002663
v 29.669945 119.454582 122.869682
v 30.896734 119.454582 122.352768
v 30.875154 119.454582 122.767723
v 30.841682 119.454582 122.947357
v 30.799557 119.454582 123.062546
v 30.738033 119.454582 123.169502
v 30.666977 119.454582 123.255959
v 30.587315 119.454582 123.325729
v 30.486589 119.454582 123.388893
v 30.397123 119.454582 123.427376
v 30.303535 119.454582 123.451248
v 30.896734 119.454582 121.500000
v 31.165966 119.454582 121.500000
v 31.165966 119.454582 122.614784
v 31.687601 119.454582 123.461540
v 31.603273 119.454582 123.455956
v 31.525270 119.454582 123.439796
v 31.453835 119.454582 123.412941
v 31.400875 119.454582 123.383522
v 31.341272 119.454582 123.338089
v 31.289442 119.454582 123.283363
v 31.247890 119.454582 123.221161
v 31.221724 119.454582 123.166191
v 31.200874 119.454582 123.096161
v 31.183359 119.454582 122.994400
v 31.171032 119.454582 122.839432
v 32.396736 119.454582 122.422478
v 32.379799 119.454582 122.751617
v 32.342098 119.454582 122.946434
v 32.301971 119.454582 123.056679
v 32.260918 119.454582 123.133095
v 32.192211 119.454582 123.226189
v 32.105961 119.454582 123.309013
v 32.012730 119.454582 123.373055
v 31.916552 119.454582 123.418968
v 31.818222 119.454582 123.448433
v 32.396736 119.454582 121.500000
vn -0.0000 1.0000 -0.0000
vn -0.2726 -0.6594 -0.7006
vn -0.0000 1.0000 -0.0001
vn -0.0000 1.0000 0.0001
vn -0.0000 1.0000 0.0002
vn -0.0000 1.0000 -0.0003
vn -0.0000 1.0000 -0.0004
vn -0.0000 1.0000 -0.0006
vn -0.0000 1.0000 -0.0002
vn -0.0000 1.0000 -0.0005
vn -0.0000 1.0000 0.0004
vn -0.0000 -1.0000 -0.0000
vn 0.7063 0.1118 0.6991
vn -0.0000 1.0000 0.0003
vn -0.0000 1.0000 -0.0012
vn -0.0000 1.0000 0.0009
vn -0.0000 1.0000 -0.0022
vn -0.0000 1.0000 0.0005
vn -0.0000 1.0000 -0.0015
vn -0.6348 -0.0000 -0.7727
vn -0.0000 1.0000 0.0008
vn -0.0000 -1.0000 0.0001
vn -0.0000 -1.0000 0.0005
vn -0.0000 -1.0000 0.0002
vn -0.0000 -1.0000 -0.0002
vn -0.0000 -1.0000 0.0008
vn -0.0000 -1.0000 -0.0007
vn -0.0000 -1.0000 -0.0001
vn -0.0000 -1.0000 0.0012
vn -0.0000 -1.0000 0.0003
vn -0.0000 -1.0000 -0.0004
vn -0.0000 -1.0000 -0.0003
vn -0.0000 -1.0000 0.0004
vn -0.0000 -1.0000 0.0029
vn -0.0000 -1.0000 0.0014
vn -0.0000 -1.0000 -0.0074
vn -0.0000 -1.0000 -0.0006
vn -0.0000 -0.0000 -1.0000
vn -0.0000 -0.9998 -0.0191
vn -0.0000 -1.0000 -0.0008
vn 0.7872 0.6167 -0.0000
vn -0.0000 -0.0000 1.0000
vn 0.6770 -0.2297 0.6992
vn 0.9536 0.3010 -0.0001
vn 0.8320 -0.5548 0.0006
vn 0.7983 0.6022 -0.0002
vn 0.7507 -0.6607 -0.0000
vn 0.7154 0.6987 0.0008
vn -0.6778 -0.7352 0.0002
vn -0.5952 -0.8035 -0.0005
vn -0.5411 -0.8410 0.0003
vn 0.4484 -0.8938 0.0005
vn 0.1194 0.9928 0.0004
vn -0.2882 0.9576 -0.0005
vn -0.2239 -0.9746 0.0004
vn -0.1194 -0.9928 -0.0004
vn -0.0531 -0.9986 0.0004
vn 0.0531 -0.9986 -0.0004
vn 0.1194 -0.9928 0.0004
vn 0.2239 -0.9746 -0.0004
vn 0.2882 -0.9576 0.0005
vn -0.3883 -0.9215 0.0003
vn 0.3883 -0.9216 -0.0003
vn 0.5411 -0.8410 -0.0003
vn -0.6778 0.7352 0.0002
vn 0.6778 -0.7352 -0.0002
vn -0.7154 0.6987 -0.0008
vn -0.9706 -0.2408 -0.0007
vn -0.7983 0.6022 0.0002
vn 0.7507 0.6607 -0.0000
vn 0.9148 -0.4038 0.0006
vn 0.9706 -0.2408 0.0007
vn -0.9536 0.3010 0.0001
vn -0.8873 -0.4612 0.0002
vn -0.7507 -0.6607 -0.0000
vn 0.9536 -0.3010 -0.0001
vn -0.3883 0.9215 0.0003
vn -0.9913 -0.1314 0.0001
vn 0.9975 0.0707 0.0007
vn -0.9975 0.0707 -0.0007
vn 0.8873 -0.4612 -0.0002
vn 0.9706 0.2408 0.0007
vn -0.8873 0.4612 0.0002
vn -0.9148 0.4038 -0.0006
vn -0.0531 0.9986 0.0004
vn -0.8320 0.5548 -0.0006
vn -0.7983 -0.6022 0.0002
vn -0.7507 0.6607 -0.0000
vn -0.7154 -0.6987 -0.0008
vn -0.8320 -0.5548 -0.0006
vn 0.5952 -0.8035 0.0005
vn 0.9913 -0.1315 -0.0001
vn -0.4484 0.8938 -0.0005
vn 0.8320 0.5548 0.0006
vn 0.2882 0.9576 0.0005
vn -0.5411 0.8410 0.0003
vn -0.1194 0.9928 -0.0004
vn 0.9148 0.4038 0.0006
vn 0.0531 0.9986 -0.0004
vn -0.2239 0.9746 0.0004
vn 0.2239 0.9746 -0.0004
vn 0.4484 0.8938 0.0005
vn 0.3883 0.9216 -0.0003
vn 0.5952 0.8035 0.0005
vn 0.5411 0.8410 -0.0003
vn -0.5952 0.8035 -0.0005
vn 0.6778 0.7352 -0.0002
vn 0.7154 -0.6987 0.0008
vn -0.4484 -0.8938 -0.0005
vn 0.7983 -0.6022 -0.0002
vn -0.2882 -0.9576 -0.0005
vn 0.8873 0.4612 -0.0002
vn -0.9975 -0.0707 -0.0007
vn -0.9536 -0.3010 0.0001
vn -0.9706 0.2408 -0.0007
vn 0.9913 0.1315 -0.0001
vn -0.9148 -0.4038 -0.0006
vn 0.9975 -0.0707 0.0007
vn -0.9913 0.1314 0.0001
vn 0.7726 -0.0000 0.6349
vn 0.3814 -0.0000 -0.9244
vn 0.8463 -0.0000 -0.5327
vn -0.3956 -0.0000 -0.9184
vn 0.6512 -0.0000 -0.7589
vn 0.1878 -0.0000 -0.9822
vn -0.9547 0.2975 -0.0000
vn 0.6926 -0.0000 0.7213
vn 0.9492 -0.0000 0.3148
vn 0.2203 -0.0000 -0.9754
vn 0.1421 -0.0000 0.9898
vn -0.8561 -0.0000 0.5169
vn -0.8043 -0.0000 0.5942
vn 0.0899 -0.0000 -0.9960
vn 0.2460 -0.0000 -0.9693
vn 0.9846 -0.0000 -0.1747
vn -0.9255 -0.0000 -0.3787
vn -0.2456 -0.0000 -0.9694
vn -1.0000 -0.0000 -0.0000
vn -0.0890 -0.0000 0.9960
vn -0.4855 -0.0000 0.8742
vn -0.9999 -0.0000 -0.0171
vn -0.9547 -0.2975 -0.0000
vn -0.4104 0.9119 -0.0000
vn 0.8558 -0.0000 -0.5173
vn -0.9119 0.4104 -0.0000
vn -0.9807 -0.0000 0.1956
vn 0.7780 -0.0000 0.6282
vn -0.9814 -0.0000 -0.1919
vn 0.8046 -0.0000 0.5938
vn -0.7637 -0.0000 -0.6456
vn -0.2867 -0.0000 0.9580
vn -0.3921 -0.0000 -0.9199
vn 0.3909 -0.0000 -0.9204
vn 0.9901 -0.0000 -0.1403
vn 0.9989 -0.0000 -0.0478
vn -0.5240 -0.0000 -0.8517
vn 0.9297 -0.0000 0.3684
vn 1.0000 -0.0000 -0.0000
vn -0.9381 -0.0000 0.3465
vn -0.0830 -0.0000 -0.9965
vn -0.9985 -0.0000 -0.0540
vn 0.9953 -0.0000 -0.0973
vn -0.2334 -0.0000 0.9724
vn -0.1803 0.9836 -0.0000
vn 0.9186 -0.0000 -0.3952
vn -0.0773 -0.0000 -0.9970
vn 0.9032 -0.0000 0.4291
vn 0.7064 -0.0000 0.7078
vn -0.5312 -0.0000 0.8472
vn 0.5764 -0.0000 0.8172
vn -0.0487 -0.0000 0.9988
vn 0.2437 -0.0000 -0.9698
vn -0.5788 -0.0000 -0.8155
vn -0.0793 -0.0000 0.9969
vn -0.8588 -0.0000 -0.5123
vn -0.8205 -0.0000 0.5716
vn -0.7071 -0.7071 -0.0000
vn -0.9826 -0.0000 0.1860
vn 0.9836 0.1803 -0.0000
vn 0.0804 -0.0000 -0.9968
vn -0.2816 -0.0000 -0.9595
vn -0.8653 -0.0000 0.5013
vn -0.4104 -0.9119 -0.0000
vn -0.4306 -0.0000 0.9025
vn -0.9983 -0.0000 0.0581
vn 0.8809 -0.0000 0.4732
vn -0.6924 -0.0000 0.7215
vn -0.5846 -0.0000 0.8113
vn -0.6561 -0.0000 -0.7547
vn 0.0998 -0.0000 0.9950
vn 0.5978 -0.0000 0.8017
vn 0.5779 -0.0000 -0.8161
vn 0.0739 -0.0000 -0.9973
vn 0.3948 -0.0000 -0.9188
vn -0.9299 -0.0000 -0.3677
vn -0.5659 -0.0000 0.8245
vn -0.9394 -0.0000 0.3429
vn -0.9879 -0.0000 0.1554
vn 0.1567 -0.6958 0.7010
vn 0.2985 -0.0000 0.9544
vn 0.4487 -0.0000 0.8937
vn 0.3927 -0.0000 -0.9197
vn -0.5381 -0.0000 0.8429
vn 0.9990 -0.0000 0.0446
vn 0.8884 -0.0000 0.4592
vn 0.3913 -0.0000 0.9202
vn 0.9693 -0.0000 0.2458
vn -0.2519 -0.0000 0.9678
vn -0.5398 -0.0000 -0.8418
vn -0.4052 -0.0000 -0.9142
vn -0.9901 -0.0000 -0.1403
vn 0.2775 -0.0000 -0.9607
vn 0.3074 -0.0000 0.9516
vn -0.0761 -0.0000 -0.9971
vn 0.7914 -0.0000 0.6113
vn 0.0489 -0.0000 0.9988
vn -0.9953 -0.0000 -0.0973
vn -0.7672 -0.0000 -0.6414
vn 0.9547 0.2975 -0.0000
vn -0.0553 -0.0000 -0.9985
vn 0.9681 -0.0000 -0.2507
vn 0.5060 -0.0000 0.8625
vn 0.4104 0.9119 -0.0000
vn -0.2975 -0.9547 -0.0000
vn -0.6470 -0.0000 -0.7625
vn 0.2351 -0.0000 -0.9720
vn 0.6059 -0.0000 0.7955
vn 0.1387 -0.0000 0.9903
vn -0.9372 -0.0000 -0.3488
vn -0.8463 -0.0000 -0.5328
vn 0.5342 -0.0000 0.8453
vn -0.2371 -0.0000 -0.9715
vn 0.9244 -0.0000 -0.3814
vn 0.9831 -0.0000 0.1832
vn -0.9681 -0.0000 -0.2507
vn -0.9998 -0.0000 0.0220
vn 0.0494 -0.0000 0.9988
vn -0.2459 -0.0000 0.9693
vn -0.8526 -0.0000 -0.5226
vn -0.5173 -0.8558 -0.0000
vn 0.3698 -0.0000 0.9291
vn 0.7595 -0.0000 -0.6505
vn -0.9531 -0.0000 0.3028
vn -0.1666 -0.0000 0.9860
vn -0.9855 -0.0000 0.1696
vn 0.8548 -0.0000 -0.5189
vn -0.7579 -0.0000 -0.6524
vn 0.6726 -0.0000 -0.7400
vn 0.6910 -0.0000 0.7229
vn 0.9182 -0.0000 0.3962
vn -0.8492 -0.0000 0.5281
vn -0.8315 -0.0000 0.5555
vn 0.2472 -0.0000 0.9690
vn 0.5883 -0.0000 0.8087
vn -0.3243 -0.0000 0.9459
vn 0.1122 -0.0000 -0.9937
vn 0.4926 -0.0000 -0.8703
vn 0.7344 -0.0000 -0.6787
vn 0.4071 -0.0000 0.9134
vn 0.0871 -0.0000 0.9962
vn -0.9990 -0.0000 0.0456
vn 0.4406 -0.0000 0.8977
vn 0.9987 -0.0000 0.0519
vn 0.8883 -0.0000 0.4592
vn -0.8740 -0.0000 -0.4859
vn -0.6512 -0.0000 -0.7589
vn -0.6471 -0.0000 -0.7624
vn -0.5597 -0.0000 0.8287
vn -0.9029 -0.0000 0.4298
vn 0.7999 -0.0000 0.6001
vn -0.0884 -0.0000 0.9961
vn 0.3420 -0.0000 -0.9397
vn 0.7106 -0.0000 0.7035
vn 0.4686 -0.0000 0.8834
vn 0.2324 -0.0000 -0.9726
vn -0.0913 -0.0000 0.9958
vn -0.9986 -0.0000 0.0526
vn -0.6681 -0.0000 -0.7440
vn -0.2277 -0.0000 -0.9737
vn -0.4660 -0.0000 0.8848
vn 0.4219 -0.0000 -0.9067
vn 0.8472 -0.0000 -0.5313
vn 0.5394 -0.0000 -0.8420
vn -0.0800 -0.0000 0.9968
vn -0.6688 -0.0000 0.7435
vn -0.0660 -0.0000 0.9978
vn 0.2458 -0.0000 0.9693
vn -0.9119 -0.4104 -0.0000
vn 0.9976 -0.0000 -0.0699
vn 0.6830 -0.0000 0.7305
vn -0.6467 -0.0000 -0.7628
vn -0.6528 -0.0000 0.7576
vn 0.7572 -0.0000 -0.6531
vn 0.6476 -0.0000 -0.7620
vn -0.9862 -0.0000 0.1655
vn -0.5328 -0.0000 -0.8463
vn 0.9968 -0.0000 0.0798
vn 0.0881 -0.0000 -0.9961
vn -0.8080 -0.0000 0.5891
vn 0.0792 -0.0000 0.9969
vn -0.2124 -0.0000 -0.9772
vn 0.9880 -0.0000 0.1543
vn -0.9933 -0.0000 0.1159
vn 0.6608 -0.0000 -0.7505
vn 0.6380 -0.0000 0.7700
vn -0.0000 -1.0000 -0.0017
vn -0.0000 -1.0000 0.0024
vn -0.0000 -1.0000 0.0011
vn -0.0000 -1.0000 -0.0005
vn -0.0000 -1.0000 0.0006
vn -0.8821 -0.0000 0.4711
vn 0.9621 -0.0000 0.2728
vn -0.7650 -0.0000 0.6440
vn 0.5313 -0.0000 0.8472
vn 0.7071 0.7071 -0.0000
vn -0.7144 -0.0000 0.6997
vn -0.3966 -0.0000 0.9180
vn -0.7762 -0.0000 -0.6305
vn -0.9988 -0.0000 0.0497
vn -0.8595 -0.0000 -0.5111
vn 0.9464 -0.0000 0.3229
vn 0.8775 -0.0000 -0.4795
vn -0.9969 -0.0000 0.0793
vn -0.7061 -0.0000 0.7081
vn 0.9982 -0.0604 -0.0000
vn 0.5662 -0.0000 0.8243
vn -0.8328 -0.0000 -0.5536
vn 0.5173 0.8558 -0.0000
vn -0.9999 -0.0000 -0.0138
vn 0.4528 -0.0000 0.8916
vn 0.5489 -0.0000 -0.8359
vn 0.0788 -0.0000 -0.9969
vn -0.5355 -0.0000 -0.8446
vn 0.8875 -0.0000 0.4609
vn -0.6421 -0.0000 -0.7666
vn -0.7726 -0.0000 -0.6349
vn 0.4103 -0.0000 -0.9120
vn 0.9392 -0.0000 0.3435
vn 0.6506 -0.0000 -0.7594
vn -0.0792 -0.0000 -0.9969
vn 0.9999 -0.0000 -0.0122
vn -0.0855 -0.0000 -0.9963
vn 0.6859 0.1794 -0.7053
vn -0.5109 0.4938 0.7037
vn -0.4199 0.5738 0.7031
vn 0.5870 -0.3995 -0.7042
vn 0.7058 -0.0601 -0.7058
vn -0.6281 -0.3410 -0.6994
vn -0.2038 0.6822 0.7022
vn 0.9864 -0.0000 0.1642
vn -0.8549 -0.0000 -0.5187
vn -0.4459 -0.0000 0.8951
vn 0.6572 -0.0000 0.7537
vn 0.8575 -0.0000 0.5145
vn 0.0480 -0.0000 -0.9988
vn -0.2420 -0.0000 -0.9703
vn 0.7868 -0.0000 -0.6172
vn 0.7605 -0.0000 -0.6493
vn -0.0739 -0.0000 -0.9973
vn -0.7828 -0.0000 -0.6223
vn 0.9919 -0.0000 -0.1272
vn -0.9584 -0.0000 0.2854
vn 0.9867 -0.0000 0.1624
vn -0.3814 -0.0000 -0.9244
vn 0.9992 -0.0000 -0.0404
vn 0.5381 -0.0000 -0.8429
vn -0.9960 -0.0000 -0.0888
vn 0.8558 -0.0000 -0.5172
vn 0.9475 -0.0000 0.3197
vn -0.9712 -0.0000 0.2384
vn -0.9188 -0.0000 -0.3947
vn -0.7697 -0.0000 0.6385
vn -0.0969 -0.0000 0.9953
vn -0.7872 0.6167 -0.0000
vn -0.4213 -0.0000 0.9069
vn 0.9987 -0.0000 0.0502
vn 0.9999 -0.0000 -0.0171
vn -0.5173 0.8558 -0.0000
vn -0.9968 -0.0000 0.0797
vn 0.7644 -0.0000 -0.6447
vn 0.6196 -0.0000 -0.7850
vn 0.5806 -0.0000 0.8142
vn -0.8936 -0.0000 -0.4490
vn 0.2717 -0.0000 -0.9624
vn 0.9187 -0.0000 -0.3949
vn -0.9836 -0.1803 -0.0000
vn -0.0000 -1.0000 0.0007
vn 0.2444 -0.0000 0.9697
vn 0.9705 -0.0000 -0.2412
vn 0.0957 -0.0000 0.9954
vn -0.1458 -0.0000 0.9893
vn 0.9998 -0.0000 0.0220
vn 0.4308 -0.0000 0.9024
vn 0.9836 -0.1803 -0.0000
vn -0.9265 -0.0000 0.3764
vn 0.9962 -0.0000 -0.0876
vn -0.5064 -0.0000 -0.8623
vn -0.3891 -0.0000 -0.9212
vn 0.0269 -0.0000 0.9996
vn 0.9958 -0.0000 0.0920
vn 0.7107 -0.0000 -0.7035
vn -0.3857 -0.0000 -0.9226
vn -0.9686 -0.0000 -0.2485
vn -0.4269 -0.0000 -0.9043
vn 0.5262 -0.0000 -0.8504
vn 0.8668 -0.0000 0.4986
vn -0.2029 -0.0000 0.9792
vn -0.9869 -0.0000 0.1615
vn -0.7635 -0.0000 0.6458
vn 0.8705 0.0779 -0.4859
vn 0.8532 -0.0000 -0.5216
vn 0.8293 -0.0000 -0.5588
vn 0.9848 -0.0000 0.1736
vn 0.6479 -0.0000 -0.7617
vn -0.9836 0.1803 -0.0000
vn 0.9240 -0.0000 0.3823
vn -0.7781 -0.0000 -0.6282
vn -0.8933 -0.0000 0.4494
vn -0.6167 -0.7872 -0.0000
vn -0.9612 -0.0000 -0.2757
vn 0.5270 -0.0000 -0.8499
vn 0.6459 0.2936 -0.7047
vn -0.7151 0.0094 -0.6989
vn -0.4778 -0.5308 -0.7000
vn 0.7068 0.0300 0.7068
vn 0.0793 -0.0000 -0.9968
vn -0.8558 0.5173 -0.0000
vn 0.9812 -0.0000 -0.1931
vn -0.9082 -0.0000 0.4185
vn 0.8142 -0.0000 0.5805
vn -0.7071 0.7071 -0.0000
vn 0.7621 -0.0000 -0.6475
vn -0.9992 -0.0000 -0.0404
vn 0.8971 -0.0000 0.4419
vn -0.6221 -0.0000 -0.7829
vn 0.0828 -0.0000 -0.9966
vn -0.8518 -0.0000 -0.5239
vn -0.9074 -0.0000 -0.4203
vn -0.5369 -0.0000 0.8437
vn 0.3951 -0.0000 0.9186
vn 0.1736 -0.0000 0.9848
vn 0.8210 -0.0000 0.5710
vn 0.9997 -0.0000 0.0235
vn 0.6709 -0.0000 -0.7416
vn 0.3671 -0.0000 -0.9302
vn 0.8088 -0.0000 0.5881
vn -0.9584 -0.0000 0.2853
vn 0.3833 -0.0000 -0.9236
vn -0.8498 -0.0000 0.5270
vn -0.3931 -0.0000 0.9195
vn -0.5328 -0.0000 -0.8462
vn -0.2116 -0.0000 -0.9774
vn 0.5378 -0.0000 0.8431
vn 0.9571 -0.0000 0.2898
vn -0.8813 -0.0000 0.4725
vn 0.9238 -0.0000 -0.3829
vn -0.5072 -0.0000 -0.8618
vn -0.6610 -0.0000 0.7504
vn 0.9996 -0.0000 0.0291
vn -0.9960 -0.0000 -0.0889
vn -0.9747 -0.0000 -0.2233
vn 0.7872 -0.6167 -0.0000
vn -0.2421 -0.0000 0.9702
vn 0.5173 -0.8558 -0.0000
vn 0.2368 -0.0000 -0.9716
vn -0.8532 -0.0000 -0.5215
vn -0.2203 -0.0000 -0.9754
vn -0.8679 -0.0000 -0.4967
vn 0.7643 -0.0000 0.6449
vn -0.3459 -0.0000 -0.9383
vn -0.7055 -0.0000 -0.7087
vn -0.9825 -0.0000 0.1860
vn -0.7661 -0.0000 -0.6427
vn 0.7140 -0.0000 0.7001
vn 0.9924 -0.0000 0.1234
vn -0.8558 -0.5173 -0.0000
vn 0.5338 -0.0000 -0.8456
vn 0.2021 -0.0000 -0.9794
vn -0.0900 -0.0000 -0.9959
vn 0.9753 -0.0000 -0.2209
vn 0.0419 -0.0000 -0.9991
vn -0.0000 1.0000 0.0046
vn -0.0000 1.0000 0.0012
vn -0.0000 1.0000 0.0043
vn -0.0000 1.0000 -0.0016
vn -0.0000 1.0000 0.0014
vn -0.0000 1.0000 0.0007
vn -0.9953 -0.0000 0.0967
vn -0.9654 -0.0000 0.2606
vn -0.9255 -0.0000 -0.3786
vn 0.9353 -0.0000 -0.3539
vn 0.3950 -0.0000 0.9187
vn -0.9756 -0.0000 -0.2194
vn -0.9247 -0.0000 0.3808
vn 0.5247 -0.0000 -0.8513
vn -0.2417 -0.0000 0.9704
vn -0.3941 -0.0000 0.9191
vn -0.0420 -0.0000 -0.9991
vn -0.9996 -0.0000 0.0271
vn -0.0299 -0.0000 0.9996
vn -0.9196 -0.0000 -0.3928
vn 0.9993 -0.0000 -0.0376
vn -0.1803 -0.9836 -0.0000
vn -0.8531 -0.0000 0.5217
vn -0.5256 -0.0000 0.8508
vn 0.7472 -0.0000 0.6647
vn -0.7628 -0.0000 0.6466
vn -0.9564 -0.0000 0.2919
vn -0.9895 -0.0000 0.1445
vn -0.5401 -0.0000 -0.8416
vn 0.6560 -0.0000 -0.7548
vn -0.9271 -0.0000 -0.3748
vn -0.1150 -0.0000 -0.9934
vn -0.0997 -0.0000 0.9950
vn -0.3519 -0.0000 0.9360
vn 0.5152 -0.0000 -0.8571
vn -0.5343 -0.0000 0.8453
vn 0.3251 -0.0000 0.9457
vn -0.9069 -0.0000 0.4213
vn 0.2190 -0.0000 0.9757
vn 0.8455 -0.0000 0.5340
vn 0.9044 -0.0000 0.4267
vn -0.9956 -0.0000 0.0932
vn -0.9994 -0.0000 0.0352
vn -0.6005 -0.0000 0.7996
vn -0.7151 -0.0000 -0.6990
vn -0.2975 0.9547 -0.0000
vn -0.9997 -0.0000 0.0226
vn -0.5272 -0.0000 -0.8497
vn -0.1948 -0.0000 -0.9808
vn 0.0884 -0.0000 0.9961
vn 0.6699 -0.0000 0.7425
vn 0.2624 -0.0000 0.9650
vn 0.5280 -0.0000 0.8493
vn -0.6663 -0.0000 -0.7457
vn 0.7769 -0.0000 -0.6296
vn -0.4975 -0.0000 -0.8675
vn -0.3831 -0.0000 0.9237
vn -0.9624 -0.0000 0.2717
vn 0.8558 -0.5173 -0.0000
vn -0.7352 -0.0000 -0.6778
vn -0.2635 -0.0000 -0.9647
vn 0.9397 -0.0000 0.3421
vn 0.9119 -0.4104 -0.0000
vn -0.9919 -0.0000 -0.1273
vn -0.7261 -0.0000 0.6876
vn 0.9187 -0.0000 -0.3950
vn 0.3869 -0.0000 -0.9221
vn 0.2896 -0.0000 0.9571
vn 0.7755 -0.0000 -0.6314
vn 0.9119 0.4104 -0.0000
vn 0.9963 -0.0000 0.0857
vn -0.6167 0.7872 -0.0000
vn 0.9998 -0.0000 0.0219
vn -0.3807 0.6039 -0.7003
vn 0.0905 -0.0000 -0.9959
vn 0.8679 -0.0000 -0.4967
vn 0.8810 -0.0000 0.4731
vn 0.7606 -0.0000 -0.6493
vn 0.9968 -0.0000 0.0799
vn -0.2642 -0.0000 0.9645
vn -0.0902 -0.0000 -0.9959
vn 0.1803 0.9836 -0.0000
vn 0.9862 -0.0000 0.1654
vn 0.9428 -0.0000 -0.3332
vn -0.0604 -0.9982 -0.0000
vn -0.9814 -0.0000 -0.1918
vn -0.9734 -0.0000 0.2291
vn 0.9982 0.0604 -0.0000
vn -0.6538 -0.0000 0.7567
vn -0.9534 -0.0000 0.3016
vn 0.8569 -0.0000 0.5155
vn 0.2975 -0.9547 -0.0000
vn -0.9217 -0.0000 0.3880
vn -0.9042 -0.0000 0.4272
vn 0.9973 -0.0000 -0.0731
vn -0.6709 -0.0000 -0.7415
vn 0.6505 -0.0000 -0.7595
vn 0.0615 -0.0000 0.9981
vn -0.9966 -0.0000 -0.0823
vn 0.9987 -0.0000 0.0514
vn 0.9074 -0.0000 -0.4203
vn 0.0817 -0.0000 0.9967
vn -0.9740 -0.0000 -0.2265
vn -0.3945 -0.0000 0.9189
vn -0.3892 -0.0000 -0.9212
vn -0.7611 -0.0000 -0.6487
vn 0.8690 -0.0000 -0.4948
vn 0.9683 -0.0000 -0.2496
vn -0.8007 -0.0000 0.5991
vn 0.9612 -0.0000 -0.2757
vn 0.1803 -0.9836 -0.0000
vn 0.6589 -0.0000 0.7523
vn -0.9624 -0.0000 0.2716
vn 0.8499 -0.0000 -0.5269
vn 0.8316 -0.0000 -0.5554
vn -0.6941 -0.0000 0.7199
vn -0.3638 -0.0000 -0.9315
vn 0.7605 -0.0000 -0.6494
vn 0.9397 -0.0000 0.3420
vn 0.4104 -0.9119 -0.0000
vn 0.3165 0.6372 -0.7027
vn 0.0850 0.7073 -0.7018
vn 0.0363 0.7119 0.7014
vn -0.0000 1.0000 -0.0007
vn 0.6859 -0.1794 -0.7053
vn 0.6656 0.2386 -0.7071
vn 0.6459 -0.2936 -0.7047
vn 0.6149 0.3493 -0.7070
vn -0.5870 0.3995 0.7042
vn 0.5460 0.4493 -0.7071
vn 0.5109 -0.4938 -0.7037
vn 0.4609 0.5363 -0.7071
vn 0.4199 -0.5738 -0.7032
vn 0.3622 0.6073 -0.7071
vn 0.3165 -0.6372 -0.7027
vn 0.2528 0.6604 -0.7071
vn 0.2038 -0.6822 -0.7022
vn 0.1359 0.6940 -0.7070
vn -0.0850 0.7073 0.7018
vn 0.0150 0.7070 -0.7071
vn 0.0363 -0.7119 0.7014
vn -0.1064 0.6992 -0.7070
vn -0.2245 0.6706 -0.7070
vn -0.3361 0.6222 -0.7070
vn 0.3807 0.6039 0.7003
vn -0.4378 0.5555 -0.7069
vn 0.4778 0.5308 0.7000
vn -0.5265 0.4723 -0.7069
vn -0.5611 -0.4423 -0.6997
vn -0.5997 0.3751 -0.7069
vn 0.6281 0.3410 0.6994
vn -0.6551 0.2668 -0.7069
vn -0.6912 0.1507 -0.7068
vn -0.7068 -0.0300 -0.7068
vn -0.7063 0.1118 -0.6991
vn -0.6912 -0.1507 -0.7068
vn -0.6770 0.2297 -0.6992
vn -0.6551 -0.2668 -0.7068
vn -0.6281 0.3410 -0.6994
vn -0.5997 -0.3751 -0.7069
vn 0.5611 0.4423 0.6997
vn -0.5265 -0.4723 -0.7069
vn -0.4778 0.5308 -0.7000
vn -0.4378 -0.5555 -0.7069
vn -0.3361 -0.6222 -0.7070
vn 0.2726 -0.6594 0.7006
vn -0.2245 -0.6706 -0.7070
vn -0.1567 0.6958 -0.7010
vn -0.1064 -0.6992 -0.7070
vn 0.0150 -0.7070 -0.7070
vn 0.1359 -0.6940 -0.7070
vn 0.2528 -0.6604 -0.7071
vn -0.3165 0.6373 0.7027
vn 0.3621 -0.6073 -0.7071
vn 0.4609 -0.5363 -0.7071
vn 0.5460 -0.4493 -0.7071
vn 0.5870 0.3995 -0.7042
vn 0.6149 -0.3493 -0.7070
vn -0.6459 -0.2936 0.7047
vn 0.6656 -0.2386 -0.7071
vn -0.6859 -0.1794 0.7053
vn 0.6967 -0.1212 -0.7071
vn 0.7058 0.0601 -0.7058
vn -0.7058 0.0601 0.7058
vn 0.6965 0.1211 -0.7072
vn -0.6656 0.2387 0.7071
vn -0.6148 0.3493 0.7071
vn -0.5870 -0.3995 0.7042
vn -0.5460 0.4493 0.7071
vn -0.5109 -0.4938 0.7037
vn -0.4609 0.5363 0.7071
vn -0.4199 -0.5738 0.7032
vn -0.3622 0.6073 0.7071
vn -0.3165 -0.6372 0.7027
vn -0.2528 0.6604 0.7071
vn -0.2038 -0.6822 0.7022
vn -0.1359 0.6940 0.7070
vn -0.0850 -0.7073 0.7018
vn -0.0149 0.7070 0.7071
vn -0.0363 0.7119 -0.7014
vn 0.1063 0.6992 0.7070
vn -0.1567 -0.6958 -0.7010
vn 0.2245 0.6706 0.7070
vn -0.2726 0.6594 -0.7006
vn 0.3361 0.6222 0.7070
vn 0.3807 -0.6039 0.7003
vn 0.4378 0.5555 0.7069
vn 0.4778 -0.5308 0.7000
vn 0.5265 0.4723 0.7069
vn 0.5611 -0.4423 0.6997
vn 0.5997 0.3751 0.7069
vn 0.6281 -0.3410 0.6994
vn 0.6550 0.2668 0.7069
vn -0.6770 -0.2297 -0.6992
vn 0.6912 0.1507 0.7068
vn 0.7063 -0.1118 0.6991
vn 0.7068 -0.0300 0.7068
vn -0.7063 -0.1118 -0.6991
vn 0.6912 -0.1507 0.7068
vn 0.6770 0.2297 0.6992
vn 0.6551 -0.2669 0.7069
vn 0.5997 -0.3751 0.7069
vn 0.5265 -0.4723 0.7069
vn -0.5611 0.4423 -0.6997
vn 0.4378 -0.5555 0.7069
vn -0.3807 -0.6039 -0.7003
vn 0.3361 -0.6222 0.7070
vn 0.2726 0.6594 0.7006
vn 0.2245 -0.6706 0.7070
vn 0.1567 0.6958 0.7010
vn 0.1063 -0.6992 0.7070
vn -0.0363 -0.7119 -0.7014
vn -0.0149 -0.7070 0.7070
vn 0.0850 -0.7073 -0.7018
vn -0.1359 -0.6940 0.7070
vn 0.2038 0.6822 -0.7022
vn -0.2528 -0.6604 0.7071
vn -0.3621 -0.6073 0.7071
vn 0.4199 0.5738 -0.7031
vn -0.4609 -0.5363 0.7071
vn 0.5109 0.4938 -0.7037
vn -0.5460 -0.4494 0.7071
vn -0.6149 -0.3493 0.7070
vn -0.6459 0.2936 0.7047
vn -0.6656 -0.2387 0.7071
vn -0.6859 0.1794 0.7053
vn -0.6967 -0.1212 0.7071
vn -0.7058 -0.0601 0.7058
vn -0.6965 0.1211 0.7072
vn 0.0604 -0.9982 -0.0000
vn 0.1483 -0.0000 0.9889
vn 0.2871 -0.0000 0.9579
vn 0.9475 -0.0000 0.3196
vn -0.9997 -0.0000 0.0225
vn 0.6167 -0.7872 -0.0000
vn 0.7071 -0.7071 -0.0000
vn 0.9780 -0.0000 0.2087
vn -0.9982 0.0604 -0.0000
vn -0.9982 -0.0604 -0.0000
vn -0.9276 -0.0000 -0.3736
vn -0.6062 -0.0000 0.7953
vn 0.9547 -0.2975 -0.0000
vn 0.9818 -0.0000 0.1900
vn -0.6615 -0.0000 0.7499
vn -0.2971 -0.0000 0.9549
vn 0.0604 0.9982 -0.0000
vn 0.2975 0.9547 -0.0000
vn 0.8558 0.5173 -0.0000
vn 0.6167 0.7872 -0.0000
vn -0.0604 0.9982 -0.0000
vn -0.7774 -0.0000 0.6291
vn -0.9993 -0.0000 -0.0375
vn 0.9990 -0.0000 0.0456
vn -0.3623 -0.0000 -0.9321
vn 0.9603 -0.0000 0.2789
vn -0.7872 -0.6167 -0.0000
vt 0.000000 0.000000
vt 0.618693 0.237201
vt 0.599742 0.210920
vt 0.740681 -0.025344
vt 0.983244 0.377580
vt 0.985026 0.432804
vt 0.665850 0.432804
vt 0.578695 0.191023
vt 0.556157 0.178081
vt 0.437598 -0.025344
vt 0.532776 0.172467
vt 0.509226 0.174343
vt 0.799156 -0.012031
vt 0.827327 0.004428
vt 0.635003 0.269108
vt 0.648202 0.305725
vt 0.854233 0.027134
vt 0.879485 0.055756
vt 0.657911 0.345998
vt 0.902712 0.089876
vt 0.923576 0.128996
vt 0.486184 0.183654
vt 0.464313 0.200133
vt 0.313076 -0.025344
vt 0.444241 0.223305
vt 0.283623 -0.022003
vt 0.426547 0.252505
vt 0.254600 -0.012031
vt 0.226430 0.004428
vt 0.411739 0.286891
vt 0.199523 0.027134
vt 0.174272 0.055756
vt 0.151045 0.089876
vt 0.400243 0.325474
vt 0.130181 0.128996
vt 0.111984 0.693062
vt 0.096719 0.645716
vt 0.392391 0.498463
vt 0.084609 0.595266
vt 0.226430 0.861180
vt 0.199523 0.838474
vt 0.411739 0.578717
vt 0.174272 0.809852
vt 0.130181 0.736613
vt 0.941773 0.172546
vt 0.957038 0.219892
vt 0.977926 0.323162
vt 0.770133 -0.022003
vt 0.532776 0.693141
vt 0.556157 0.687528
vt 0.568581 0.890952
vt 0.578695 0.674586
vt 0.740681 0.890952
vt 0.075831 0.542447
vt 0.388407 0.454902
vt 0.392391 0.367146
vt 0.084609 0.270343
vt 0.096719 0.219892
vt 0.111984 0.172546
vt 0.070512 0.488028
vt 0.444241 0.642303
vt 0.313076 0.890952
vt 0.426547 0.613104
vt 0.283623 0.887612
vt 0.254600 0.877639
vt 0.464313 0.665475
vt 0.486184 0.681954
vt 0.509226 0.691266
vt 0.068730 0.432804
vt 0.387907 0.432804
vt 0.388407 0.410706
vt 0.070512 0.377580
vt 0.075831 0.323162
vt 0.941773 0.693062
vt 0.657911 0.519611
vt 0.957038 0.645716
vt 0.969148 0.270343
vt 0.663851 0.388767
vt 0.983244 0.488028
vt 0.663851 0.476841
vt 0.977926 0.542447
vt 0.969148 0.595266
vt 0.599742 0.654688
vt 0.618693 0.628408
vt 0.770133 0.887612
vt 0.635003 0.596500
vt 0.827327 0.861180
vt 0.799156 0.877639
vt 0.923576 0.736613
vt 0.648202 0.559883
vt 0.902712 0.775732
vt 0.879485 0.809852
vt 0.854233 0.838474
vt 0.151045 0.775732
vt 0.400243 0.540134
s 0
usemtl 材质
f 1/1/1 2/1/1 3/1/1
f 4/1/1 5/1/1 6/1/1
f 6/1/1 7/1/1 4/1/1
f 4/1/1 7/1/1 8/1/1
f 4/1/1 8/1/1 9/1/1
f 4/1/1 10/1/1 11/1/1
f 9/1/1 12/1/1 4/1/1
f 4/1/1 12/1/1 13/1/1
f 4/1/1 13/1/1 10/1/1
f 11/1/1 14/1/1 4/1/1
f 821/1/2 823/1/2 699/1/2 698/1/2
f 16/1/1 15/1/1 17/1/1
f 16/1/1 17/1/1 18/1/1
f 18/1/1 17/1/1 19/1/1
f 18/1/1 19/1/1 20/1/1
f 21/1/1 22/1/1 20/1/1
f 20/1/1 22/1/1 23/1/1
f 20/1/1 23/1/1 18/1/1
f 14/1/1 24/1/1 15/1/1
f 15/1/3 24/1/3 25/1/3
f 3/1/1 26/1/1 1/1/1
f 1/1/1 26/1/1 27/1/1
f 1/1/1 27/1/1 28/1/1
f 29/1/1 30/1/1 22/1/1
f 22/1/1 30/1/1 31/1/1
f 22/1/4 31/1/4 32/1/4
f 33/1/1 22/1/1 34/1/1
f 34/1/1 22/1/1 35/1/1
f 36/1/1 37/1/1 22/1/1
f 38/1/1 39/1/1 4/1/1
f 1/1/5 40/1/5 41/1/5
f 42/1/1 21/1/1 43/1/1
f 43/1/1 21/1/1 1/1/1
f 43/1/1 1/1/1 44/1/1
f 45/1/1 46/1/1 47/1/1
f 37/1/1 48/1/1 22/1/1
f 22/1/1 48/1/1 49/1/1
f 22/1/1 49/1/1 50/1/1
f 39/1/1 51/1/1 4/1/1
f 4/1/1 51/1/1 52/1/1
f 4/1/1 52/1/1 5/1/1
f 53/1/6 54/1/6 1/1/6
f 1/1/4 54/1/4 55/1/4
f 1/1/3 55/1/3 40/1/3
f 42/1/1 56/1/1 21/1/1
f 21/1/7 56/1/7 57/1/7
f 21/1/5 57/1/5 58/1/5
f 58/1/8 59/1/8 21/1/8
f 21/1/5 59/1/5 60/1/5
f 21/1/9 60/1/9 61/1/9
f 33/1/4 62/1/4 22/1/4
f 22/1/1 62/1/1 63/1/1
f 22/1/1 63/1/1 64/1/1
f 41/1/1 65/1/1 1/1/1
f 1/1/10 65/1/10 66/1/10
f 1/1/1 66/1/1 44/1/1
f 67/1/7 68/1/7 22/1/7
f 22/1/5 68/1/5 69/1/5
f 22/1/9 69/1/9 29/1/9
f 32/1/6 70/1/6 22/1/6
f 22/1/5 70/1/5 71/1/5
f 22/1/3 71/1/3 72/1/3
f 72/1/1 73/1/1 22/1/1
f 22/1/4 73/1/4 74/1/4
f 22/1/5 74/1/5 35/1/5
f 1240/1/1 1241/1/1 1290/1/1 1289/1/1
f 64/1/1 76/1/1 22/1/1
f 22/1/1 76/1/1 77/1/1
f 22/1/1 77/1/1 36/1/1
f 50/1/1 78/1/1 22/1/1
f 22/1/1 78/1/1 79/1/1
f 22/1/1 79/1/1 80/1/1
f 61/1/1 81/1/1 21/1/1
f 21/1/4 81/1/4 82/1/4
f 21/1/1 82/1/1 22/1/1
f 22/1/4 82/1/4 83/1/4
f 22/1/11 83/1/11 67/1/11
f 875/1/12 876/1/12 954/1/12 955/1/12
f 782/1/13 869/1/13 606/1/13 583/1/13
f 35/1/3 86/1/3 34/1/3
f 53/1/1 1/1/1 87/1/1
f 87/1/1 1/1/1 28/1/1
f 87/1/9 28/1/9 88/1/9
f 88/1/1 28/1/1 89/1/1
f 88/1/14 89/1/14 90/1/14
f 90/1/1 89/1/1 91/1/1
f 90/1/1 91/1/1 92/1/1
f 92/1/14 91/1/14 93/1/14
f 92/1/1 93/1/1 94/1/1
f 80/1/1 95/1/1 22/1/1
f 22/1/1 95/1/1 96/1/1
f 22/1/1 96/1/1 4/1/1
f 4/1/1 96/1/1 97/1/1
f 4/1/1 97/1/1 38/1/1
f 75/1/5 98/1/5 99/1/5
f 75/1/1 99/1/1 94/1/1
f 94/1/15 99/1/15 100/1/15
f 94/1/1 100/1/1 92/1/1
f 101/1/1 102/1/1 103/1/1
f 104/1/4 105/1/4 23/1/4
f 106/1/1 107/1/1 103/1/1
f 106/1/1 103/1/1 108/1/1
f 107/1/9 109/1/9 103/1/9
f 103/1/4 109/1/4 110/1/4
f 103/1/3 110/1/3 111/1/3
f 111/1/1 112/1/1 103/1/1
f 103/1/1 112/1/1 113/1/1
f 103/1/1 113/1/1 114/1/1
f 115/1/1 116/1/1 23/1/1
f 117/1/1 118/1/1 102/1/1
f 102/1/4 118/1/4 119/1/4
f 102/1/4 119/1/4 120/1/4
f 121/1/1 23/1/1 122/1/1
f 122/1/1 23/1/1 105/1/1
f 422/1/12 471/1/12 470/1/12 469/1/12
f 1142/1/12 1143/1/12 1124/1/12 1125/1/12
f 127/1/1 128/1/1 101/1/1
f 128/1/6 129/1/6 101/1/6
f 101/1/4 129/1/4 130/1/4
f 101/1/1 130/1/1 131/1/1
f 131/1/1 132/1/1 101/1/1
f 101/1/1 132/1/1 133/1/1
f 101/1/1 133/1/1 134/1/1
f 135/1/1 136/1/1 137/1/1
f 137/1/3 136/1/3 138/1/3
f 137/1/1 138/1/1 139/1/1
f 114/1/1 140/1/1 103/1/1
f 103/1/1 140/1/1 104/1/1
f 103/1/1 104/1/1 141/1/1
f 141/1/1 104/1/1 23/1/1
f 124/1/1 126/1/1 125/1/1 123/1/1
f 105/1/1 124/1/1 123/1/1 122/1/1
f 147/1/1 148/1/1 149/1/1
f 149/1/5 148/1/5 150/1/5
f 149/1/1 150/1/1 138/1/1
f 138/1/1 150/1/1 151/1/1
f 138/1/1 151/1/1 139/1/1
f 135/1/1 152/1/1 103/1/1
f 103/1/8 152/1/8 153/1/8
f 103/1/4 153/1/4 108/1/4
f 154/1/1 23/1/1 155/1/1
f 155/1/1 23/1/1 121/1/1
f 399/1/12 419/1/12 400/1/12 398/1/12
f 988/1/12 989/1/12 1002/1/12 1003/1/12
f 158/1/1 159/1/1 160/1/1
f 146/1/1 115/1/1 23/1/1
f 146/1/1 23/1/1 161/1/1
f 161/1/1 23/1/1 154/1/1
f 161/1/1 154/1/1 162/1/1
f 162/1/1 154/1/1 101/1/1
f 162/1/1 101/1/1 163/1/1
f 163/1/1 101/1/1 134/1/1
f 164/1/1 165/1/1 135/1/1
f 135/1/1 165/1/1 166/1/1
f 135/1/4 166/1/4 136/1/4
f 120/1/9 167/1/9 102/1/9
f 102/1/1 167/1/1 168/1/1
f 102/1/7 168/1/7 103/1/7
f 103/1/16 168/1/16 169/1/16
f 103/1/4 169/1/4 135/1/4
f 135/1/17 169/1/17 170/1/17
f 135/1/1 170/1/1 164/1/1
f 171/1/1 172/1/1 173/1/1
f 173/1/1 172/1/1 174/1/1
f 173/1/7 174/1/7 175/1/7
f 175/1/1 174/1/1 176/1/1
f 177/1/1 178/1/1 179/1/1
f 179/1/4 178/1/4 180/1/4
f 179/1/1 180/1/1 181/1/1
f 181/1/9 180/1/9 172/1/9
f 181/1/1 172/1/1 182/1/1
f 182/1/18 172/1/18 171/1/18
f 183/1/1 18/1/1 184/1/1
f 184/1/1 18/1/1 179/1/1
f 185/1/1 186/1/1 187/1/1
f 126/1/5 188/1/5 125/1/5
f 125/1/1 188/1/1 189/1/1
f 125/1/1 189/1/1 190/1/1
f 157/1/1 159/1/1 158/1/1 156/1/1
f 501/1/12 502/1/12 468/1/12 500/1/12
f 116/1/1 193/1/1 23/1/1
f 23/1/1 193/1/1 194/1/1
f 23/1/1 194/1/1 18/1/1
f 18/1/1 194/1/1 195/1/1
f 18/1/1 195/1/1 196/1/1
f 197/1/5 125/1/5 198/1/5
f 198/1/1 125/1/1 199/1/1
f 197/1/1 200/1/1 125/1/1
f 125/1/3 200/1/3 201/1/3
f 125/1/4 201/1/4 202/1/4
f 125/1/1 203/1/1 204/1/1
f 142/1/1 205/1/1 143/1/1
f 143/1/1 205/1/1 206/1/1
f 143/1/4 206/1/4 207/1/4
f 196/1/1 208/1/1 209/1/1
f 190/1/1 210/1/1 125/1/1
f 125/1/1 210/1/1 211/1/1
f 125/1/3 211/1/3 199/1/3
f 202/1/1 212/1/1 125/1/1
f 125/1/4 212/1/4 213/1/4
f 125/1/3 213/1/3 203/1/3
f 158/1/1 214/1/1 215/1/1
f 216/1/1 217/1/1 218/1/1
f 219/1/5 143/1/5 220/1/5
f 220/1/1 143/1/1 221/1/1
f 219/1/1 222/1/1 143/1/1
f 143/1/4 222/1/4 223/1/4
f 143/1/9 223/1/9 224/1/9
f 143/1/4 225/1/4 226/1/4
f 209/1/4 227/1/4 196/1/4
f 196/1/9 227/1/9 228/1/9
f 196/1/1 228/1/1 229/1/1
f 229/1/1 230/1/1 196/1/1
f 196/1/19 230/1/19 231/1/19
f 196/1/1 231/1/1 18/1/1
f 18/1/4 231/1/4 232/1/4
f 18/1/3 232/1/3 179/1/3
f 179/1/1 232/1/1 233/1/1
f 179/1/4 233/1/4 177/1/4
f 160/1/1 234/1/1 158/1/1
f 158/1/3 234/1/3 235/1/3
f 158/1/14 235/1/14 236/1/14
f 215/1/1 237/1/1 158/1/1
f 158/1/1 237/1/1 238/1/1
f 158/1/1 238/1/1 239/1/1
f 239/1/1 238/1/1 240/1/1
f 207/1/7 241/1/7 143/1/7
f 143/1/4 241/1/4 242/1/4
f 143/1/3 242/1/3 221/1/3
f 224/1/1 243/1/1 143/1/1
f 143/1/4 243/1/4 244/1/4
f 143/1/3 244/1/3 225/1/3
f 185/1/1 245/1/1 246/1/1
f 247/1/1 248/1/1 249/1/1
f 204/1/5 250/1/5 125/1/5
f 125/1/4 250/1/4 251/1/4
f 125/1/1 251/1/1 252/1/1
f 252/1/1 251/1/1 253/1/1
f 236/1/1 254/1/1 158/1/1
f 158/1/9 254/1/9 255/1/9
f 158/1/4 255/1/4 214/1/4
f 240/1/11 238/1/11 218/1/11
f 218/1/7 238/1/7 256/1/7
f 218/1/5 256/1/5 216/1/5
f 217/1/6 257/1/6 218/1/6
f 218/1/1 257/1/1 258/1/1
f 218/1/1 258/1/1 259/1/1
f 187/1/1 260/1/1 185/1/1
f 185/1/9 260/1/9 261/1/9
f 185/1/11 261/1/11 262/1/11
f 246/1/9 263/1/9 185/1/9
f 185/1/1 263/1/1 264/1/1
f 185/1/1 264/1/1 265/1/1
f 265/1/1 264/1/1 266/1/1
f 226/1/5 267/1/5 143/1/5
f 143/1/3 267/1/3 268/1/3
f 143/1/1 268/1/1 269/1/1
f 269/1/1 268/1/1 270/1/1
f 262/1/1 271/1/1 185/1/1
f 185/1/9 271/1/9 272/1/9
f 185/1/5 272/1/5 245/1/5
f 266/1/11 264/1/11 249/1/11
f 249/1/7 264/1/7 273/1/7
f 249/1/4 273/1/4 247/1/4
f 248/1/1 274/1/1 249/1/1
f 249/1/1 274/1/1 275/1/1
f 249/1/1 275/1/1 276/1/1
f 100/1/20 1364/1/20 1363/1/20 92/1/20
f 103/1/1 18/1/1 101/1/1
f 101/1/1 18/1/1 183/1/1
f 101/1/21 183/1/21 127/1/21
f 278/1/12 279/1/12 280/1/12
f 281/1/12 282/1/12 283/1/12
f 280/1/12 279/1/12 283/1/12
f 283/1/12 279/1/12 284/1/12
f 283/1/12 284/1/12 281/1/12
f 285/1/12 286/1/12 283/1/12
f 1299/1/1 1300/1/1 1268/1/1 1251/1/1
f 288/1/22 287/1/22 289/1/22
f 290/1/23 291/1/23 280/1/23
f 290/1/12 280/1/12 292/1/12
f 293/1/12 294/1/12 285/1/12
f 295/1/12 296/1/12 297/1/12
f 298/1/12 299/1/12 300/1/12
f 291/1/12 301/1/12 280/1/12
f 280/1/24 301/1/24 302/1/24
f 280/1/25 302/1/25 278/1/25
f 289/1/12 303/1/12 288/1/12
f 288/1/12 303/1/12 304/1/12
f 288/1/12 304/1/12 305/1/12
f 300/1/12 306/1/12 298/1/12
f 298/1/12 306/1/12 307/1/12
f 298/1/12 307/1/12 308/1/12
f 309/1/26 310/1/26 280/1/26
f 310/1/27 311/1/27 280/1/27
f 280/1/22 311/1/22 312/1/22
f 280/1/28 312/1/28 292/1/28
f 313/1/12 314/1/12 315/1/12
f 316/1/12 317/1/12 313/1/12
f 313/1/12 317/1/12 318/1/12
f 313/1/12 318/1/12 319/1/12
f 282/1/12 320/1/12 283/1/12
f 283/1/12 320/1/12 321/1/12
f 283/1/12 321/1/12 285/1/12
f 285/1/29 321/1/29 322/1/29
f 285/1/22 322/1/22 323/1/22
f 305/1/12 324/1/12 288/1/12
f 288/1/12 324/1/12 325/1/12
f 288/1/12 325/1/12 326/1/12
f 313/1/12 327/1/12 328/1/12
f 315/1/12 329/1/12 313/1/12
f 313/1/12 329/1/12 330/1/12
f 313/1/12 330/1/12 316/1/12
f 1424/1/1 1414/1/1 1471/1/1 1472/1/1
f 331/1/12 332/1/12 333/1/12
f 323/1/12 334/1/12 285/1/12
f 285/1/30 334/1/30 335/1/30
f 285/1/28 335/1/28 293/1/28
f 1254/1/1 1255/1/1 1282/1/1 1281/1/1
f 1113/1/12 1114/1/12 1151/1/12 1150/1/12
f 338/1/23 339/1/23 340/1/23
f 340/1/12 339/1/12 341/1/12
f 340/1/31 341/1/31 294/1/31
f 294/1/28 341/1/28 342/1/28
f 294/1/12 342/1/12 285/1/12
f 308/1/12 343/1/12 298/1/12
f 298/1/12 343/1/12 344/1/12
f 298/1/12 344/1/12 345/1/12
f 346/1/12 347/1/12 313/1/12
f 313/1/12 347/1/12 348/1/12
f 313/1/12 348/1/12 327/1/12
f 328/1/12 349/1/12 313/1/12
f 313/1/12 349/1/12 350/1/12
f 313/1/12 350/1/12 314/1/12
f 332/1/12 351/1/12 333/1/12
f 333/1/22 351/1/22 352/1/22
f 333/1/12 352/1/12 353/1/12
f 353/1/22 352/1/22 354/1/22
f 353/1/32 354/1/32 355/1/32
f 326/1/12 356/1/12 288/1/12
f 288/1/12 356/1/12 357/1/12
f 288/1/12 357/1/12 358/1/12
f 319/1/28 359/1/28 313/1/28
f 313/1/12 359/1/12 360/1/12
f 313/1/33 360/1/33 361/1/33
f 362/1/12 363/1/12 354/1/12
f 354/1/12 363/1/12 364/1/12
f 354/1/12 364/1/12 355/1/12
f 361/1/12 363/1/12 313/1/12
f 313/1/12 363/1/12 362/1/12
f 965/1/12 966/1/12 1022/1/12 1023/1/12
f 298/1/12 365/1/12 299/1/12
f 358/1/12 366/1/12 288/1/12
f 288/1/12 366/1/12 367/1/12
f 288/1/12 367/1/12 313/1/12
f 313/1/12 367/1/12 368/1/12
f 313/1/12 368/1/12 346/1/12
f 369/1/34 370/1/34 280/1/34
f 345/1/12 309/1/12 298/1/12
f 298/1/12 309/1/12 280/1/12
f 298/1/12 280/1/12 371/1/12
f 1244/1/1 1245/1/1 1294/1/1 1293/1/1
f 371/1/12 373/1/12 298/1/12
f 298/1/12 373/1/12 374/1/12
f 298/1/12 374/1/12 375/1/12
f 376/1/12 377/1/12 378/1/12
f 379/1/12 380/1/12 375/1/12
f 381/1/12 382/1/12 383/1/12
f 383/1/22 382/1/22 384/1/22
f 385/1/12 386/1/12 375/1/12
f 376/1/12 375/1/12 387/1/12
f 387/1/12 375/1/12 388/1/12
f 389/1/12 390/1/12 375/1/12
f 375/1/12 390/1/12 391/1/12
f 375/1/12 391/1/12 388/1/12
f 379/1/12 375/1/12 392/1/12
f 393/1/12 394/1/12 395/1/12
f 1524/1/1 1525/1/1 1538/1/1 1539/1/1
f 192/1/1 193/1/1 116/1/1 191/1/1
f 380/1/12 401/1/12 375/1/12
f 375/1/12 401/1/12 402/1/12
f 375/1/12 402/1/12 403/1/12
f 388/1/24 404/1/24 387/1/24
f 387/1/28 404/1/28 405/1/28
f 387/1/12 405/1/12 406/1/12
f 406/1/35 405/1/35 407/1/35
f 406/1/28 407/1/28 408/1/28
f 375/1/12 409/1/12 410/1/12
f 375/1/12 411/1/12 412/1/12
f 413/1/12 414/1/12 375/1/12
f 375/1/12 414/1/12 415/1/12
f 375/1/12 415/1/12 416/1/12
f 375/1/12 417/1/12 418/1/12
f 419/1/12 406/1/12 393/1/12
f 408/1/12 420/1/12 406/1/12
f 406/1/12 420/1/12 421/1/12
f 406/1/12 421/1/12 393/1/12
f 393/1/36 421/1/36 422/1/36
f 386/1/12 423/1/12 375/1/12
f 375/1/28 423/1/28 424/1/28
f 375/1/12 424/1/12 409/1/12
f 425/1/12 426/1/12 375/1/12
f 375/1/12 426/1/12 427/1/12
f 375/1/22 427/1/22 389/1/22
f 378/1/12 428/1/12 376/1/12
f 376/1/22 428/1/22 429/1/22
f 376/1/12 429/1/12 375/1/12
f 375/1/12 429/1/12 430/1/12
f 375/1/12 430/1/12 413/1/12
f 431/1/12 432/1/12 375/1/12
f 375/1/12 432/1/12 433/1/12
f 375/1/12 433/1/12 392/1/12
f 403/1/12 434/1/12 375/1/12
f 375/1/12 434/1/12 435/1/12
f 375/1/12 435/1/12 393/1/12
f 393/1/12 435/1/12 436/1/12
f 393/1/12 436/1/12 394/1/12
f 400/1/12 419/1/12 393/1/12
f 400/1/12 393/1/12 437/1/12
f 437/1/37 393/1/37 395/1/37
f 145/1/1 115/1/1 146/1/1 144/1/1
f 471/1/12 473/1/12 472/1/12 470/1/12
f 440/1/28 441/1/28 442/1/28
f 397/1/12 443/1/12 444/1/12
f 397/1/28 445/1/28 446/1/28
f 446/1/30 445/1/30 447/1/30
f 410/1/12 448/1/12 375/1/12
f 375/1/12 448/1/12 449/1/12
f 375/1/12 449/1/12 411/1/12
f 450/1/30 412/1/30 451/1/30
f 451/1/28 412/1/28 452/1/28
f 451/1/22 452/1/22 453/1/22
f 453/1/28 452/1/28 454/1/28
f 450/1/12 455/1/12 412/1/12
f 412/1/37 455/1/37 456/1/37
f 412/1/12 456/1/12 375/1/12
f 375/1/28 456/1/28 457/1/28
f 375/1/12 457/1/12 425/1/12
f 416/1/12 458/1/12 375/1/12
f 375/1/12 458/1/12 459/1/12
f 375/1/12 459/1/12 417/1/12
f 460/1/30 418/1/30 461/1/30
f 461/1/28 418/1/28 462/1/28
f 461/1/12 462/1/12 463/1/12
f 463/1/12 462/1/12 464/1/12
f 460/1/12 465/1/12 418/1/12
f 418/1/37 465/1/37 466/1/37
f 418/1/12 466/1/12 375/1/12
f 375/1/12 466/1/12 467/1/12
f 375/1/12 467/1/12 431/1/12
f 468/1/12 393/1/12 469/1/12
f 469/1/12 393/1/12 422/1/12
f 1523/1/1 1524/1/1 1539/1/1 1540/1/1
f 1463/1/4 1464/1/4 1431/1/4 1432/1/4
f 472/1/12 473/1/12 474/1/12
f 396/1/12 475/1/12 397/1/12
f 397/1/12 475/1/12 476/1/12
f 397/1/28 476/1/28 477/1/28
f 442/1/12 478/1/12 440/1/12
f 440/1/12 478/1/12 479/1/12
f 440/1/12 479/1/12 480/1/12
f 480/1/12 481/1/12 440/1/12
f 440/1/12 481/1/12 482/1/12
f 440/1/28 482/1/28 483/1/28
f 484/1/12 485/1/12 486/1/12
f 444/1/12 487/1/12 397/1/12
f 397/1/22 487/1/22 488/1/22
f 397/1/12 488/1/12 445/1/12
f 489/1/12 490/1/12 491/1/12
f 483/1/12 492/1/12 440/1/12
f 440/1/12 492/1/12 493/1/12
f 440/1/28 493/1/28 494/1/28
f 494/1/30 495/1/30 440/1/30
f 440/1/28 495/1/28 496/1/28
f 440/1/12 496/1/12 497/1/12
f 397/1/12 399/1/12 398/1/12 396/1/12
f 720/1/38 721/1/38 674/1/38 719/1/38
f 468/1/12 502/1/12 393/1/12
f 393/1/39 502/1/39 503/1/39
f 499/1/12 504/1/12 505/1/12
f 499/1/28 506/1/28 507/1/28
f 507/1/30 506/1/30 508/1/30
f 477/1/12 509/1/12 397/1/12
f 397/1/12 509/1/12 510/1/12
f 397/1/28 510/1/28 443/1/28
f 447/1/31 445/1/31 491/1/31
f 491/1/23 445/1/23 511/1/23
f 491/1/28 511/1/28 489/1/28
f 497/1/12 512/1/12 440/1/12
f 440/1/22 512/1/22 513/1/22
f 440/1/12 513/1/12 486/1/12
f 486/1/12 513/1/12 514/1/12
f 486/1/12 514/1/12 484/1/12
f 498/1/12 515/1/12 499/1/12
f 499/1/12 515/1/12 516/1/12
f 499/1/28 516/1/28 517/1/28
f 474/1/12 518/1/12 472/1/12
f 472/1/12 518/1/12 519/1/12
f 472/1/12 519/1/12 520/1/12
f 520/1/12 521/1/12 472/1/12
f 472/1/12 521/1/12 522/1/12
f 472/1/28 522/1/28 523/1/28
f 524/1/12 525/1/12 526/1/12
f 490/1/12 527/1/12 491/1/12
f 491/1/30 527/1/30 528/1/30
f 491/1/12 528/1/12 529/1/12
f 505/1/12 530/1/12 499/1/12
f 499/1/28 530/1/28 531/1/28
f 499/1/24 531/1/24 506/1/24
f 532/1/12 533/1/12 534/1/12
f 523/1/12 535/1/12 472/1/12
f 472/1/12 535/1/12 536/1/12
f 472/1/28 536/1/28 537/1/28
f 537/1/12 538/1/12 472/1/12
f 472/1/22 538/1/22 539/1/22
f 472/1/12 539/1/12 540/1/12
f 517/1/12 541/1/12 499/1/12
f 499/1/12 541/1/12 542/1/12
f 499/1/28 542/1/28 504/1/28
f 508/1/12 506/1/12 534/1/12
f 534/1/25 506/1/25 543/1/25
f 534/1/28 543/1/28 532/1/28
f 540/1/12 544/1/12 472/1/12
f 472/1/22 544/1/22 545/1/22
f 472/1/12 545/1/12 526/1/12
f 526/1/12 545/1/12 546/1/12
f 526/1/28 546/1/28 524/1/28
f 533/1/30 547/1/30 534/1/30
f 534/1/30 547/1/30 548/1/30
f 534/1/40 548/1/40 549/1/40
f 726/1/41 637/1/41 622/1/41 717/1/41
f 280/1/37 393/1/37 369/1/37
f 369/1/12 393/1/12 503/1/12
f 706/1/38 707/1/38 703/1/38 705/1/38
f 374/1/12 551/1/12 375/1/12
f 375/1/12 551/1/12 383/1/12
f 375/1/12 383/1/12 385/1/12
f 385/1/12 383/1/12 384/1/12
f 552/2/42 553/3/42 375/4/42
f 554/5/42 555/6/42 556/7/42
f 553/3/42 557/8/42 375/4/42
f 375/4/42 557/8/42 558/9/42
f 375/4/42 558/9/42 298/10/42
f 298/10/42 558/9/42 559/11/42
f 298/10/42 559/11/42 560/12/42
f 561/13/42 562/14/42 563/15/42
f 862/1/43 860/1/43 594/1/43 587/1/43
f 565/16/42 564/17/42 566/18/42
f 1298/1/1 1299/1/1 1251/1/1 1250/1/1
f 567/19/42 568/20/42 569/21/42
f 560/12/42 570/22/42 298/10/42
f 298/10/42 570/22/42 571/23/42
f 298/10/42 571/23/42 313/24/42
f 313/24/42 571/23/42 572/25/42
f 313/24/42 572/25/42 573/26/42
f 573/26/42 572/25/42 574/27/42
f 573/26/42 574/27/42 575/28/42
f 337/1/12 339/1/12 338/1/12 336/1/12
f 577/29/42 576/30/42 578/31/42
f 578/31/42 576/30/42 579/32/42
f 1114/1/12 1092/1/12 1152/1/12 1151/1/12
f 581/33/42 580/34/42 582/35/42
f 943/1/12 944/1/12 881/1/12 882/1/12
f 585/36/42 586/37/42 587/38/42
f 587/38/42 586/37/42 588/39/42
f 972/1/12 973/1/12 1026/1/12 1027/1/12
f 590/40/42 591/41/42 592/42/42
f 592/42/42 591/41/42 593/43/42
f 580/34/42 581/33/42 579/32/42 576/30/42
f 1516/1/1 1552/1/1 1553/1/1 1515/1/1
f 587/38/42 596/44/42 585/36/42
f 569/21/42 597/45/42 567/19/42
f 567/19/42 597/45/42 598/46/42
f 669/1/38 685/1/38 668/1/38 667/1/38
f 662/1/38 663/1/38 644/1/38 661/1/38
f 556/7/42 601/47/42 554/5/42
f 287/1/12 288/1/12 283/1/12 286/1/12
f 563/15/42 602/48/42 561/13/42
f 603/49/42 604/50/42 16/51/42
f 16/51/42 604/50/42 605/52/42
f 16/51/42 605/52/42 4/53/42
f 588/39/42 609/54/42 589/55/42 587/38/42
f 583/56/42 607/57/42 608/58/42
f 583/56/42 608/58/42 584/59/42
f 589/55/42 609/54/42 610/60/42
f 674/1/38 675/1/38 673/1/38 672/1/38
f 612/61/42 277/62/42 613/63/42
f 613/63/42 277/62/42 614/64/42
f 1135/1/12 1172/1/12 1171/1/12 1134/1/12
f 592/42/42 615/65/42 590/40/42
f 612/61/42 616/66/42 277/62/42
f 277/62/42 616/66/42 617/67/42
f 277/62/42 617/67/42 16/51/42
f 16/51/42 617/67/42 618/68/42
f 16/51/42 618/68/42 603/49/42
f 610/60/42 619/69/42 611/70/42 589/55/42
f 606/71/42 620/72/42 621/73/42
f 622/74/42 623/75/42 624/76/42
f 598/46/42 600/77/42 599/78/42 567/19/42
f 555/6/42 626/79/42 556/7/42
f 684/1/38 669/1/38 644/1/38 683/1/38
f 625/80/42 627/81/42 628/82/42
f 605/52/42 629/83/42 4/53/42
f 4/53/42 629/83/42 630/84/42
f 4/53/42 630/84/42 631/85/42
f 703/1/38 704/1/38 702/1/38 701/1/38
f 564/17/42 565/16/42 563/15/42 562/14/42
f 632/86/42 636/87/42 633/88/42
f 622/74/42 637/89/42 623/75/42
f 1241/1/1 1242/1/1 1291/1/1 1290/1/1
f 634/90/42 638/91/42 639/92/42
f 634/90/42 639/92/42 635/93/42
f 283/1/38 640/1/38 641/1/38
f 642/1/38 643/1/38 644/1/38
f 640/1/38 283/1/38 645/1/38
f 645/1/38 283/1/38 288/1/38
f 645/1/38 288/1/38 646/1/38
f 647/1/38 648/1/38 649/1/38
f 635/93/42 636/87/42 632/86/42 634/90/42
f 651/1/38 650/1/38 652/1/38
f 566/18/42 568/20/42 567/19/42 565/16/42
f 653/1/38 654/1/38 655/1/38
f 656/1/38 550/1/38 657/1/38
f 657/1/38 550/1/38 283/1/38
f 657/1/38 283/1/38 658/1/38
f 658/1/38 283/1/38 641/1/38
f 655/1/38 659/1/38 653/1/38
f 653/1/38 659/1/38 660/1/38
f 992/1/12 993/1/12 999/1/12 1000/1/12
f 977/1/12 978/1/12 1018/1/12 997/1/12
f 644/1/38 663/1/38 642/1/38
f 22/1/38 664/1/38 665/1/38
f 666/1/38 667/1/38 668/1/38
f 660/1/38 662/1/38 661/1/38 653/1/38
f 375/4/42 602/48/42 563/15/42 552/2/42
f 649/1/38 670/1/38 647/1/38
f 671/1/38 672/1/38 673/1/38
f 777/1/44 784/1/44 783/1/44 778/1/44
f 614/64/42 615/65/42 592/42/42 613/63/42
f 676/1/38 677/1/38 678/1/38
f 679/1/38 141/1/38 680/1/38
f 680/1/38 141/1/38 23/1/38
f 680/1/38 23/1/38 681/1/38
f 681/1/38 23/1/38 682/1/38
f 643/1/38 683/1/38 644/1/38
f 1098/1/12 1099/1/12 1159/1/12 1158/1/12
f 669/1/38 684/1/38 685/1/38
f 656/1/38 686/1/38 550/1/38
f 550/1/38 686/1/38 687/1/38
f 550/1/38 687/1/38 688/1/38
f 688/1/38 687/1/38 689/1/38
f 688/1/38 689/1/38 690/1/38
f 576/30/42 577/29/42 575/28/42 574/27/42
f 693/1/38 694/1/38 695/1/38
f 606/71/42 621/73/42 607/57/42 583/56/42
f 696/1/38 672/1/38 671/1/38
f 665/1/38 697/1/38 22/1/38
f 22/1/38 697/1/38 698/1/38
f 22/1/38 698/1/38 23/1/38
f 23/1/38 698/1/38 699/1/38
f 23/1/38 699/1/38 682/1/38
f 679/1/38 700/1/38 141/1/38
f 141/1/38 700/1/38 701/1/38
f 141/1/38 701/1/38 702/1/38
f 1012/1/12 1013/1/12 983/1/12 968/1/12
f 650/1/38 651/1/38 649/1/38 648/1/38
f 703/1/38 707/1/38 704/1/38
f 593/43/42 595/94/42 594/95/42 592/42/42
f 691/1/38 709/1/38 710/1/38
f 691/1/38 710/1/38 692/1/38
f 666/1/38 711/1/38 667/1/38
f 638/91/42 634/90/42 623/75/42 637/89/42
f 705/1/38 712/1/38 713/1/38
f 705/1/38 713/1/38 706/1/38
f 693/1/38 714/1/38 694/1/38
f 583/56/42 584/59/42 582/35/42 580/34/42
f 708/1/38 715/1/38 716/1/38
f 717/1/38 718/1/38 719/1/38
f 719/1/38 718/1/38 720/1/38
f 672/1/38 696/1/38 695/1/38 694/1/38
f 674/1/38 721/1/38 675/1/38
f 678/1/38 722/1/38 676/1/38
f 676/1/38 722/1/38 723/1/38
f 708/1/38 716/1/38 709/1/38 691/1/38
f 595/94/42 596/44/42 587/38/42 594/95/42
f 719/1/38 726/1/38 717/1/38
f 854/1/45 856/1/45 855/1/45 853/1/45
f 730/1/46 729/1/46 731/1/46
f 852/1/47 853/1/47 851/1/47 850/1/47
f 732/1/48 733/1/48 734/1/48
f 814/1/49 816/1/49 815/1/49 813/1/49
f 816/1/50 818/1/50 817/1/50 815/1/50
f 818/1/51 820/1/51 819/1/51 817/1/51
f 842/1/52 844/1/52 843/1/52 841/1/52
f 749/1/53 750/1/53 748/1/53 747/1/53
f 759/1/54 760/1/54 758/1/54 757/1/54
f 826/1/55 828/1/55 827/1/55 825/1/55
f 828/1/56 830/1/56 829/1/56 827/1/56
f 830/1/57 832/1/57 831/1/57 829/1/57
f 832/1/58 834/1/58 833/1/58 831/1/58
f 834/1/59 836/1/59 835/1/59 833/1/59
f 836/1/60 838/1/60 837/1/60 835/1/60
f 838/1/61 840/1/61 839/1/61 837/1/61
f 822/1/62 824/1/62 823/1/62 821/1/62
f 840/1/63 842/1/63 841/1/63 839/1/63
f 844/1/64 846/1/64 845/1/64 843/1/64
f 769/1/65 770/1/65 768/1/65 767/1/65
f 848/1/66 850/1/66 849/1/66 847/1/66
f 770/1/67 769/1/67 771/1/67
f 800/1/68 802/1/68 801/1/68 799/1/68
f 772/1/69 773/1/69 774/1/69
f 731/1/70 733/1/70 732/1/70 730/1/70
f 858/1/71 860/1/71 859/1/71 857/1/71
f 1507/1/4 1563/1/4 1564/1/4 1506/1/4
f 862/1/72 864/1/72 863/1/72 861/1/72
f 788/1/73 790/1/73 789/1/73 787/1/73
f 806/1/74 808/1/74 807/1/74 805/1/74
f 812/1/75 813/1/75 811/1/75 810/1/75
f 860/1/76 862/1/76 861/1/76 859/1/76
f 761/1/77 762/1/77 760/1/77 759/1/77
f 798/1/78 800/1/78 799/1/78 797/1/78
f 869/1/79 870/1/79 867/1/79 868/1/79
f 794/1/80 796/1/80 795/1/80 793/1/80
f 856/1/81 858/1/81 857/1/81 855/1/81
f 783/1/82 784/1/82 781/1/82 782/1/82
f 775/1/83 786/1/83 785/1/83 776/1/83
f 786/1/84 788/1/84 787/1/84 785/1/84
f 753/1/85 754/1/85 752/1/85 751/1/85
f 775/1/86 776/1/86 774/1/86 773/1/86
f 809/1/87 810/1/87 811/1/87
f 771/1/88 773/1/88 772/1/88 770/1/88
f 813/1/89 812/1/89 814/1/89
f 808/1/90 810/1/90 809/1/90 807/1/90
f 846/1/91 848/1/91 847/1/91 845/1/91
f 864/1/92 866/1/92 865/1/92 863/1/92
f 763/1/93 764/1/93 762/1/93 761/1/93
f 729/1/94 730/1/94 727/1/94 728/1/94
f 745/1/95 746/1/95 744/1/95 743/1/95
f 765/1/96 766/1/96 764/1/96 763/1/96
f 755/1/97 756/1/97 754/1/97 753/1/97
f 779/1/98 780/1/98 777/1/98 778/1/98
f 751/1/99 752/1/99 750/1/99 749/1/99
f 757/1/100 758/1/100 756/1/100 755/1/100
f 747/1/101 748/1/101 746/1/101 745/1/101
f 741/1/102 742/1/102 740/1/102 739/1/102
f 743/1/103 744/1/103 742/1/103 741/1/103
f 737/1/104 738/1/104 736/1/104 735/1/104
f 739/1/105 740/1/105 738/1/105 737/1/105
f 767/1/106 768/1/106 766/1/106 765/1/106
f 735/1/107 736/1/107 734/1/107 733/1/107
f 849/1/108 850/1/108 851/1/108
f 820/1/109 822/1/109 821/1/109 819/1/109
f 853/1/110 852/1/110 854/1/110
f 824/1/111 826/1/111 825/1/111 823/1/111
f 727/1/112 780/1/112 779/1/112 728/1/112
f 796/1/113 798/1/113 797/1/113 795/1/113
f 802/1/114 804/1/114 803/1/114 801/1/114
f 790/1/115 792/1/115 791/1/115 789/1/115
f 781/1/116 870/1/116 869/1/116 782/1/116
f 804/1/117 806/1/117 805/1/117 803/1/117
f 866/1/118 868/1/118 867/1/118 865/1/118
f 792/1/119 794/1/119 793/1/119 791/1/119
f 267/1/120 1463/1/120 1462/1/120 268/1/120
f 385/1/121 962/1/121 967/1/121 386/1/121
f 464/1/122 881/1/122 896/1/122 463/1/122
f 316/1/123 1125/1/123 1124/1/123 317/1/123
f 451/1/124 982/1/124 981/1/124 450/1/124
f 314/1/125 1106/1/125 1105/1/125 315/1/125
f 684/1/126 609/1/126 588/1/126 685/1/126
f 258/1/127 1576/1/127 1575/1/127 259/1/127
f 1201/1/128 1176/1/128 1177/1/128 1200/1/128
f 430/1/129 880/1/129 879/1/129 413/1/129
f 531/1/130 1024/1/130 1023/1/130 506/1/130
f 50/1/131 1230/1/131 1229/1/131 78/1/131
f 549/1/132 1039/1/132 1038/1/132 534/1/132
f 53/1/133 1359/1/133 1381/1/133 54/1/133
f 170/1/134 1511/1/134 1510/1/134 164/1/134
f 113/1/135 1522/1/135 1521/1/135 114/1/135
f 462/1/136 882/1/136 881/1/136 464/1/136
f 415/1/137 888/1/137 887/1/137 416/1/137
f 1044/1/138 502/1/138 501/1/138 1034/1/138
f 69/1/139 1382/1/139 1400/1/139 29/1/139
f 214/1/140 1562/1/140 1561/1/140 215/1/140
f 1338/1/141 1299/1/141 1298/1/141 1337/1/141
f 662/1/142 607/1/142 621/1/142 663/1/142
f 706/1/143 591/1/143 590/1/143 707/1/143
f 138/1/144 1506/1/144 1505/1/144 149/1/144
f 685/1/145 588/1/145 586/1/145 668/1/145
f 507/1/146 1036/1/146 1035/1/146 499/1/146
f 325/1/147 1098/1/147 1097/1/147 326/1/147
f 434/1/148 899/1/148 898/1/148 435/1/148
f 259/1/149 1575/1/149 1574/1/149 218/1/149
f 417/1/150 884/1/150 883/1/150 418/1/150
f 489/1/151 956/1/151 955/1/151 490/1/151
f 416/1/152 887/1/152 886/1/152 458/1/152
f 128/1/153 1441/1/153 1440/1/153 129/1/153
f 368/1/154 1114/1/154 1113/1/154 346/1/154
f 114/1/155 1521/1/155 1520/1/155 140/1/155
f 458/1/156 886/1/156 885/1/156 459/1/156
f 293/1/157 1085/1/157 1084/1/157 294/1/157
f 872/1/158 387/1/158 406/1/158 871/1/158
f 525/1/159 1012/1/159 1011/1/159 526/1/159
f 414/1/160 878/1/160 888/1/160 415/1/160
f 435/1/161 898/1/161 897/1/161 436/1/161
f 1205/1/162 1172/1/162 1173/1/162 1204/1/162
f 284/1/163 1075/1/163 1074/1/163 281/1/163
f 16/1/1 18/1/1 103/1/1 277/1/1
f 704/1/164 615/1/164 614/1/164 702/1/164
f 1356/1/165 1306/1/165 1307/1/165 1355/1/165
f 410/1/152 974/1/152 973/1/152 448/1/152
f 329/1/166 1104/1/166 1126/1/166 330/1/166
f 479/1/167 918/1/167 917/1/167 480/1/167
f 1198/1/168 1179/1/168 1180/1/168 1197/1/168
f 1330/1/169 1282/1/169 1283/1/169 1329/1/169
f 443/1/170 940/1/170 939/1/170 444/1/170
f 223/1/171 1447/1/171 1446/1/171 224/1/171
f 1350/1/172 1312/1/172 1313/1/172 1349/1/172
f 227/1/173 1412/1/173 1411/1/173 228/1/173
f 76/1/174 1236/1/174 1235/1/174 77/1/174
f 412/1/175 970/1/175 969/1/175 452/1/175
f 210/1/176 1540/1/176 1539/1/176 211/1/176
f 654/1/177 581/1/177 582/1/177 655/1/177
f 486/1/178 924/1/178 923/1/178 440/1/178
f 721/1/179 627/1/179 626/1/179 675/1/179
f 448/1/156 973/1/156 972/1/156 449/1/156
f 933/1/42 400/1/42 437/1/42 932/1/42
f 12/1/180 1237/1/180 1258/1/180 13/1/180
f 137/1/181 1515/1/181 1514/1/181 135/1/181
f 484/1/182 926/1/182 925/1/182 485/1/182
f 648/1/183 577/1/183 578/1/183 650/1/183
f 454/1/122 968/1/122 983/1/122 453/1/122
f 533/1/184 1042/1/184 1041/1/184 547/1/184
f 397/1/185 948/1/185 947/1/185 399/1/185
f 218/1/186 1574/1/186 1573/1/186 240/1/186
f 429/1/121 875/1/121 880/1/121 430/1/121
f 548/1/187 1040/1/187 1039/1/187 549/1/187
f 341/1/188 1131/1/188 1130/1/188 342/1/188
f 995/1/42 422/1/42 421/1/42 994/1/42
f 1344/1/189 1274/1/189 1275/1/189 1343/1/189
f 273/1/190 1471/1/190 1492/1/190 247/1/190
f 482/1/191 915/1/191 914/1/191 483/1/191
f 907/1/138 394/1/138 436/1/138 897/1/138
f 384/1/192 963/1/192 962/1/192 385/1/192
f 423/1/193 966/1/193 965/1/193 424/1/193
f 164/1/194 1510/1/194 1509/1/194 165/1/194
f 309/1/195 1065/1/195 1064/1/195 310/1/195
f 527/1/196 954/1/196 953/1/196 528/1/196
f 447/1/197 950/1/197 949/1/197 446/1/197
f 333/1/198 1136/1/198 1135/1/198 331/1/198
f 873/1/12 872/1/12 874/1/12
f 874/1/12 872/1/12 871/1/12
f 923/1/12 924/1/12 881/1/12
f 881/1/12 924/1/12 925/1/12
f 1093/1/12 1094/1/12 1154/1/12 1153/1/12
f 899/1/12 918/1/12 919/1/12
f 884/1/12 940/1/12 941/1/12 883/1/12
f 882/1/12 942/1/12 943/1/12
f 1030/1/12 1031/1/12 968/1/12 969/1/12
f 933/1/12 932/1/12 922/1/12
f 838/1/199 836/1/199 618/1/199 617/1/199
f 986/1/22 987/1/22 1004/1/22 1005/1/22
f 987/1/28 988/1/28 1003/1/28 1004/1/28
f 993/1/12 976/1/12 998/1/12 999/1/12
f 989/1/12 990/1/12 1001/1/12 1002/1/12
f 1230/1/1 1231/1/1 1309/1/1 1308/1/1
f 957/1/12 947/1/12 871/1/12
f 871/1/12 947/1/12 948/1/12
f 871/1/12 948/1/12 874/1/12
f 874/1/12 948/1/12 949/1/12
f 874/1/12 949/1/12 950/1/12
f 881/1/22 944/1/22 945/1/22
f 881/1/12 945/1/12 946/1/12
f 913/1/28 904/1/28 905/1/28
f 185/1/1 192/1/1 191/1/1 186/1/1
f 1245/1/1 1246/1/1 1301/1/1 1295/1/1
f 1576/1/1 1577/1/1 1499/1/1 1500/1/1
f 1131/1/12 1132/1/12 1168/1/12 1167/1/12
f 1247/1/1 1225/1/1 1303/1/1 1302/1/1
f 922/1/12 923/1/12 933/1/12
f 933/1/12 923/1/12 881/1/12
f 933/1/12 881/1/12 934/1/12
f 934/1/22 881/1/22 946/1/22
f 896/1/12 926/1/12 927/1/12
f 1014/1/22 1015/1/22 982/1/22 983/1/22
f 1015/1/12 1016/1/12 981/1/12 982/1/12
f 1016/1/12 1017/1/12 980/1/12 981/1/12
f 893/1/12 930/1/12 892/1/12
f 1530/1/1 1520/1/1 1532/1/1 1531/1/1
f 984/1/12 985/1/12 1008/1/12 996/1/12
f 921/1/12 898/1/12 920/1/12
f 971/1/12 1027/1/12 1028/1/12 970/1/12
f 940/1/12 884/1/12 885/1/12
f 1418/1/1 1419/1/1 1477/1/1 1478/1/1
f 973/1/12 974/1/12 1025/1/12 1026/1/12
f 974/1/12 975/1/12 1024/1/12 1025/1/12
f 1262/1/1 1263/1/1 1274/1/1 1273/1/1
f 1112/1/12 1113/1/12 1150/1/12 1149/1/12
f 1246/1/1 1247/1/1 1302/1/1 1301/1/1
f 1579/1/3 1558/1/3 1502/1/3 1503/1/3
f 962/1/12 963/1/12 1041/1/12 1042/1/12
f 1260/1/1 1261/1/1 1272/1/1 1271/1/1
f 725/1/38 726/1/38 719/1/38 724/1/38
f 952/1/12 874/1/12 951/1/12
f 951/1/12 874/1/12 950/1/12
f 487/1/200 938/1/200 937/1/200 488/1/200
f 505/1/201 1026/1/201 1025/1/201 530/1/201
f 10/1/202 1257/1/202 1256/1/202 11/1/202
f 544/1/203 1016/1/203 1015/1/203 545/1/203
f 366/1/204 1093/1/204 1092/1/204 367/1/204
f 477/1/205 943/1/205 942/1/205 509/1/205
f 960/1/38 383/1/38 551/1/38 959/1/38
f 490/1/184 955/1/184 954/1/184 527/1/184
f 1047/1/38 374/1/38 373/1/38 1046/1/38
f 321/1/206 1090/1/206 1089/1/206 322/1/206
f 58/1/207 1391/1/207 1390/1/207 59/1/207
f 539/1/208 1018/1/208 1017/1/208 540/1/208
f 317/1/209 1124/1/209 1123/1/209 318/1/209
f 528/1/187 953/1/187 952/1/187 529/1/187
f 1346/1/210 1272/1/210 1273/1/210 1345/1/210
f 97/1/211 1247/1/211 1246/1/211 38/1/211
f 488/1/130 937/1/130 936/1/130 445/1/130
f 466/1/212 892/1/212 891/1/212 467/1/212
f 1195/1/213 1142/1/213 1141/1/213 1194/1/213
f 496/1/208 931/1/208 930/1/208 497/1/208
f 959/1/158 551/1/158 503/1/158 958/1/158
f 1215/1/214 1162/1/214 1163/1/214 1214/1/214
f 1320/1/215 1292/1/215 1293/1/215 1319/1/215
f 445/1/216 936/1/216 935/1/216 511/1/216
f 1339/1/217 1300/1/217 1299/1/217 1338/1/217
f 1343/1/218 1275/1/218 1276/1/218 1342/1/218
f 720/1/219 628/1/219 627/1/219 721/1/219
f 9/1/220 1238/1/220 1237/1/220 12/1/220
f 1206/1/221 1171/1/221 1172/1/221 1205/1/221
f 82/1/222 1386/1/222 1385/1/222 83/1/222
f 678/1/223 636/1/223 635/1/223 722/1/223
f 647/1/224 575/1/224 577/1/224 648/1/224
f 449/1/225 972/1/225 971/1/225 411/1/225
f 13/1/226 1258/1/226 1257/1/226 10/1/226
f 1322/1/227 1290/1/227 1291/1/227 1321/1/227
f 63/1/228 1260/1/228 1259/1/228 64/1/228
f 405/1/229 987/1/229 986/1/229 407/1/229
f 932/1/138 437/1/138 438/1/138 922/1/138
f 522/1/191 1002/1/191 1001/1/191 523/1/191
f 176/1/230 1417/1/230 1432/1/230 175/1/230
f 1323/1/231 1289/1/231 1290/1/231 1322/1/231
f 427/1/232 993/1/232 992/1/232 389/1/232
f 27/1/233 1253/1/233 1248/1/233 28/1/233
f 269/1/234 1460/1/234 1459/1/234 143/1/234
f 1340/1/235 1278/1/235 1300/1/235 1339/1/235
f 144/1/236 1445/1/236 1457/1/236 142/1/236
f 494/1/237 911/1/237 910/1/237 495/1/237
f 1328/1/238 1284/1/238 1285/1/238 1327/1/238
f 1342/1/239 1276/1/239 1277/1/239 1341/1/239
f 650/1/240 578/1/240 579/1/240 652/1/240
f 408/1/161 985/1/161 984/1/161 420/1/161
f 83/1/241 1385/1/241 1384/1/241 67/1/241
f 453/1/242 983/1/242 982/1/242 451/1/242
f 79/1/243 1228/1/243 1227/1/243 80/1/243
f 200/1/244 1535/1/244 1534/1/244 201/1/244
f 160/1/245 1568/1/245 1567/1/245 234/1/245
f 1355/1/246 1307/1/246 1308/1/246 1354/1/246
f 175/1/247 1432/1/247 1431/1/247 173/1/247
f 378/1/248 877/1/248 876/1/248 428/1/248
f 542/1/249 1028/1/249 1027/1/249 504/1/249
f 59/1/250 1390/1/250 1389/1/250 60/1/250
f 485/1/159 925/1/159 924/1/159 486/1/159
f 71/1/251 1395/1/251 1394/1/251 72/1/251
f 236/1/252 1565/1/252 1564/1/252 254/1/252
f 871/1/42 406/1/42 419/1/42 957/1/42
f 243/1/253 1467/1/253 1466/1/253 244/1/253
f 34/1/254 1263/1/254 1262/1/254 33/1/254
f 456/1/212 979/1/212 978/1/212 457/1/212
f 219/1/255 1449/1/255 1448/1/255 222/1/255
f 467/1/256 891/1/256 890/1/256 431/1/256
f 349/1/257 1108/1/257 1107/1/257 350/1/257
f 327/1/258 1110/1/258 1109/1/258 328/1/258
f 1324/1/259 1288/1/259 1289/1/259 1323/1/259
f 224/1/260 1446/1/260 1467/1/260 243/1/260
f 353/1/261 1115/1/261 1136/1/261 333/1/261
f 33/1/262 1262/1/262 1261/1/262 62/1/262
f 499/1/185 1035/1/185 1034/1/185 501/1/185
f 143/1/263 1459/1/263 1458/1/263 145/1/263
f 1409/1/38 196/1/38 195/1/38 1408/1/38
f 517/1/264 1030/1/264 1029/1/264 541/1/264
f 404/1/265 988/1/265 987/1/265 405/1/265
f 245/1/140 1475/1/140 1474/1/140 246/1/140
f 173/1/266 1431/1/266 1430/1/266 171/1/266
f 1445/1/138 144/1/138 146/1/138 1444/1/138
f 1443/1/158 161/1/158 162/1/158 1433/1/158
f 459/1/267 885/1/267 884/1/267 417/1/267
f 1189/1/268 1144/1/268 1145/1/268 1188/1/268
f 960/1/12 959/1/12 961/1/12
f 961/1/12 959/1/12 958/1/12
f 1010/1/28 1011/1/28 968/1/28
f 968/1/12 1011/1/12 1012/1/12
f 925/1/12 926/1/12 896/1/12 881/1/12
f 986/1/12 1005/1/12 1006/1/12
f 882/1/28 883/1/28 941/1/28 942/1/28
f 969/1/12 1029/1/12 1030/1/12
f 1139/1/12 1140/1/12 1126/1/12 1104/1/12
f 1020/1/12 1019/1/12 1009/1/12
f 920/1/12 898/1/12 899/1/12 919/1/12
f 1253/1/1 1252/1/1 1280/1/1 1279/1/1
f 1528/1/1 1529/1/1 1535/1/1 1536/1/1
f 901/1/12 902/1/12 915/1/12 916/1/12
f 47/1/3 85/1/3 84/1/3 45/1/3
f 903/1/12 904/1/12 913/1/12 914/1/12
f 1044/1/12 1034/1/12 958/1/12
f 958/1/12 1034/1/12 1035/1/12
f 958/1/12 1035/1/12 961/1/12
f 961/1/12 1035/1/12 1036/1/12
f 961/1/12 1036/1/12 1037/1/12
f 968/1/22 1031/1/22 1032/1/22
f 968/1/12 1032/1/12 1033/1/12
f 1000/1/12 991/1/12 992/1/12
f 905/1/12 906/1/12 912/1/12 913/1/12
f 906/1/12 889/1/12 911/1/12 912/1/12
f 889/1/12 890/1/12 910/1/12 911/1/12
f 890/1/12 891/1/12 931/1/12 910/1/12
f 892/1/12 930/1/12 931/1/12 891/1/12
f 1009/1/12 1010/1/12 1020/1/12
f 1020/1/12 1010/1/12 968/1/12
f 1020/1/12 968/1/12 1021/1/12
f 1021/1/22 968/1/22 1033/1/22
f 983/1/28 1013/1/28 1014/1/28
f 362/1/12 365/1/12 298/1/12 313/1/12
f 1438/1/1 1439/1/1 1450/1/1 1451/1/1
f 1120/1/12 1121/1/12 1179/1/12 1178/1/12
f 980/1/12 1017/1/12 979/1/12
f 1443/1/1 1433/1/1 1445/1/1 1444/1/1
f 1228/1/1 1307/1/1 1306/1/1 1227/1/1
f 1008/1/12 985/1/12 1007/1/12
f 1529/1/1 1512/1/1 1534/1/1 1535/1/1
f 1027/1/22 971/1/22 972/1/22
f 885/1/12 886/1/12 939/1/12 940/1/12
f 1108/1/12 1109/1/12 1145/1/12 1144/1/12
f 963/1/12 964/1/12 1040/1/12 1041/1/12
f 888/1/12 878/1/12 936/1/12 937/1/12
f 878/1/12 879/1/12 935/1/12 936/1/12
f 879/1/12 880/1/12 956/1/12 935/1/12
f 880/1/12 875/1/12 955/1/12 956/1/12
f 1490/1/1 1491/1/1 1411/1/1 1412/1/1
f 876/1/12 877/1/12 953/1/12 954/1/12
f 877/1/28 874/1/28 952/1/28 953/1/28
f 1039/1/24 961/1/24 1038/1/24
f 1038/1/28 961/1/28 1037/1/28
f 261/1/269 1479/1/269 1478/1/269 262/1/269
f 541/1/270 1029/1/270 1028/1/270 542/1/270
f 281/1/271 1074/1/271 1073/1/271 282/1/271
f 249/1/186 1487/1/186 1486/1/186 266/1/186
f 350/1/272 1107/1/272 1106/1/272 314/1/272
f 481/1/273 916/1/273 915/1/273 482/1/273
f 1049/1/12 1048/1/12 1050/1/12
f 1050/1/12 1048/1/12 1047/1/12
f 1050/1/12 1047/1/12 1045/1/12
f 1045/1/12 1047/1/12 1046/1/12
f 483/1/274 914/1/274 913/1/274 492/1/274
f 54/1/275 1381/1/275 1380/1/275 55/1/275
f 1327/1/276 1285/1/276 1286/1/276 1326/1/276
f 440/1/277 923/1/277 922/1/277 438/1/277
f 391/1/278 990/1/278 989/1/278 388/1/278
f 300/1/279 1072/1/279 1071/1/279 306/1/279
f 220/1/280 1450/1/280 1449/1/280 219/1/280
f 455/1/281 980/1/281 979/1/281 456/1/281
f 296/1/282 1058/1/282 1057/1/282 332/1/282
f 129/1/283 1440/1/283 1439/1/283 130/1/283
f 495/1/284 910/1/284 931/1/284 496/1/284
f 48/1/285 1232/1/285 1231/1/285 49/1/285
f 909/1/158 439/1/158 395/1/158 908/1/158
f 238/1/286 1559/1/286 1558/1/286 256/1/286
f 320/1/287 1091/1/287 1090/1/287 321/1/287
f 550/1/12 393/1/12 280/1/12 283/1/12
f 660/1/288 608/1/288 607/1/288 662/1/288
f 1250/1/289 91/1/289 89/1/289 1249/1/289
f 1321/1/290 1291/1/290 1292/1/290 1320/1/290
f 308/1/291 1069/1/291 1068/1/291 343/1/291
f 402/1/265 901/1/265 900/1/265 403/1/265
f 513/1/292 928/1/292 927/1/292 514/1/292
f 332/1/293 1057/1/293 1056/1/293 351/1/293
f 166/1/294 1508/1/294 1507/1/294 136/1/294
f 1048/1/138 369/1/138 374/1/138 1047/1/138
f 1336/1/295 1297/1/295 1296/1/295 1335/1/295
f 379/1/296 904/1/296 903/1/296 380/1/296
f 473/1/297 1008/1/297 1007/1/297 474/1/297
f 1349/1/298 1313/1/298 1270/1/298 1348/1/298
f 1045/1/42 371/1/42 372/1/42 1050/1/42
f 337/1/299 1133/1/299 1132/1/299 339/1/299
f 289/1/300 1103/1/300 1102/1/300 303/1/300
f 163/1/155 1434/1/155 1433/1/155 162/1/155
f 403/1/229 900/1/229 899/1/229 434/1/229
f 441/1/297 921/1/297 920/1/297 442/1/297
f 88/1/301 1361/1/301 1360/1/301 87/1/301
f 418/1/175 883/1/175 882/1/175 462/1/175
f 94/1/302 1268/1/302 1267/1/302 75/1/302
f 1183/1/303 1150/1/303 1151/1/303 1182/1/303
f 1210/1/304 1167/1/304 1168/1/304 1209/1/304
f 81/1/305 1387/1/305 1386/1/305 82/1/305
f 1082/1/12 1062/1/12 1086/1/12
f 1086/1/28 1062/1/28 1063/1/28
f 1086/1/24 1063/1/24 1064/1/24
f 1064/1/12 1065/1/12 1086/1/12
f 1086/1/25 1065/1/25 1066/1/25
f 1086/1/12 1066/1/12 1067/1/12
f 1084/1/30 1085/1/30 1052/1/30
f 25/1/1 26/1/1 3/1/1 15/1/1
f 1079/1/12 1080/1/12 1086/1/12
f 1086/1/28 1080/1/28 1081/1/28
f 1086/1/25 1081/1/25 1082/1/25
f 1067/1/12 1068/1/12 1086/1/12
f 1086/1/22 1068/1/22 1069/1/22
f 1086/1/12 1069/1/12 1070/1/12
f 1055/1/12 1056/1/12 1083/1/12
f 1070/1/25 1071/1/25 1086/1/25
f 1086/1/22 1071/1/22 1072/1/22
f 1086/1/28 1072/1/28 1051/1/28
f 1055/1/12 1083/1/12 1054/1/12
f 1058/1/306 1059/1/306 1060/1/306
f 1073/1/12 1074/1/12 1091/1/12
f 1091/1/307 1074/1/307 1090/1/307
f 1076/1/40 1077/1/40 1086/1/40
f 1086/1/25 1077/1/25 1078/1/25
f 1086/1/30 1078/1/30 1079/1/30
f 1056/1/12 1057/1/12 1083/1/12
f 1083/1/25 1057/1/25 1058/1/25
f 1083/1/12 1058/1/12 1061/1/12
f 1061/1/12 1058/1/12 1060/1/12
f 1087/1/308 1088/1/308 1074/1/308
f 1074/1/309 1088/1/309 1089/1/309
f 1074/1/12 1089/1/12 1090/1/12
f 1087/1/27 1074/1/27 1086/1/27
f 1086/1/12 1074/1/12 1075/1/12
f 1086/1/310 1075/1/310 1076/1/310
f 1084/1/12 1052/1/12 1083/1/12
f 1083/1/12 1052/1/12 1053/1/12
f 1083/1/12 1053/1/12 1054/1/12
f 534/1/311 1038/1/311 1037/1/311 508/1/311
f 518/1/312 1006/1/312 1005/1/312 519/1/312
f 301/1/313 1079/1/313 1078/1/313 302/1/313
f 433/1/232 906/1/232 905/1/232 392/1/232
f 203/1/314 1552/1/314 1551/1/314 204/1/314
f 725/1/315 638/1/315 637/1/315 726/1/315
f 242/1/316 1452/1/316 1451/1/316 221/1/316
f 497/1/317 930/1/317 929/1/317 512/1/317
f 344/1/318 1067/1/318 1066/1/318 345/1/318
f 212/1/253 1554/1/253 1553/1/253 213/1/253
f 532/1/151 1043/1/151 1042/1/151 533/1/151
f 1337/1/319 1298/1/319 1297/1/319 1336/1/319
f 345/1/320 1066/1/320 1065/1/320 309/1/320
f 107/1/283 1527/1/283 1526/1/283 109/1/283
f 357/1/321 1095/1/321 1094/1/321 358/1/321
f 132/1/322 1437/1/322 1436/1/322 133/1/322
f 1408/1/138 195/1/138 194/1/138 1407/1/138
f 186/1/323 1482/1/323 1481/1/323 187/1/323
f 339/1/324 1132/1/324 1131/1/324 341/1/324
f 1468/1/158 115/1/158 145/1/158 1458/1/158
f 673/1/325 555/1/325 554/1/325 671/1/325
f 274/1/326 1490/1/326 1489/1/326 275/1/326
f 51/1/327 1244/1/327 1243/1/327 52/1/327
f 722/1/328 635/1/328 639/1/328 723/1/328
f 355/1/329 1116/1/329 1115/1/329 353/1/329
f 428/1/192 876/1/192 875/1/192 429/1/192
f 1196/1/330 1143/1/330 1142/1/330 1195/1/330
f 178/1/294 1421/1/294 1420/1/294 180/1/294
f 1211/1/331 1166/1/331 1167/1/331 1210/1/331
f 233/1/194 1423/1/194 1422/1/194 177/1/194
f 365/1/332 1052/1/332 1051/1/332 299/1/332
f 1345/1/333 1273/1/333 1274/1/333 1344/1/333
f 1200/1/334 1177/1/334 1178/1/334 1199/1/334
f 1219/1/335 1158/1/335 1159/1/335 1218/1/335
f 319/1/336 1122/1/336 1121/1/336 359/1/336
f 1050/1/158 372/1/158 370/1/158 1049/1/158
f 1020/1/42 468/1/42 469/1/42 1019/1/42
f 1212/1/337 1165/1/337 1166/1/337 1211/1/337
f 510/1/249 941/1/249 940/1/249 443/1/249
f 253/1/338 1548/1/338 1547/1/338 252/1/338
f 1405/1/42 21/1/42 20/1/42 1404/1/42
f 14/1/339 1255/1/339 1254/1/339 24/1/339
f 426/1/340 976/1/340 993/1/340 427/1/340
f 1251/1/341 93/1/341 91/1/341 1250/1/341
f 87/1/342 1360/1/342 1359/1/342 53/1/342
f 1095/1/12 1156/1/12 1155/1/12 1094/1/12
f 781/1/343 784/1/343 653/1/343 661/1/343
f 1107/1/12 1108/1/12 1144/1/12 1137/1/12
f 1126/1/12 1140/1/12 1141/1/12
f 1229/1/4 1230/1/4 1308/1/4 1307/1/4
f 1514/1/1 1515/1/1 1553/1/1 1554/1/1
f 1137/1/12 1106/1/12 1107/1/12
f 1239/1/3 1240/1/3 1289/1/3 1288/1/3
f 1259/1/1 1260/1/1 1271/1/1 1270/1/1
f 1256/1/1 1257/1/1 1284/1/1 1283/1/1
f 1129/1/12 1130/1/12 1166/1/12 1165/1/12
f 771/1/344 769/1/344 552/1/344 563/1/344
f 1148/1/12 1112/1/12 1149/1/12
f 979/1/12 1017/1/12 1018/1/12 978/1/12
f 1297/1/1 1298/1/1 1250/1/1 1249/1/1
f 652/1/38 654/1/38 653/1/38 651/1/38
f 1252/1/1 1254/1/1 1281/1/1 1280/1/1
f 1269/1/1 1296/1/1 1249/1/1 1248/1/1
f 1154/1/12 1094/1/12 1155/1/12
f 1141/1/12 1142/1/12 1125/1/12 1126/1/12
f 1156/1/28 1095/1/28 1096/1/28
f 297/1/12 337/1/12 336/1/12 295/1/12
f 767/1/345 765/1/345 553/1/345 552/1/345
f 1237/1/1 1238/1/1 1287/1/1 1286/1/1
f 976/1/12 977/1/12 997/1/12 998/1/12
f 1109/1/12 1110/1/12 1146/1/12 1145/1/12
f 1127/1/12 1128/1/12 1164/1/12 1163/1/12
f 1263/1/1 1264/1/1 1275/1/1 1274/1/1
f 1163/1/12 1103/1/12 1127/1/12
f 853/1/346 855/1/346 705/1/346 703/1/346
f 865/1/347 867/1/347 644/1/347 669/1/347
f 975/1/12 965/1/12 1023/1/12 1024/1/12
f 1232/1/1 1233/1/1 1311/1/1 1310/1/1
f 1426/1/1 1427/1/1 1467/1/1 1446/1/1
f 899/1/28 900/1/28 917/1/28 918/1/28
f 1169/1/22 1133/1/22 1170/1/22
f 805/1/348 807/1/348 676/1/348 724/1/348
f 1118/1/12 1177/1/12 1176/1/12 1117/1/12
f 1172/1/12 1135/1/12 1136/1/12
f 1116/1/12 1117/1/12 1175/1/12 1174/1/12
f 632/86/42 633/88/42 631/85/42 630/84/42
f 1086/1/12 1051/1/12 1052/1/12 1085/1/12
f 1175/1/12 1117/1/12 1176/1/12
f 288/1/38 670/1/38 649/1/38 646/1/38
f 1177/1/12 1118/1/12 1119/1/12
f 1575/1/4 1576/1/4 1500/1/4 1497/1/4
f 1475/1/4 1421/1/4 1422/1/4 1474/1/4
f 990/1/12 991/1/12 1000/1/12 1001/1/12
f 759/1/349 757/1/349 558/1/349 557/1/349
f 1143/1/12 1123/1/12 1124/1/12
f 1202/1/350 1175/1/350 1176/1/350 1201/1/350
f 359/1/351 1121/1/351 1120/1/351 360/1/351
f 342/1/352 1130/1/352 1129/1/352 285/1/352
f 323/1/353 1088/1/353 1087/1/353 334/1/353
f 335/1/354 1086/1/354 1085/1/354 293/1/354
f 315/1/355 1105/1/355 1104/1/355 329/1/355
f 330/1/356 1126/1/356 1125/1/356 316/1/356
f 131/1/357 1438/1/357 1437/1/357 132/1/357
f 180/1/358 1420/1/358 1419/1/358 172/1/358
f 168/1/359 1502/1/359 1501/1/359 169/1/359
f 401/1/360 902/1/360 901/1/360 402/1/360
f 1358/1/361 1304/1/361 1305/1/361 1357/1/361
f 234/1/362 1567/1/362 1566/1/362 235/1/362
f 474/1/363 1007/1/363 1006/1/363 518/1/363
f 228/1/364 1411/1/364 1416/1/364 229/1/364
f 367/1/365 1092/1/365 1114/1/365 368/1/365
f 202/1/260 1533/1/260 1554/1/260 212/1/260
f 450/1/366 981/1/366 980/1/366 455/1/366
f 311/1/367 1063/1/367 1062/1/367 312/1/367
f 413/1/193 879/1/193 878/1/193 414/1/193
f 172/1/368 1419/1/368 1418/1/368 174/1/368
f 476/1/369 944/1/369 943/1/369 477/1/369
f 73/1/370 1393/1/370 1392/1/370 74/1/370
f 457/1/256 978/1/256 977/1/256 425/1/256
f 1222/1/371 1155/1/371 1156/1/371 1221/1/371
f 514/1/372 927/1/372 926/1/372 484/1/372
f 1192/1/373 1139/1/373 1138/1/373 1191/1/373
f 666/1/374 585/1/374 596/1/374 711/1/374
f 1190/1/375 1137/1/375 1144/1/375 1189/1/375
f 1203/1/376 1174/1/376 1175/1/376 1202/1/376
f 1204/1/377 1173/1/377 1174/1/377 1203/1/377
f 491/1/311 951/1/311 950/1/311 447/1/311
f 713/1/378 593/1/378 591/1/378 706/1/378
f 442/1/363 920/1/363 919/1/363 478/1/363
f 126/1/379 1544/1/379 1543/1/379 188/1/379
f 1209/1/380 1168/1/380 1169/1/380 1208/1/380
f 328/1/381 1109/1/381 1108/1/381 349/1/381
f 1197/1/382 1180/1/382 1143/1/382 1196/1/382
f 360/1/383 1120/1/383 1119/1/383 361/1/383
f 1213/1/384 1164/1/384 1165/1/384 1212/1/384
f 432/1/340 889/1/340 906/1/340 433/1/340
f 1207/1/385 1170/1/385 1171/1/385 1206/1/385
f 463/1/242 896/1/242 895/1/242 461/1/242
f 663/1/386 621/1/386 620/1/386 642/1/386
f 1223/1/12 1205/1/12 1224/1/12
f 1358/1/1 1339/1/1 1338/1/1 1314/1/1
f 1204/1/24 1203/1/24 1181/1/24
f 1181/1/12 1203/1/12 1202/1/12
f 1181/1/12 1202/1/12 1201/1/12
f 1193/1/28 1181/1/28 1194/1/28
f 1194/1/12 1181/1/12 1195/1/12
f 1192/1/12 1186/1/12 1193/1/12
f 1193/1/22 1186/1/22 1185/1/22
f 1193/1/28 1185/1/28 1184/1/28
f 1184/1/12 1183/1/12 1193/1/12
f 1193/1/12 1183/1/12 1182/1/12
f 1193/1/22 1182/1/22 1181/1/22
f 1201/1/12 1200/1/12 1181/1/12
f 1181/1/12 1200/1/12 1199/1/12
f 1181/1/28 1199/1/28 1198/1/28
f 1198/1/12 1197/1/12 1181/1/12
f 1181/1/12 1197/1/12 1196/1/12
f 1181/1/12 1196/1/12 1195/1/12
f 1223/1/12 1222/1/12 1205/1/12
f 1205/1/12 1222/1/12 1221/1/12
f 1205/1/12 1221/1/12 1220/1/12
f 1189/1/387 1192/1/387 1190/1/387
f 1190/1/12 1192/1/12 1191/1/12
f 1217/1/12 1216/1/12 1205/1/12
f 1205/1/28 1216/1/28 1215/1/28
f 1205/1/12 1215/1/12 1214/1/12
f 1211/1/24 1210/1/24 1205/1/24
f 1205/1/12 1210/1/12 1209/1/12
f 1209/1/12 1208/1/12 1205/1/12
f 1205/1/22 1208/1/22 1207/1/22
f 1205/1/28 1207/1/28 1206/1/28
f 1189/1/12 1188/1/12 1192/1/12
f 1192/1/32 1188/1/32 1187/1/32
f 1192/1/22 1187/1/22 1186/1/22
f 1214/1/22 1213/1/22 1205/1/22
f 1205/1/12 1213/1/12 1212/1/12
f 1205/1/12 1212/1/12 1211/1/12
f 1220/1/12 1219/1/12 1205/1/12
f 1205/1/12 1219/1/12 1218/1/12
f 1205/1/22 1218/1/22 1217/1/22
f 303/1/388 1102/1/388 1101/1/388 304/1/388
f 336/1/389 1060/1/389 1059/1/389 295/1/389
f 1326/1/390 1286/1/390 1287/1/390 1325/1/390
f 286/1/391 1128/1/391 1127/1/391 287/1/391
f 439/1/392 909/1/392 921/1/392 441/1/392
f 248/1/393 1491/1/393 1490/1/393 274/1/393
f 671/1/394 554/1/394 601/1/394 696/1/394
f 1185/1/395 1148/1/395 1149/1/395 1184/1/395
f 338/1/396 1061/1/396 1060/1/396 336/1/396
f 411/1/150 971/1/150 970/1/150 412/1/150
f 92/1/397 1363/1/397 1362/1/397 90/1/397
f 389/1/398 992/1/398 991/1/398 390/1/398
f 64/1/399 1259/1/399 1236/1/399 76/1/399
f 524/1/182 1013/1/182 1012/1/182 525/1/182
f 57/1/400 1371/1/400 1391/1/400 58/1/400
f 65/1/401 1377/1/401 1376/1/401 66/1/401
f 306/1/402 1071/1/402 1070/1/402 307/1/402
f 1223/1/403 1154/1/403 1155/1/403 1222/1/403
f 388/1/360 989/1/360 988/1/360 404/1/360
f 139/1/404 1516/1/404 1515/1/404 137/1/404
f 11/1/405 1256/1/405 1255/1/405 14/1/405
f 268/1/406 1462/1/406 1461/1/406 270/1/406
f 237/1/407 1560/1/407 1559/1/407 238/1/407
f 1444/1/42 146/1/42 161/1/42 1443/1/42
f 205/1/408 1456/1/408 1455/1/408 206/1/408
f 1332/1/409 1280/1/409 1281/1/409 1331/1/409
f 26/1/410 1252/1/410 27/1/410
f 27/1/411 1252/1/411 1253/1/411
f 26/1/412 25/1/412 1252/1/412
f 232/1/134 1424/1/134 1423/1/134 233/1/134
f 275/1/127 1489/1/127 1488/1/127 276/1/127
f 475/1/413 945/1/413 944/1/413 476/1/413
f 351/1/414 1056/1/414 1055/1/414 352/1/414
f 683/1/415 610/1/415 609/1/415 684/1/415
f 934/1/158 398/1/158 400/1/158 933/1/158
f 217/1/393 1578/1/393 1577/1/393 257/1/393
f 1318/1/416 1294/1/416 1295/1/416 1317/1/416
f 187/1/245 1481/1/245 1480/1/245 260/1/245
f 117/1/417 1497/1/417 1500/1/417 118/1/417
f 961/1/138 381/1/138 383/1/138 960/1/138
f 297/1/418 1134/1/418 1133/1/418 337/1/418
f 523/1/274 1001/1/274 1000/1/274 535/1/274
f 994/1/138 421/1/138 420/1/138 984/1/138
f 652/1/419 579/1/419 581/1/419 654/1/419
f 38/1/420 1246/1/420 1245/1/420 39/1/420
f 165/1/421 1509/1/421 1508/1/421 166/1/421
f 1278/1/1 1266/1/1 1267/1/1 1300/1/1
f 1257/1/1 1258/1/1 1285/1/1 1284/1/1
f 1258/1/1 1237/1/1 1286/1/1 1285/1/1
f 1255/1/1 1256/1/1 1283/1/1 1282/1/1
f 1261/1/1 1262/1/1 1273/1/1 1272/1/1
f 600/77/42 601/47/42 556/7/42 599/78/42
f 1121/1/12 1122/1/12 1180/1/12 1179/1/12
f 1276/1/1 1265/1/1 1277/1/1
f 1578/1/1 1579/1/1 1503/1/1 1498/1/1
f 966/1/12 967/1/12 1043/1/12 1022/1/12
f 499/1/12 501/1/12 500/1/12 498/1/12
f 1435/1/1 1436/1/1 1453/1/1 1454/1/1
f 1238/1/1 1239/1/1 1288/1/1 1287/1/1
f 1337/1/1 1315/1/1 1314/1/1 1338/1/1
f 1138/1/12 1139/1/12 1104/1/12 1105/1/12
f 1234/1/1 1235/1/1 1313/1/1 1312/1/1
f 1100/1/12 1101/1/12 1161/1/12 1160/1/12
f 1128/1/12 1129/1/12 1165/1/12 1164/1/12
f 1122/1/12 1123/1/12 1143/1/12 1180/1/12
f 1473/1/1 1474/1/1 1422/1/1 1423/1/1
f 712/1/38 705/1/38 667/1/38 711/1/38
f 439/1/12 441/1/12 440/1/12 438/1/12
f 1204/1/12 1181/1/12 1224/1/12 1205/1/12
f 1231/1/1 1232/1/1 1310/1/1 1309/1/1
f 777/1/422 780/1/422 651/1/422 653/1/422
f 1294/1/1 1245/1/1 1295/1/1
f 1249/1/1 1296/1/1 1297/1/1
f 793/1/423 795/1/423 674/1/423 672/1/423
f 813/1/424 815/1/424 697/1/424 665/1/424
f 1136/1/12 1115/1/12 1173/1/12 1172/1/12
f 1268/1/1 1300/1/1 1267/1/1
f 1461/1/1 1462/1/1 1432/1/1 1417/1/1
f 1563/1/3 1507/1/3 1508/1/3 1562/1/3
f 1543/1/1 1521/1/1 1522/1/1 1542/1/1
f 15/1/1 16/1/1 4/1/1 14/1/1
f 869/1/425 868/1/425 611/1/425 606/1/425
f 1133/1/12 1134/1/12 1171/1/12 1170/1/12
f 1305/1/1 1227/1/1 1306/1/1
f 503/1/12 551/1/12 374/1/12 369/1/12
f 1307/1/3 1228/1/3 1229/1/3
f 1510/1/1 1511/1/1 1559/1/1 1560/1/1
f 1440/1/1 1441/1/1 1449/1/1 1450/1/1
f 1102/1/12 1103/1/12 1163/1/12 1162/1/12
f 1099/1/12 1100/1/12 1160/1/12 1159/1/12
f 627/81/42 625/80/42 556/7/42 626/79/42
f 370/1/12 372/1/12 371/1/12 280/1/12
f 121/1/1 157/1/1 156/1/1 155/1/1
f 1270/1/1 1236/1/1 1259/1/1
f 183/1/426 1425/1/426 1442/1/426 127/1/426
f 147/1/230 1504/1/230 1519/1/230 148/1/230
f 668/1/427 586/1/427 585/1/427 666/1/427
f 42/1/428 1373/1/428 1372/1/428 56/1/428
f 78/1/429 1229/1/429 1228/1/429 79/1/429
f 85/1/430 1265/1/430 1264/1/430 86/1/430
f 250/1/120 1550/1/120 1549/1/120 251/1/120
f 994/1/12 984/1/12 996/1/12 995/1/12
f 711/1/431 596/1/431 595/1/431 712/1/431
f 1354/1/432 1308/1/432 1309/1/432 1353/1/432
f 96/1/433 1225/1/433 1247/1/433 97/1/433
f 47/1/434 1266/1/434 1265/1/434 85/1/434
f 251/1/406 1549/1/406 1548/1/406 253/1/406
f 5/1/435 1242/1/435 1241/1/435 6/1/435
f 472/1/277 1010/1/277 1009/1/277 470/1/277
f 478/1/312 919/1/312 918/1/312 479/1/312
f 169/1/436 1501/1/436 1511/1/436 170/1/436
f 1221/1/437 1156/1/437 1157/1/437 1220/1/437
f 124/1/236 1532/1/236 1544/1/236 126/1/236
f 39/1/438 1245/1/438 1244/1/438 51/1/438
f 37/1/439 1233/1/439 1232/1/439 48/1/439
f 1470/1/138 191/1/138 116/1/138 1469/1/138
f 213/1/440 1553/1/440 1552/1/440 203/1/440
f 957/1/138 419/1/138 399/1/138 947/1/138
f 382/1/248 964/1/248 963/1/248 384/1/248
f 536/1/441 999/1/441 998/1/441 537/1/441
f 150/1/266 1518/1/266 1517/1/266 151/1/266
f 181/1/181 1428/1/181 1427/1/181 179/1/181
f 520/1/442 1004/1/442 1003/1/442 521/1/442
f 398/1/443 934/1/443 946/1/443 396/1/443
f 130/1/444 1439/1/444 1438/1/444 131/1/444
f 386/1/129 967/1/129 966/1/129 423/1/129
f 208/1/417 1410/1/417 1413/1/417 209/1/417
f 1021/1/158 500/1/158 468/1/158 1020/1/158
f 354/1/445 1054/1/445 1053/1/445 362/1/445
f 1199/1/446 1178/1/446 1179/1/446 1198/1/446
f 260/1/447 1480/1/447 1479/1/447 261/1/447
f 55/1/448 1380/1/448 1379/1/448 40/1/448
f 211/1/316 1539/1/316 1538/1/316 199/1/316
f 291/1/449 1080/1/449 1079/1/449 301/1/449
f 1329/1/450 1283/1/450 1284/1/450 1328/1/450
f 390/1/451 991/1/451 990/1/451 391/1/451
f 1216/1/452 1161/1/452 1162/1/452 1215/1/452
f 537/1/237 998/1/237 997/1/237 538/1/237
f 188/1/408 1543/1/408 1542/1/408 189/1/408
f 305/1/453 1100/1/453 1099/1/453 324/1/453
f 1557/1/138 157/1/138 121/1/138 1556/1/138
f 996/1/158 471/1/158 422/1/158 995/1/158
f 424/1/160 965/1/160 975/1/160 409/1/160
f 1495/1/138 101/1/138 154/1/138 1494/1/138
f 75/1/454 1267/1/454 1266/1/454 47/1/454
f 1186/1/455 1147/1/455 1148/1/455 1185/1/455
f 174/1/456 1418/1/456 1417/1/456 176/1/456
f 515/1/413 1032/1/413 1031/1/413 516/1/413
f 1218/1/457 1159/1/457 1160/1/457 1217/1/457
f 538/1/284 997/1/284 1018/1/284 539/1/284
f 32/1/458 1397/1/458 1396/1/458 70/1/458
f 1315/1/459 1302/1/459 1303/1/459 1314/1/459
f 35/1/460 1370/1/460 1369/1/460 84/1/460
f 84/1/461 1369/1/461 1368/1/461 45/1/461
f 714/1/462 597/1/462 569/1/462 715/1/462
f 77/1/463 1235/1/463 1234/1/463 36/1/463
f 709/1/464 566/1/464 564/1/464 710/1/464
f 1530/1/158 104/1/158 140/1/158 1520/1/158
f 127/1/465 1442/1/465 1441/1/465 128/1/465
f 46/1/466 1367/1/466 1366/1/466 98/1/466
f 229/1/467 1416/1/467 1415/1/467 230/1/467
f 1556/1/42 121/1/42 122/1/42 1555/1/42
f 1402/1/468 15/1/468 3/1/468 1401/1/468
f 334/1/469 1087/1/469 1086/1/469 335/1/469
f 7/1/470 1240/1/470 1239/1/470 8/1/470
f 99/1/471 1365/1/471 1364/1/471 100/1/471
f 908/1/42 395/1/42 394/1/42 907/1/42
f 252/1/234 1547/1/234 1546/1/234 125/1/234
f 526/1/472 1011/1/472 1010/1/472 472/1/472
f 98/1/473 1366/1/473 1365/1/473 99/1/473
f 86/1/474 1264/1/474 1263/1/474 34/1/474
f 540/1/317 1017/1/317 1016/1/317 544/1/317
f 1316/1/475 1301/1/475 1302/1/475 1315/1/475
f 659/1/476 584/1/476 608/1/476 660/1/476
f 1352/1/477 1310/1/477 1311/1/477 1351/1/477
f 362/1/478 1053/1/478 1052/1/478 365/1/478
f 108/1/465 1529/1/465 1528/1/465 106/1/465
f 1348/1/479 1270/1/479 1271/1/479 1347/1/479
f 1249/1/480 89/1/480 28/1/480 1248/1/480
f 425/1/481 977/1/481 976/1/481 426/1/481
f 149/1/456 1505/1/456 1504/1/456 147/1/456
f 1373/1/1 1374/1/1 1396/1/1
f 1364/1/482 1365/1/482 1377/1/482
f 1377/1/1 1365/1/1 1366/1/1
f 1374/1/1 1375/1/1 1396/1/1
f 1396/1/4 1375/1/4 1376/1/4
f 1233/1/1 1234/1/1 1312/1/1 1311/1/1
f 1377/1/5 1360/1/5 1361/1/5
f 1366/1/1 1367/1/1 1377/1/1
f 1377/1/6 1367/1/6 1368/1/6
f 1377/1/9 1368/1/9 1369/1/9
f 1369/1/1 1370/1/1 1377/1/1
f 1377/1/4 1370/1/4 1392/1/4
f 1377/1/1 1392/1/1 1393/1/1
f 1405/1/138 1406/1/138 1/1/138 21/1/138
f 1372/1/9 1397/1/9 1398/1/9
f 1382/1/1 1383/1/1 1372/1/1
f 1372/1/3 1383/1/3 1384/1/3
f 1384/1/1 1385/1/1 1372/1/1
f 1372/1/1 1385/1/1 1386/1/1
f 1372/1/5 1386/1/5 1387/1/5
f 1389/1/483 1390/1/483 1391/1/483
f 1379/1/484 1380/1/484 1378/1/484
f 1378/1/485 1380/1/485 1381/1/485
f 1378/1/486 1381/1/486 1377/1/486
f 1377/1/487 1381/1/487 1359/1/487
f 1377/1/6 1359/1/6 1360/1/6
f 1361/1/1 1362/1/1 1377/1/1
f 1377/1/6 1362/1/6 1363/1/6
f 1377/1/10 1363/1/10 1364/1/10
f 1393/1/1 1394/1/1 1377/1/1
f 1377/1/7 1394/1/7 1395/1/7
f 1398/1/1 1399/1/1 1372/1/1
f 1372/1/7 1399/1/7 1400/1/7
f 1372/1/14 1400/1/14 1382/1/14
f 1387/1/1 1388/1/1 1372/1/1
f 1372/1/5 1388/1/5 1389/1/5
f 1372/1/1 1389/1/1 1371/1/1
f 1371/1/8 1389/1/8 1391/1/8
f 1019/1/138 469/1/138 470/1/138 1009/1/138
f 74/1/488 1392/1/488 1370/1/488 35/1/488
f 17/1/158 1403/1/158 19/1/158
f 19/1/158 1403/1/158 1404/1/158
f 19/1/158 1404/1/158 20/1/158
f 1184/1/489 1149/1/489 1150/1/489 1183/1/489
f 1355/1/4 1340/1/4 1339/1/4 1356/1/4
f 1/1/138 1406/1/138 2/1/138
f 231/1/436 1414/1/436 1424/1/436 232/1/436
f 1405/1/1 1404/1/1 1406/1/1
f 1406/1/1 1404/1/1 1403/1/1
f 1406/1/1 1403/1/1 1401/1/1
f 1401/1/1 1403/1/1 1402/1/1
f 452/1/490 969/1/490 968/1/490 454/1/490
f 43/1/491 1374/1/491 1373/1/491 42/1/491
f 304/1/492 1101/1/492 1100/1/492 305/1/492
f 310/1/493 1064/1/493 1063/1/493 311/1/493
f 290/1/494 1081/1/494 1080/1/494 291/1/494
f 40/1/495 1379/1/495 1378/1/495 41/1/495
f 262/1/252 1478/1/252 1477/1/252 271/1/252
f 29/1/496 1400/1/496 1399/1/496 30/1/496
f 241/1/176 1453/1/176 1452/1/176 242/1/176
f 30/1/497 1399/1/497 1398/1/497 31/1/497
f 184/1/498 1426/1/498 1425/1/498 183/1/498
f 1182/1/499 1151/1/499 1152/1/499 1181/1/499
f 287/1/500 1127/1/500 1103/1/500 289/1/500
f 222/1/244 1448/1/244 1447/1/244 223/1/244
f 1341/1/501 1277/1/501 1278/1/501 1340/1/501
f 1314/1/502 1303/1/502 1304/1/502 1358/1/502
f 670/1/503 573/1/503 575/1/503 647/1/503
f 1333/1/504 1279/1/504 1280/1/504 1332/1/504
f 278/1/505 1077/1/505 1076/1/505 279/1/505
f 61/1/506 1388/1/506 1387/1/506 81/1/506
f 70/1/507 1396/1/507 1395/1/507 71/1/507
f 1532/1/138 124/1/138 105/1/138 1531/1/138
f 331/1/508 1135/1/508 1134/1/508 297/1/508
f 1401/1/42 3/1/42 2/1/42 1406/1/42
f 80/1/509 1227/1/509 1226/1/509 95/1/509
f 171/1/510 1430/1/510 1429/1/510 182/1/510
f 1353/1/511 1309/1/511 1310/1/511 1352/1/511
f 45/1/512 1368/1/512 1367/1/512 46/1/512
f 1410/1/158 208/1/158 196/1/158 1409/1/158
f 179/1/513 1427/1/513 1426/1/513 184/1/513
f 543/1/514 1022/1/514 1043/1/514 532/1/514
f 246/1/515 1474/1/515 1473/1/515 263/1/515
f 352/1/516 1055/1/516 1054/1/516 354/1/516
f 1403/1/38 17/1/38 15/1/38 1402/1/38
f 31/1/517 1398/1/517 1397/1/517 32/1/517
f 535/1/518 1000/1/518 999/1/518 536/1/518
f 230/1/359 1415/1/359 1414/1/359 231/1/359
f 119/1/173 1499/1/173 1498/1/173 120/1/173
f 1334/1/519 1269/1/519 1279/1/519 1333/1/519
f 270/1/338 1461/1/338 1460/1/338 269/1/338
f 67/1/520 1384/1/520 1383/1/520 68/1/520
f 60/1/521 1389/1/521 1388/1/521 61/1/521
f 1496/1/38 102/1/38 101/1/38 1495/1/38
f 356/1/522 1096/1/522 1095/1/522 357/1/522
f 312/1/523 1062/1/523 1082/1/523 292/1/523
f 95/1/524 1226/1/524 1225/1/524 96/1/524
f 177/1/421 1422/1/421 1421/1/421 178/1/421
f 221/1/525 1451/1/525 1450/1/525 220/1/525
f 343/1/526 1068/1/526 1067/1/526 344/1/526
f 707/1/527 590/1/527 615/1/527 704/1/527
f 191/1/528 1470/1/528 1482/1/528 186/1/528
f 307/1/529 1070/1/529 1069/1/529 308/1/529
f 142/1/379 1457/1/379 1456/1/379 205/1/379
f 8/1/530 1239/1/530 1238/1/530 9/1/530
f 282/1/531 1073/1/531 1091/1/531 320/1/531
f 324/1/532 1099/1/532 1098/1/532 325/1/532
f 492/1/518 913/1/518 912/1/518 493/1/518
f 1325/1/533 1287/1/533 1288/1/533 1324/1/533
f 322/1/534 1089/1/534 1088/1/534 323/1/534
f 318/1/535 1123/1/535 1122/1/535 319/1/535
f 377/1/536 874/1/536 877/1/536 378/1/536
f 6/1/537 1241/1/537 1240/1/537 7/1/537
f 958/1/42 503/1/42 502/1/42 1044/1/42
f 279/1/538 1076/1/538 1075/1/538 284/1/538
f 508/1/197 1037/1/197 1036/1/197 507/1/197
f 206/1/539 1455/1/539 1454/1/539 207/1/539
f 693/1/540 598/1/540 597/1/540 714/1/540
f 461/1/124 895/1/124 894/1/124 460/1/124
f 151/1/510 1517/1/510 1516/1/510 139/1/510
f 52/1/541 1243/1/541 1242/1/541 5/1/541
f 547/1/196 1041/1/196 1040/1/196 548/1/196
f 1347/1/542 1271/1/542 1272/1/542 1346/1/542
f 1497/1/158 117/1/158 102/1/158 1496/1/158
f 159/1/323 1569/1/323 1568/1/323 160/1/323
f 266/1/543 1486/1/543 1485/1/543 265/1/543
f 695/1/544 600/1/544 598/1/544 693/1/544
f 1224/1/545 1153/1/545 1154/1/545 1223/1/545
f 271/1/546 1477/1/546 1476/1/546 272/1/546
f 295/1/547 1059/1/547 1058/1/547 296/1/547
f 1351/1/548 1311/1/548 1312/1/548 1350/1/548
f 62/1/549 1261/1/549 1260/1/549 63/1/549
f 66/1/550 1376/1/550 1375/1/550 44/1/550
f 718/1/551 624/1/551 628/1/551 720/1/551
f 396/1/552 946/1/552 945/1/552 475/1/552
f 511/1/514 935/1/514 956/1/514 489/1/514
f 712/1/553 595/1/553 593/1/553 713/1/553
f 471/1/554 996/1/554 1008/1/554 473/1/554
f 1409/1/1 1408/1/1 1410/1/1
f 1410/1/1 1408/1/1 1407/1/1
f 1469/1/1 1468/1/1 1458/1/1
f 1459/1/1 1460/1/1 1417/1/1
f 1417/1/1 1460/1/1 1461/1/1
f 1548/1/1 1549/1/1 1519/1/1 1504/1/1
f 1435/1/1 1454/1/1 1455/1/1
f 723/1/38 725/1/38 724/1/38 676/1/38
f 1504/1/1 1505/1/1 1565/1/1 1566/1/1
f 1505/1/4 1506/1/4 1564/1/4 1565/1/4
f 1377/1/14 1395/1/14 1396/1/14 1376/1/14
f 1493/1/1 1483/1/1 1407/1/1
f 1407/1/1 1483/1/1 1484/1/1
f 1407/1/1 1484/1/1 1410/1/1
f 1410/1/1 1484/1/1 1485/1/1
f 1410/1/1 1485/1/1 1486/1/1
f 1486/1/1 1487/1/1 1410/1/1
f 1410/1/1 1487/1/1 1488/1/1
f 964/1/12 961/1/12 1039/1/12 1040/1/12
f 1242/1/1 1243/1/1 1292/1/1 1291/1/1
f 1577/1/1 1578/1/1 1498/1/1 1499/1/1
f 967/1/12 962/1/12 1042/1/12 1043/1/12
f 1248/1/4 1253/1/4 1279/1/4 1269/1/4
f 1560/1/1 1561/1/1 1509/1/1 1510/1/1
f 1479/1/5 1480/1/5 1417/1/5
f 1417/1/1 1480/1/1 1481/1/1
f 1417/1/1 1481/1/1 1482/1/1
f 296/1/28 332/1/28 331/1/28 297/1/28
f 1511/1/1 1501/1/1 1558/1/1 1559/1/1
f 1471/1/1 1414/1/1 1415/1/1
f 1458/1/1 1459/1/1 1469/1/1
f 1469/1/1 1459/1/1 1417/1/1
f 1469/1/1 1417/1/1 1470/1/1
f 1470/1/1 1417/1/1 1482/1/1
f 907/1/12 897/1/12 909/1/12 908/1/12
f 1520/1/1 1521/1/1 1544/1/1 1532/1/1
f 1457/1/1 1434/1/1 1456/1/1
f 1522/1/1 1523/1/1 1540/1/1 1541/1/1
f 928/1/12 929/1/12 894/1/12 895/1/12
f 625/80/42 628/82/42 624/76/42 623/75/42
f 1525/1/3 1526/1/3 1537/1/3 1538/1/3
f 1562/1/1 1508/1/1 1509/1/1 1561/1/1
f 1097/1/12 1098/1/12 1158/1/12 1157/1/12
f 1450/1/3 1439/1/3 1440/1/3
f 1527/1/1 1528/1/1 1536/1/1 1537/1/1
f 1111/1/12 1112/1/12 1148/1/12 1147/1/12
f 1132/1/12 1133/1/12 1169/1/12 1168/1/12
f 1130/1/12 1131/1/12 1167/1/12 1166/1/12
f 1513/1/1 1514/1/1 1554/1/1 1533/1/1
f 1417/1/1 1418/1/1 1478/1/1 1479/1/1
f 764/1/555 766/1/555 687/1/555 686/1/555
f 1432/1/3 1462/1/3 1463/1/3
f 1550/1/4 1551/1/4 1518/1/4 1519/1/4
f 900/1/12 901/1/12 916/1/12 917/1/12
f 1430/1/1 1465/1/1 1429/1/1
f 1214/1/556 1163/1/556 1164/1/556 1213/1/556
f 1046/1/557 373/1/557 371/1/557 1045/1/557
f 134/1/135 1435/1/135 1434/1/135 163/1/135
f 263/1/407 1473/1/407 1472/1/407 264/1/407
f 1319/1/558 1293/1/558 1294/1/558 1318/1/558
f 521/1/273 1003/1/273 1002/1/273 522/1/273
f 136/1/559 1507/1/559 1506/1/559 138/1/559
f 340/1/560 1083/1/560 1061/1/560 338/1/560
f 1191/1/561 1138/1/561 1137/1/561 1190/1/561
f 299/1/562 1051/1/562 1072/1/562 300/1/562
f 504/1/170 1027/1/170 1026/1/170 505/1/170
f 664/1/563 631/1/563 633/1/563 677/1/563
f 358/1/564 1094/1/564 1093/1/564 366/1/564
f 133/1/565 1436/1/565 1435/1/565 134/1/565
f 288/1/566 313/1/566 573/1/566 670/1/566
f 874/1/138 377/1/138 376/1/138 873/1/138
f 407/1/567 986/1/567 985/1/567 408/1/567
f 120/1/364 1498/1/364 1503/1/364 167/1/364
f 292/1/568 1082/1/568 1081/1/568 290/1/568
f 460/1/366 894/1/366 893/1/366 465/1/366
f 1469/1/42 116/1/42 115/1/42 1468/1/42
f 135/1/513 1514/1/513 1513/1/513 152/1/513
f 675/1/569 626/1/569 555/1/569 673/1/569
f 302/1/570 1078/1/570 1077/1/570 278/1/570
f 530/1/200 1025/1/200 1024/1/200 531/1/200
f 1494/1/42 154/1/42 155/1/42 1580/1/42
f 1049/1/42 370/1/42 369/1/42 1048/1/42
f 152/1/498 1513/1/498 1512/1/498 153/1/498
f 167/1/467 1503/1/467 1502/1/467 168/1/467
f 235/1/269 1566/1/269 1565/1/269 236/1/269
f 1335/1/571 1296/1/571 1269/1/571 1334/1/571
f 326/1/572 1097/1/572 1096/1/572 356/1/572
f 692/1/573 562/1/573 561/1/573 690/1/573
f 72/1/574 1394/1/574 1393/1/574 73/1/574
f 190/1/575 1541/1/575 1540/1/575 210/1/575
f 56/1/576 1372/1/576 1371/1/576 57/1/576
f 1493/1/158 193/1/158 192/1/158 1483/1/158
f 118/1/577 1500/1/577 1499/1/577 119/1/577
f 444/1/201 939/1/201 938/1/201 487/1/201
f 41/1/578 1378/1/578 1377/1/578 65/1/578
f 1193/1/579 1140/1/579 1139/1/579 1192/1/579
f 110/1/357 1525/1/357 1524/1/357 111/1/357
f 364/1/580 1117/1/580 1116/1/580 355/1/580
f 209/1/577 1413/1/577 1412/1/577 227/1/577
f 512/1/203 929/1/203 928/1/203 513/1/203
f 185/1/581 1484/1/581 1483/1/581 192/1/581
f 197/1/255 1536/1/255 1535/1/255 200/1/255
f 257/1/326 1577/1/326 1576/1/326 258/1/326
f 153/1/426 1512/1/426 1529/1/426 108/1/426
f 244/1/440 1466/1/440 1465/1/440 225/1/440
f 347/1/582 1112/1/582 1111/1/582 348/1/582
f 68/1/583 1383/1/583 1382/1/583 69/1/583
f 363/1/584 1118/1/584 1117/1/584 364/1/584
f 182/1/404 1429/1/404 1428/1/404 181/1/404
f 36/1/585 1234/1/585 1233/1/585 37/1/585
f 392/1/586 905/1/586 904/1/586 379/1/586
f 1220/1/587 1157/1/587 1158/1/587 1219/1/587
f 125/1/263 1546/1/263 1545/1/263 123/1/263
f 500/1/443 1021/1/443 1033/1/443 498/1/443
f 106/1/153 1528/1/153 1527/1/153 107/1/153
f 506/1/216 1023/1/216 1022/1/216 543/1/216
f 44/1/588 1375/1/588 1374/1/588 43/1/588
f 148/1/247 1519/1/247 1518/1/247 150/1/247
f 1357/1/589 1305/1/589 1306/1/589 1356/1/589
f 1187/1/590 1146/1/590 1147/1/590 1186/1/590
f 199/1/525 1538/1/525 1537/1/525 198/1/525
f 346/1/591 1113/1/591 1112/1/591 347/1/591
f 215/1/515 1561/1/515 1560/1/515 237/1/515
f 198/1/280 1537/1/280 1536/1/280 197/1/280
f 225/1/314 1465/1/314 1464/1/314 226/1/314
f 529/1/132 952/1/132 951/1/132 491/1/132
f 480/1/442 917/1/442 916/1/442 481/1/442
f 690/1/592 561/1/592 602/1/592 688/1/592
f 226/1/593 1464/1/593 1463/1/593 267/1/593
f 189/1/594 1542/1/594 1541/1/594 190/1/594
f 1208/1/595 1169/1/595 1170/1/595 1207/1/595
f 348/1/596 1111/1/596 1110/1/596 327/1/596
f 545/1/292 1015/1/292 1014/1/292 546/1/292
f 201/1/171 1534/1/171 1533/1/171 202/1/171
f 1188/1/597 1145/1/597 1146/1/597 1187/1/597
f 90/1/598 1362/1/598 1361/1/598 88/1/598
f 276/1/149 1488/1/149 1487/1/149 249/1/149
f 24/1/599 1254/1/599 1252/1/599 25/1/599
f 1580/1/158 155/1/158 156/1/158 1570/1/158
f 240/1/600 1573/1/600 1572/1/600 239/1/600
f 710/1/601 564/1/601 562/1/601 692/1/601
f 465/1/281 893/1/281 892/1/281 466/1/281
f 1496/1/1 1495/1/1 1497/1/1
f 1497/1/1 1495/1/1 1494/1/1
f 1556/1/1 1555/1/1 1545/1/1
f 1546/1/4 1547/1/4 1504/1/4
f 1504/1/1 1547/1/1 1548/1/1
f 664/1/38 677/1/38 676/1/38 665/1/38
f 1522/1/1 1541/1/1 1542/1/1
f 1456/1/1 1434/1/1 1435/1/1 1455/1/1
f 1007/1/12 985/1/12 986/1/12 1006/1/12
f 886/1/12 887/1/12 938/1/12 939/1/12
f 1420/1/4 1476/1/4 1477/1/4 1419/1/4
f 1580/1/1 1570/1/1 1494/1/1
f 1494/1/1 1570/1/1 1571/1/1
f 1494/1/1 1571/1/1 1497/1/1
f 1497/1/1 1571/1/1 1572/1/1
f 1497/1/1 1572/1/1 1573/1/1
f 1573/1/1 1574/1/1 1497/1/1
f 1497/1/1 1574/1/1 1575/1/1
f 1488/1/1 1489/1/1 1413/1/1 1410/1/1
f 1489/1/1 1490/1/1 1412/1/1 1413/1/1
f 740/1/602 742/1/602 640/1/602 645/1/602
f 1491/1/4 1492/1/4 1416/1/4 1411/1/4
f 1492/1/3 1471/1/3 1415/1/3 1416/1/3
f 929/1/12 930/1/12 893/1/12 894/1/12
f 1566/1/1 1567/1/1 1504/1/1
f 1504/1/3 1567/1/3 1568/1/3
f 1504/1/1 1568/1/1 1569/1/1
f 1423/1/1 1424/1/1 1472/1/1 1473/1/1
f 46/1/3 98/1/3 75/1/3 47/1/3
f 1558/1/1 1501/1/1 1502/1/1
f 1545/1/4 1546/1/4 1556/1/4
f 1556/1/1 1546/1/1 1504/1/1
f 1556/1/1 1504/1/1 1557/1/1
f 1557/1/1 1504/1/1 1569/1/1
f 1225/1/1 1226/1/1 1304/1/1 1303/1/1
f 1119/1/12 1120/1/12 1178/1/12 1177/1/12
f 1544/1/1 1521/1/1 1543/1/1
f 1264/1/1 1265/1/1 1276/1/1 1275/1/1
f 1436/1/1 1437/1/1 1452/1/1 1453/1/1
f 1437/1/1 1438/1/1 1451/1/1 1452/1/1
f 902/1/12 903/1/12 914/1/12 915/1/12
f 748/1/603 750/1/603 658/1/603 641/1/603
f 1476/1/3 1420/1/3 1421/1/3 1475/1/3
f 1537/1/1 1526/1/1 1527/1/1
f 1096/1/12 1097/1/12 1157/1/12 1156/1/12
f 1441/1/1 1442/1/1 1448/1/1 1449/1/1
f 1442/1/1 1425/1/1 1447/1/1 1448/1/1
f 1425/1/1 1426/1/1 1446/1/1 1447/1/1
f 1551/1/1 1552/1/1 1517/1/1 1518/1/1
f 1427/1/1 1428/1/1 1466/1/1 1467/1/1
f 1429/1/1 1465/1/1 1466/1/1 1428/1/1
f 1519/1/3 1549/1/3 1550/1/3
f 751/1/604 749/1/604 560/1/604 559/1/604
f 1464/1/1 1465/1/1 1430/1/1 1431/1/1
f 1517/1/1 1552/1/1 1516/1/1
f 1323/1/1 1322/1/1 1333/1/1
f 1101/1/12 1102/1/12 1162/1/12 1161/1/12
f 887/1/12 888/1/12 937/1/12 938/1/12
f 1339/1/1 1358/1/1 1357/1/1
f 1336/1/1 1335/1/1 1322/1/1
f 1322/1/1 1335/1/1 1334/1/1
f 1322/1/3 1334/1/3 1333/1/3
f 1336/1/1 1322/1/1 1337/1/1
f 1337/1/4 1322/1/4 1321/1/4
f 1337/1/1 1321/1/1 1320/1/1
f 1317/1/1 1316/1/1 1337/1/1
f 1337/1/1 1316/1/1 1315/1/1
f 1320/1/1 1319/1/1 1337/1/1
f 1337/1/3 1319/1/3 1318/1/3
f 1337/1/14 1318/1/14 1317/1/14
f 1357/1/1 1356/1/1 1339/1/1
f 1115/1/12 1116/1/12 1174/1/12 1173/1/12
f 1340/1/1 1355/1/1 1341/1/1
f 1333/1/1 1332/1/1 1323/1/1
f 1323/1/5 1332/1/5 1331/1/5
f 1323/1/1 1331/1/1 1324/1/1
f 1324/1/4 1331/1/4 1330/1/4
f 1324/1/4 1330/1/4 1329/1/4
f 1329/1/1 1328/1/1 1324/1/1
f 1324/1/605 1328/1/605 1327/1/605
f 1324/1/487 1327/1/487 1325/1/487
f 1325/1/1 1327/1/1 1326/1/1
f 1344/1/1 1343/1/1 1355/1/1
f 1355/1/5 1343/1/5 1342/1/5
f 1355/1/1 1342/1/1 1341/1/1
f 1354/1/1 1346/1/1 1355/1/1
f 1355/1/4 1346/1/4 1345/1/4
f 1355/1/3 1345/1/3 1344/1/3
f 1354/1/1 1353/1/1 1346/1/1
f 1346/1/4 1353/1/4 1352/1/4
f 1346/1/3 1352/1/3 1351/1/3
f 1351/1/1 1350/1/1 1346/1/1
f 1346/1/1 1350/1/1 1349/1/1
f 1346/1/1 1349/1/1 1347/1/1
f 1347/1/1 1349/1/1 1348/1/1
f 861/1/606 863/1/606 669/1/606 667/1/606
f 653/1/607 784/1/607 777/1/607
f 857/1/608 859/1/608 667/1/608 705/1/608
f 651/1/609 780/1/609 727/1/609
f 775/1/610 773/1/610 563/1/610 565/1/610
f 649/1/611 730/1/611 732/1/611
f 849/1/612 851/1/612 703/1/612 701/1/612
f 646/1/613 734/1/613 736/1/613
f 845/1/614 847/1/614 701/1/614 700/1/614
f 645/1/615 738/1/615 740/1/615
f 841/1/616 843/1/616 700/1/616 679/1/616
f 640/1/617 742/1/617 744/1/617
f 837/1/618 839/1/618 679/1/618 680/1/618
f 641/1/619 746/1/619 748/1/619
f 755/1/620 753/1/620 559/1/620 558/1/620
f 658/1/621 750/1/621 752/1/621
f 834/1/622 832/1/622 603/1/622 618/1/622
f 657/1/623 754/1/623 756/1/623
f 927/1/22 928/1/22 895/1/22 896/1/22
f 656/1/624 758/1/624 760/1/624
f 1433/1/1 1434/1/1 1457/1/1 1445/1/1
f 686/1/625 762/1/625 764/1/625
f 739/1/626 737/1/626 572/1/626 571/1/626
f 687/1/627 766/1/627 768/1/627
f 735/1/628 733/1/628 574/1/628 572/1/628
f 689/1/629 770/1/629 772/1/629
f 809/1/630 811/1/630 665/1/630 676/1/630
f 691/1/631 774/1/631 776/1/631
f 728/1/632 779/1/632 580/1/632 576/1/632
f 708/1/633 785/1/633 787/1/633
f 85/1/4 86/1/4 35/1/4 84/1/4
f 694/1/634 789/1/634 791/1/634
f 691/1/38 692/1/38 690/1/38 689/1/38
f 1396/1/3 1397/1/3 1372/1/3 1373/1/3
f 674/1/635 795/1/635 797/1/635
f 791/1/636 793/1/636 672/1/636 694/1/636
f 719/1/637 799/1/637 801/1/637
f 787/1/638 789/1/638 694/1/638 708/1/638
f 724/1/639 803/1/639 805/1/639
f 776/1/640 785/1/640 708/1/640 691/1/640
f 676/1/641 807/1/641 809/1/641
f 731/1/642 729/1/642 576/1/642 574/1/642
f 665/1/643 811/1/643 813/1/643
f 768/1/644 770/1/644 689/1/644 687/1/644
f 697/1/645 815/1/645 817/1/645
f 1266/1/1 1278/1/1 1277/1/1 1265/1/1
f 698/1/646 819/1/646 821/1/646
f 842/1/647 840/1/647 617/1/647 616/1/647
f 699/1/648 823/1/648 825/1/648
f 756/1/649 758/1/649 656/1/649 657/1/649
f 682/1/650 827/1/650 829/1/650
f 143/1/1 145/1/1 144/1/1 142/1/1
f 681/1/651 831/1/651 833/1/651
f 1105/1/12 1106/1/12 1137/1/12 1138/1/12
f 680/1/652 835/1/652 837/1/652
f 715/1/38 708/1/38 694/1/38 714/1/38
f 679/1/653 839/1/653 841/1/653
f 763/1/654 761/1/654 557/1/654 553/1/654
f 700/1/655 843/1/655 845/1/655
f 395/1/12 439/1/12 438/1/12 437/1/12
f 701/1/656 847/1/656 849/1/656
f 969/1/12 970/1/12 1028/1/12 1029/1/12
f 703/1/657 851/1/657 853/1/657
f 727/1/658 730/1/658 649/1/658 651/1/658
f 705/1/659 855/1/659 857/1/659
f 806/1/660 804/1/660 623/1/660 634/1/660
f 667/1/661 859/1/661 861/1/661
f 802/1/662 800/1/662 625/1/662 623/1/662
f 669/1/663 863/1/663 865/1/663
f 867/1/664 870/1/664 661/1/664 644/1/664
f 796/1/665 794/1/665 599/1/665 556/1/665
f 661/1/666 870/1/666 781/1/666
f 1235/1/1 1236/1/1 1270/1/1 1313/1/1
f 567/1/667 790/1/667 788/1/667
f 1110/1/12 1111/1/12 1147/1/12 1146/1/12
f 565/1/668 786/1/668 775/1/668
f 810/1/669 808/1/669 634/1/669 632/1/669
f 563/1/670 773/1/670 771/1/670
f 814/1/671 812/1/671 632/1/671 630/1/671
f 552/1/672 769/1/672 767/1/672
f 818/1/673 816/1/673 630/1/673 629/1/673
f 553/1/674 765/1/674 763/1/674
f 822/1/675 820/1/675 629/1/675 605/1/675
f 557/1/676 761/1/676 759/1/676
f 826/1/677 824/1/677 605/1/677 604/1/677
f 558/1/678 757/1/678 755/1/678
f 830/1/679 828/1/679 604/1/679 603/1/679
f 559/1/680 753/1/680 751/1/680
f 752/1/681 754/1/681 657/1/681 658/1/681
f 560/1/682 749/1/682 747/1/682
f 825/1/683 827/1/683 682/1/683 699/1/683
f 570/1/684 745/1/684 743/1/684
f 760/1/685 762/1/685 686/1/685 656/1/685
f 571/1/686 741/1/686 739/1/686
f 846/1/687 844/1/687 616/1/687 612/1/687
f 572/1/688 737/1/688 735/1/688
f 850/1/689 848/1/689 612/1/689 613/1/689
f 574/1/690 733/1/690 731/1/690
f 854/1/691 852/1/691 613/1/691 592/1/691
f 576/1/692 729/1/692 728/1/692
f 858/1/693 856/1/693 592/1/693 594/1/693
f 580/1/694 779/1/694 778/1/694
f 801/1/695 803/1/695 724/1/695 719/1/695
f 583/1/696 783/1/696 782/1/696
f 866/1/697 864/1/697 587/1/697 589/1/697
f 868/1/698 866/1/698 589/1/698 611/1/698
f 620/72/42 606/71/42 611/70/42 619/69/42
f 797/1/699 799/1/699 719/1/699 674/1/699
f 587/1/700 864/1/700 862/1/700
f 778/1/701 783/1/701 583/1/701 580/1/701
f 594/1/702 860/1/702 858/1/702
f 897/1/12 898/1/12 921/1/12 909/1/12
f 592/1/703 856/1/703 854/1/703
f 1226/1/1 1227/1/1 1305/1/1 1304/1/1
f 613/1/704 852/1/704 850/1/704
f 772/1/705 774/1/705 691/1/705 689/1/705
f 612/1/706 848/1/706 846/1/706
f 817/1/707 819/1/707 698/1/707 697/1/707
f 616/1/708 844/1/708 842/1/708
f 743/1/709 741/1/709 571/1/709 570/1/709
f 617/1/710 840/1/710 838/1/710
f 747/1/711 745/1/711 570/1/711 560/1/711
f 618/1/712 836/1/712 834/1/712
f 829/1/713 831/1/713 681/1/713 682/1/713
f 603/1/714 832/1/714 830/1/714
f 833/1/715 835/1/715 680/1/715 681/1/715
f 604/1/716 828/1/716 826/1/716
f 744/1/717 746/1/717 641/1/717 640/1/717
f 605/1/718 824/1/718 822/1/718
f 1092/1/12 1093/1/12 1153/1/12 1152/1/12
f 629/1/719 820/1/719 818/1/719
f 736/1/720 738/1/720 645/1/720 646/1/720
f 630/1/721 816/1/721 814/1/721
f 732/1/722 734/1/722 646/1/722 649/1/722
f 632/1/723 812/1/723 810/1/723
f 1243/1/1 1244/1/1 1293/1/1 1292/1/1
f 634/1/724 808/1/724 806/1/724
f 788/1/725 786/1/725 565/1/725 567/1/725
f 623/1/726 804/1/726 802/1/726
f 792/1/727 790/1/727 567/1/727 599/1/727
f 625/1/728 800/1/728 798/1/728
f 1512/1/1 1513/1/1 1533/1/1 1534/1/1
f 798/1/729 796/1/729 556/1/729 625/1/729
f 599/1/730 794/1/730 792/1/730
f 393/1/731 550/1/731 688/1/731
f 602/1/731 375/1/731 393/1/731
f 393/1/731 688/1/731 602/1/731
f 546/1/372 1014/1/372 1013/1/372 524/1/372
f 1194/1/732 1141/1/732 1140/1/732 1193/1/732
f 409/1/137 975/1/137 974/1/137 410/1/137
f 216/1/733 1579/1/733 1578/1/733 217/1/733
f 158/1/581 1571/1/581 1570/1/581 156/1/581
f 1531/1/42 105/1/42 104/1/42 1530/1/42
f 516/1/734 1031/1/734 1030/1/734 517/1/734
f 157/1/735 1557/1/735 1569/1/735 159/1/735
f 716/1/736 568/1/736 566/1/736 709/1/736
f 715/1/737 569/1/737 568/1/737 716/1/737
f 294/1/738 1084/1/738 1083/1/738 340/1/738
f 643/1/739 619/1/739 610/1/739 683/1/739
f 642/1/740 620/1/740 619/1/740 643/1/740
f 381/1/536 961/1/536 964/1/536 382/1/536
f 361/1/741 1119/1/741 1118/1/741 363/1/741
f 272/1/742 1476/1/742 1475/1/742 245/1/742
f 696/1/743 601/1/743 600/1/743 695/1/743
f 254/1/546 1564/1/546 1563/1/546 255/1/546
f 109/1/444 1526/1/444 1525/1/444 110/1/444
f 380/1/278 903/1/278 902/1/278 401/1/278
f 239/1/744 1572/1/744 1571/1/744 158/1/744
f 1331/1/745 1281/1/745 1282/1/745 1330/1/745
f 285/1/746 1129/1/746 1128/1/746 286/1/746
f 256/1/190 1558/1/190 1579/1/190 216/1/190
f 247/1/733 1492/1/733 1491/1/733 248/1/733
f 22/1/747 4/1/747 631/1/747 664/1/747
f 677/1/748 633/1/748 636/1/748 678/1/748
f 112/1/565 1523/1/565 1522/1/565 113/1/565
f 255/1/742 1563/1/742 1562/1/742 214/1/742
f 717/1/749 622/1/749 624/1/749 718/1/749
f 264/1/286 1472/1/286 1471/1/286 273/1/286
f 723/1/750 639/1/750 638/1/750 725/1/750
f 1555/1/158 122/1/158 123/1/158 1545/1/158
f 519/1/167 1005/1/167 1004/1/167 520/1/167
f 493/1/441 912/1/441 911/1/441 494/1/441
f 446/1/146 949/1/146 948/1/146 397/1/146
f 111/1/322 1524/1/322 1523/1/322 112/1/322
f 498/1/552 1033/1/552 1032/1/552 515/1/552
f 103/1/751 141/1/751 702/1/751
f 614/1/751 277/1/751 103/1/751
f 103/1/751 702/1/751 614/1/751
f 265/1/744 1485/1/744 1484/1/744 185/1/744
f 207/1/575 1454/1/575 1453/1/575 241/1/575
f 431/1/481 890/1/481 889/1/481 432/1/481
f 204/1/593 1551/1/593 1550/1/593 250/1/593
f 49/1/752 1231/1/752 1230/1/752 50/1/752
f 1407/1/42 194/1/42 193/1/42 1493/1/42
f 1181/1/753 1152/1/753 1153/1/753 1224/1/753
f 93/1/754 1251/1/754 1268/1/754 94/1/754
f 873/1/38 376/1/38 387/1/38 872/1/38
f 1217/1/755 1160/1/755 1161/1/755 1216/1/755
f 1317/1/756 1295/1/756 1301/1/756 1316/1/756
f 509/1/270 942/1/270 941/1/270 510/1/270
f 655/1/757 582/1/757 584/1/757 659/1/757
